city,timestamp,temperature,humidity,wind_speed
Islamabad,2026-08-01 11:00:00+00:00,31.2,63,1.27
Islamabad,2026-08-01 12:00:00+00:00,31.5,62,2.12
Islamabad,2026-08-01 13:00:00+00:00,30.4,69,1.52
Islamabad,2026-08-01 14:00:00+00:00,29.1,77,0.95
Islamabad,2026-08-01 15:00:00+00:00,28.3,80,0.89
Islamabad,2026-08-01 16:00:00+00:00,28.0,80,1.17
Islamabad,2026-08-01 17:00:00+00:00,27.6,80,1.17
Islamabad,2026-08-01 18:00:00+00:00,27.7,84,0.95
Islamabad,2026-08-01 19:00:00+00:00,27.1,87,0.97
Islamabad,2026-08-01 20:00:00+00:00,26.8,88,1.52
Islamabad,2026-08-01 21:00:00+00:00,26.5,87,1.94
Islamabad,2026-08-01 22:00:00+00:00,26.3,85,2.1
Islamabad,2026-08-01 23:00:00+00:00,24.4,92,3.94
Islamabad,2026-08-02 00:00:00+00:00,25.3,90,2.01
Islamabad,2026-08-02 01:00:00+00:00,25.5,89,1.9
Islamabad,2026-08-02 02:00:00+00:00,26.3,87,1.25
Islamabad,2026-08-02 03:00:00+00:00,27.7,80,1.36
Islamabad,2026-08-02 04:00:00+00:00,29.2,71,1.72
Islamabad,2026-08-02 05:00:00+00:00,30.4,67,1.41
Islamabad,2026-08-02 06:00:00+00:00,31.1,66,1.49
Islamabad,2026-08-02 07:00:00+00:00,31.5,66,1.56
Islamabad,2026-08-02 08:00:00+00:00,32.1,64,1.29
Islamabad,2026-08-02 09:00:00+00:00,32.4,63,1.35
Islamabad,2026-08-02 10:00:00+00:00,32.7,61,1.32
Islamabad,2026-08-02 11:00:00+00:00,32.5,61,1.26
Islamabad,2026-08-02 12:00:00+00:00,32.9,54,1.61
Islamabad,2026-08-02 13:00:00+00:00,31.3,67,1.59
Islamabad,2026-08-02 14:00:00+00:00,29.5,78,1.64
Islamabad,2026-08-02 15:00:00+00:00,28.3,86,0.81
Islamabad,2026-08-02 16:00:00+00:00,27.9,88,0.67
Islamabad,2026-08-02 17:00:00+00:00,27.7,88,1.79
Islamabad,2026-08-02 18:00:00+00:00,27.8,86,1.83
Islamabad,2026-08-02 19:00:00+00:00,27.3,87,1.77
Islamabad,2026-08-02 20:00:00+00:00,27.0,88,1.49
Islamabad,2026-08-02 21:00:00+00:00,26.7,87,1.42
Islamabad,2026-08-02 22:00:00+00:00,26.5,87,0.97
Islamabad,2026-08-02 23:00:00+00:00,26.5,86,0.52
Islamabad,2026-08-03 00:00:00+00:00,26.3,95,0.2
Islamabad,2026-08-03 01:00:00+00:00,26.5,95,1.39
Islamabad,2026-08-03 02:00:00+00:00,27.2,91,1.06
Islamabad,2026-08-03 03:00:00+00:00,28.4,84,0.96
Islamabad,2026-08-03 04:00:00+00:00,28.7,83,1.7
Islamabad,2026-08-03 05:00:00+00:00,29.6,79,1.99
Islamabad,2026-08-03 06:00:00+00:00,30.5,73,1.71
Islamabad,2026-08-03 07:00:00+00:00,30.7,72,1.79
Islamabad,2026-08-03 08:00:00+00:00,26.9,90,3.11
Islamabad,2026-08-03 09:00:00+00:00,27.2,88,1.52
Islamabad,2026-08-03 10:00:00+00:00,29.5,77,1.54
Islamabad,2026-08-03 11:00:00+00:00,30.1,74,2.01
Islamabad,2026-08-03 12:00:00+00:00,27.9,86,1.66
Islamabad,2026-08-03 13:00:00+00:00,28.0,85,1.41
Islamabad,2026-08-03 14:00:00+00:00,27.7,87,1.14
Islamabad,2026-08-03 15:00:00+00:00,27.2,90,0.74
Islamabad,2026-08-03 16:00:00+00:00,26.8,93,1.13
Islamabad,2026-08-03 17:00:00+00:00,26.2,95,0.93
Islamabad,2026-08-03 18:00:00+00:00,26.3,92,1.3
Islamabad,2026-08-03 19:00:00+00:00,25.7,95,0.93
Islamabad,2026-08-03 20:00:00+00:00,25.6,95,1.33
Islamabad,2026-08-03 21:00:00+00:00,25.4,96,1.02
Islamabad,2026-08-03 22:00:00+00:00,25.3,95,0.64
Islamabad,2026-08-03 23:00:00+00:00,24.6,95,0.35
Islamabad,2026-08-04 00:00:00+00:00,24.5,96,1.25
Islamabad,2026-08-04 01:00:00+00:00,24.4,97,0.49
Islamabad,2026-08-04 02:00:00+00:00,24.8,94,0.65
Islamabad,2026-08-04 03:00:00+00:00,26.1,90,0.8
Islamabad,2026-08-04 04:00:00+00:00,28.0,79,0.56
Islamabad,2026-08-04 05:00:00+00:00,29.6,72,0.72
Islamabad,2026-08-04 06:00:00+00:00,30.7,68,1.43
Islamabad,2026-08-04 07:00:00+00:00,31.0,67,1.81
Islamabad,2026-08-04 08:00:00+00:00,31.6,65,0.85
Islamabad,2026-08-04 09:00:00+00:00,31.9,65,0.45
Islamabad,2026-08-04 10:00:00+00:00,31.9,65,0.59
Islamabad,2026-08-04 11:00:00+00:00,31.4,68,0.92
Islamabad,2026-08-04 12:00:00+00:00,31.5,66,1.76
Islamabad,2026-08-04 13:00:00+00:00,30.7,70,1.11
Islamabad,2026-08-04 14:00:00+00:00,29.6,78,0.43
Islamabad,2026-08-04 15:00:00+00:00,28.9,84,1.18
Islamabad,2026-08-04 16:00:00+00:00,28.5,82,1.59
Islamabad,2026-08-04 17:00:00+00:00,28.0,83,1.21
Islamabad,2026-08-04 18:00:00+00:00,28.2,88,0.32
Islamabad,2026-08-04 19:00:00+00:00,27.6,88,0.6
Islamabad,2026-08-04 20:00:00+00:00,27.2,88,1.3
Islamabad,2026-08-04 21:00:00+00:00,25.7,85,2.17
Islamabad,2026-08-04 22:00:00+00:00,25.3,89,1.25
Islamabad,2026-08-04 23:00:00+00:00,25.0,94,0.73
Islamabad,2026-08-05 00:00:00+00:00,24.9,95,0.94
Islamabad,2026-08-05 01:00:00+00:00,25.0,94,0.79
Islamabad,2026-08-05 02:00:00+00:00,25.9,91,0.85
Islamabad,2026-08-05 03:00:00+00:00,27.0,86,1.15
Islamabad,2026-08-05 04:00:00+00:00,28.4,78,1.32
Islamabad,2026-08-05 05:00:00+00:00,29.6,73,1.44
Islamabad,2026-08-05 06:00:00+00:00,31.1,66,1.73
Islamabad,2026-08-05 07:00:00+00:00,31.4,66,2.2
Islamabad,2026-08-05 08:00:00+00:00,31.4,67,2.12
Islamabad,2026-08-05 09:00:00+00:00,31.4,68,2.11
Islamabad,2026-08-05 10:00:00+00:00,31.4,68,1.66
Islamabad,2026-08-05 11:00:00+00:00,31.6,67,1.35
Islamabad,2026-08-05 12:00:00+00:00,32.2,64,1.65
Islamabad,2026-08-05 13:00:00+00:00,30.6,71,2.88
Islamabad,2026-08-05 14:00:00+00:00,28.9,80,2.36
Islamabad,2026-08-05 15:00:00+00:00,28.2,83,2.11
Islamabad,2026-08-05 16:00:00+00:00,27.8,82,1.72
Islamabad,2026-08-05 17:00:00+00:00,27.4,84,1.77
Islamabad,2026-08-05 18:00:00+00:00,27.9,87,2.11
Islamabad,2026-08-05 19:00:00+00:00,27.0,89,2.38
Islamabad,2026-08-05 20:00:00+00:00,26.2,90,2.44
Islamabad,2026-08-05 21:00:00+00:00,23.6,93,3.02
Islamabad,2026-08-05 22:00:00+00:00,22.5,95,3.89
Islamabad,2026-08-05 23:00:00+00:00,22.8,96,1.55
Islamabad,2026-08-06 00:00:00+00:00,24.2,96,1.3
Islamabad,2026-08-06 01:00:00+00:00,24.3,95,0.98
Islamabad,2026-08-06 02:00:00+00:00,25.0,94,0.81
Islamabad,2026-08-06 03:00:00+00:00,26.7,87,0.71
Islamabad,2026-08-06 04:00:00+00:00,28.9,73,0.3
Islamabad,2026-08-06 05:00:00+00:00,30.5,65,0.81
Islamabad,2026-08-06 06:00:00+00:00,31.7,59,1.23
Islamabad,2026-08-06 07:00:00+00:00,32.2,58,0.9
Islamabad,2026-08-06 08:00:00+00:00,32.1,57,2.1
Islamabad,2026-08-06 09:00:00+00:00,31.9,60,1.56
Islamabad,2026-08-06 10:00:00+00:00,30.1,69,2.76
Islamabad,2026-08-06 11:00:00+00:00,29.4,71,2.31
Islamabad,2026-08-06 12:00:00+00:00,31.8,60,2.14
Islamabad,2026-08-06 13:00:00+00:00,30.4,68,2.2
Islamabad,2026-08-06 14:00:00+00:00,28.7,72,2.18
Islamabad,2026-08-06 15:00:00+00:00,27.9,71,1.83
Islamabad,2026-08-06 16:00:00+00:00,27.6,71,1.96
Islamabad,2026-08-06 17:00:00+00:00,27.2,74,1.79
Islamabad,2026-08-06 18:00:00+00:00,27.3,82,2.47
Islamabad,2026-08-06 19:00:00+00:00,23.6,96,2.4
Islamabad,2026-08-06 20:00:00+00:00,23.4,95,2.45
Islamabad,2026-08-06 21:00:00+00:00,23.4,94,3.0
Islamabad,2026-08-06 22:00:00+00:00,23.2,95,2.17
Islamabad,2026-08-06 23:00:00+00:00,23.5,93,1.9
Islamabad,2026-08-07 00:00:00+00:00,23.8,97,1.92
Islamabad,2026-08-07 01:00:00+00:00,23.4,97,3.18
Islamabad,2026-08-07 02:00:00+00:00,24.6,91,1.97
Islamabad,2026-08-07 03:00:00+00:00,25.8,87,0.38
Islamabad,2026-08-07 04:00:00+00:00,27.2,81,1.02
Islamabad,2026-08-07 05:00:00+00:00,29.0,74,1.41
Islamabad,2026-08-07 06:00:00+00:00,29.8,68,1.87
Islamabad,2026-08-07 07:00:00+00:00,30.7,64,1.94
Islamabad,2026-08-07 08:00:00+00:00,30.9,63,0.56
Islamabad,2026-08-07 09:00:00+00:00,31.6,61,1.01
Islamabad,2026-08-07 10:00:00+00:00,31.9,59,1.44
Islamabad,2026-08-07 11:00:00+00:00,31.6,60,1.65
Islamabad,2026-08-07 12:00:00+00:00,30.8,61,2.13
Islamabad,2026-08-07 13:00:00+00:00,30.0,66,1.5
Islamabad,2026-08-07 14:00:00+00:00,28.6,73,2.43
Islamabad,2026-08-07 15:00:00+00:00,27.4,78,1.66
Islamabad,2026-08-07 16:00:00+00:00,26.8,82,1.36
Islamabad,2026-08-07 17:00:00+00:00,26.3,86,0.73
Islamabad,2026-08-07 18:00:00+00:00,26.9,87,0.6
Islamabad,2026-08-07 19:00:00+00:00,26.5,86,0.15
Islamabad,2026-08-07 20:00:00+00:00,26.0,88,0.16
Islamabad,2026-08-07 21:00:00+00:00,25.7,89,0.45
Islamabad,2026-08-07 22:00:00+00:00,25.6,89,0.78
Islamabad,2026-08-07 23:00:00+00:00,25.4,90,0.78
Islamabad,2026-08-08 00:00:00+00:00,22.6,89,2.11
Islamabad,2026-08-08 01:00:00+00:00,23.4,92,1.95
Islamabad,2026-08-08 02:00:00+00:00,24.4,90,1.01
Islamabad,2026-08-08 03:00:00+00:00,26.3,80,1.02
Islamabad,2026-08-08 04:00:00+00:00,28.5,68,0.93
Islamabad,2026-08-08 05:00:00+00:00,29.9,64,1.49
Islamabad,2026-08-08 06:00:00+00:00,31.2,60,0.86
Islamabad,2026-08-08 07:00:00+00:00,31.3,58,2.09
Islamabad,2026-08-08 08:00:00+00:00,31.6,59,2.74
Islamabad,2026-08-08 09:00:00+00:00,30.5,64,4.0
Islamabad,2026-08-08 10:00:00+00:00,30.3,66,3.05
Islamabad,2026-08-08 11:00:00+00:00,30.4,66,2.55
Islamabad,2026-08-08 12:00:00+00:00,30.2,67,2.86
Islamabad,2026-08-08 13:00:00+00:00,29.6,69,2.36
Islamabad,2026-08-08 14:00:00+00:00,28.6,76,1.59
Islamabad,2026-08-08 15:00:00+00:00,27.7,83,0.71
Islamabad,2026-08-08 16:00:00+00:00,27.2,86,0.34
Islamabad,2026-08-08 17:00:00+00:00,26.6,89,0.35
Islamabad,2026-08-08 18:00:00+00:00,27.3,85,0.76
Islamabad,2026-08-08 19:00:00+00:00,26.8,88,0.29
Islamabad,2026-08-08 20:00:00+00:00,26.5,89,0.68
Islamabad,2026-08-08 21:00:00+00:00,26.2,91,0.42
Islamabad,2026-08-08 22:00:00+00:00,26.0,92,0.61
Islamabad,2026-08-08 23:00:00+00:00,25.9,92,0.36
Islamabad,2026-08-09 00:00:00+00:00,25.9,94,1.4
Islamabad,2026-08-09 01:00:00+00:00,25.9,92,0.65
Islamabad,2026-08-09 02:00:00+00:00,26.7,89,0.86
Islamabad,2026-08-09 03:00:00+00:00,28.0,81,0.56
Islamabad,2026-08-09 04:00:00+00:00,29.1,75,0.3
Islamabad,2026-08-09 05:00:00+00:00,30.1,72,0.21
Islamabad,2026-08-09 06:00:00+00:00,31.3,67,0.81
Islamabad,2026-08-09 07:00:00+00:00,31.8,66,1.33
Islamabad,2026-08-09 08:00:00+00:00,32.1,64,0.36
Islamabad,2026-08-09 09:00:00+00:00,32.4,63,0.62
Islamabad,2026-08-09 10:00:00+00:00,32.7,60,0.6
Islamabad,2026-08-09 11:00:00+00:00,32.4,59,0.72
Islamabad,2026-08-09 12:00:00+00:00,32.3,56,1.47
Islamabad,2026-08-09 13:00:00+00:00,31.5,60,1.37
Islamabad,2026-08-09 14:00:00+00:00,29.9,74,0.61
Islamabad,2026-08-09 15:00:00+00:00,29.4,79,0.55
Islamabad,2026-08-09 16:00:00+00:00,28.9,81,0.68
Islamabad,2026-08-09 17:00:00+00:00,28.2,84,0.41
Islamabad,2026-08-09 18:00:00+00:00,28.2,84,1.45
Islamabad,2026-08-09 19:00:00+00:00,27.3,88,1.91
Islamabad,2026-08-09 20:00:00+00:00,27.1,88,1.6
Islamabad,2026-08-09 21:00:00+00:00,26.8,89,1.96
Islamabad,2026-08-09 22:00:00+00:00,26.4,89,1.87
Islamabad,2026-08-09 23:00:00+00:00,26.3,89,2.15
Islamabad,2026-08-10 00:00:00+00:00,25.9,89,2.69
Islamabad,2026-08-10 01:00:00+00:00,25.3,89,2.16
Islamabad,2026-08-10 02:00:00+00:00,25.9,86,1.81
Islamabad,2026-08-10 03:00:00+00:00,27.7,78,0.89
Islamabad,2026-08-10 04:00:00+00:00,29.5,71,0.64
Islamabad,2026-08-10 05:00:00+00:00,31.1,65,1.26
Islamabad,2026-08-10 06:00:00+00:00,32.1,61,1.85
Islamabad,2026-08-10 07:00:00+00:00,33.1,56,1.96
Islamabad,2026-08-10 08:00:00+00:00,33.8,53,1.98
Islamabad,2026-08-10 09:00:00+00:00,34.1,52,1.88
Islamabad,2026-08-10 10:00:00+00:00,34.5,50,1.66
Islamabad,2026-08-10 11:00:00+00:00,34.3,51,1.49
Islamabad,2026-08-10 12:00:00+00:00,34.3,50,2.19
Islamabad,2026-08-10 13:00:00+00:00,33.3,54,1.61
Islamabad,2026-08-10 14:00:00+00:00,31.6,66,1.25
Islamabad,2026-08-10 15:00:00+00:00,30.6,72,2.39
Islamabad,2026-08-10 16:00:00+00:00,29.3,75,2.07
Islamabad,2026-08-10 17:00:00+00:00,28.5,79,2.66
Islamabad,2026-08-10 18:00:00+00:00,29.1,80,2.69
Islamabad,2026-08-10 19:00:00+00:00,28.6,81,2.22
Islamabad,2026-08-10 20:00:00+00:00,28.2,82,1.97
Islamabad,2026-08-10 21:00:00+00:00,26.7,86,1.66
Islamabad,2026-08-10 22:00:00+00:00,23.9,97,0.81
Islamabad,2026-08-10 23:00:00+00:00,24.9,93,2.24
Islamabad,2026-08-11 00:00:00+00:00,25.4,85,2.63
Islamabad,2026-08-11 01:00:00+00:00,25.9,84,1.81
Islamabad,2026-08-11 02:00:00+00:00,27.2,81,1.05
Islamabad,2026-08-11 03:00:00+00:00,28.4,76,2.03
Islamabad,2026-08-11 04:00:00+00:00,29.6,73,2.28
Islamabad,2026-08-11 05:00:00+00:00,30.9,69,0.39
Islamabad,2026-08-11 06:00:00+00:00,32.0,66,1.82
Islamabad,2026-08-11 07:00:00+00:00,32.6,64,1.53
Islamabad,2026-08-11 08:00:00+00:00,33.4,58,0.75
Islamabad,2026-08-11 09:00:00+00:00,33.1,59,0.97
Islamabad,2026-08-11 10:00:00+00:00,32.6,62,1.53
Islamabad,2026-08-11 11:00:00+00:00,32.2,67,1.56
Islamabad,2026-08-11 12:00:00+00:00,33.0,60,1.5
Islamabad,2026-08-11 13:00:00+00:00,30.8,74,2.4
Islamabad,2026-08-11 14:00:00+00:00,29.7,80,3.15
Islamabad,2026-08-11 15:00:00+00:00,27.1,89,2.64
Islamabad,2026-08-11 16:00:00+00:00,26.5,95,3.29
Islamabad,2026-08-11 17:00:00+00:00,25.9,96,2.6
Islamabad,2026-08-11 18:00:00+00:00,26.8,94,3.26
Islamabad,2026-08-11 19:00:00+00:00,26.1,89,1.7
Islamabad,2026-08-11 20:00:00+00:00,25.0,97,2.51
Islamabad,2026-08-11 21:00:00+00:00,25.2,96,3.39
Islamabad,2026-08-11 22:00:00+00:00,24.2,98,1.15
Islamabad,2026-08-11 23:00:00+00:00,23.9,95,1.85
Islamabad,2026-08-12 00:00:00+00:00,25.0,96,1.92
Islamabad,2026-08-12 01:00:00+00:00,24.9,96,2.64
Islamabad,2026-08-12 02:00:00+00:00,25.0,96,0.85
Islamabad,2026-08-12 03:00:00+00:00,24.8,96,2.36
Islamabad,2026-08-12 04:00:00+00:00,26.3,86,1.41
Islamabad,2026-08-12 05:00:00+00:00,28.3,77,0.61
Islamabad,2026-08-12 06:00:00+00:00,29.2,72,0.38
Islamabad,2026-08-12 07:00:00+00:00,30.9,67,1.22
Islamabad,2026-08-12 08:00:00+00:00,31.9,63,2.47
Islamabad,2026-08-12 09:00:00+00:00,32.1,63,3.34
Islamabad,2026-08-12 10:00:00+00:00,32.0,63,3.6
Islamabad,2026-08-12 11:00:00+00:00,31.7,64,3.17
Islamabad,2026-08-12 12:00:00+00:00,31.8,63,2.18
Islamabad,2026-08-12 13:00:00+00:00,30.7,70,1.6
Islamabad,2026-08-12 14:00:00+00:00,29.3,77,1.5
Islamabad,2026-08-12 15:00:00+00:00,28.4,82,1.21
Islamabad,2026-08-12 16:00:00+00:00,27.6,87,0.86
Islamabad,2026-08-12 17:00:00+00:00,27.2,90,0.96
Islamabad,2026-08-12 18:00:00+00:00,27.7,88,0.99
Islamabad,2026-08-12 19:00:00+00:00,27.1,89,1.79
Islamabad,2026-08-12 20:00:00+00:00,27.0,87,1.76
Islamabad,2026-08-12 21:00:00+00:00,27.0,84,1.45
Islamabad,2026-08-12 22:00:00+00:00,26.9,82,1.3
Islamabad,2026-08-12 23:00:00+00:00,26.7,82,1.14
Islamabad,2026-08-13 00:00:00+00:00,27.1,85,1.2
Islamabad,2026-08-13 01:00:00+00:00,26.9,85,1.06
Islamabad,2026-08-13 02:00:00+00:00,27.8,83,0.59
Islamabad,2026-08-13 03:00:00+00:00,28.9,82,0.57
Islamabad,2026-08-13 04:00:00+00:00,30.4,76,0.9
Islamabad,2026-08-13 05:00:00+00:00,31.7,68,1.86
Islamabad,2026-08-13 06:00:00+00:00,32.8,62,2.28
Islamabad,2026-08-13 07:00:00+00:00,33.3,61,2.33
Islamabad,2026-08-13 08:00:00+00:00,33.7,60,1.92
Islamabad,2026-08-13 09:00:00+00:00,34.0,59,1.88
Islamabad,2026-08-13 10:00:00+00:00,34.3,56,1.76
Islamabad,2026-08-13 11:00:00+00:00,34.0,57,1.3
Islamabad,2026-08-13 12:00:00+00:00,34.2,57,0.56
Islamabad,2026-08-13 13:00:00+00:00,33.5,63,0.18
Islamabad,2026-08-13 14:00:00+00:00,31.8,74,0.25
Islamabad,2026-08-13 15:00:00+00:00,30.6,78,1.25
Islamabad,2026-08-13 16:00:00+00:00,29.5,82,1.31
Islamabad,2026-08-13 17:00:00+00:00,28.6,86,1.57
Islamabad,2026-08-13 18:00:00+00:00,29.2,86,1.77
Islamabad,2026-08-13 19:00:00+00:00,28.6,89,2.47
Islamabad,2026-08-13 20:00:00+00:00,27.5,93,2.42
Islamabad,2026-08-13 21:00:00+00:00,26.5,98,2.45
Islamabad,2026-08-13 22:00:00+00:00,25.6,99,3.36
Islamabad,2026-08-13 23:00:00+00:00,25.4,98,1.17
Islamabad,2026-08-14 00:00:00+00:00,26.4,94,0.76
Islamabad,2026-08-14 01:00:00+00:00,24.7,99,2.97
Islamabad,2026-08-14 02:00:00+00:00,25.3,96,2.08
Islamabad,2026-08-14 03:00:00+00:00,26.4,89,1.68
Islamabad,2026-08-14 04:00:00+00:00,25.7,91,2.5
Islamabad,2026-08-14 05:00:00+00:00,26.9,86,1.57
Islamabad,2026-08-14 06:00:00+00:00,28.1,76,1.75
Islamabad,2026-08-14 07:00:00+00:00,29.3,75,1.28
Islamabad,2026-08-14 08:00:00+00:00,30.6,72,0.76
Islamabad,2026-08-14 09:00:00+00:00,31.2,69,0.81
Islamabad,2026-08-14 10:00:00+00:00,31.5,69,0.99
Islamabad,2026-08-14 11:00:00+00:00,31.3,69,1.72
Islamabad,2026-08-14 12:00:00+00:00,29.3,84,2.66
Islamabad,2026-08-14 13:00:00+00:00,27.9,86,3.67
Islamabad,2026-08-14 14:00:00+00:00,26.8,90,1.94
Islamabad,2026-08-14 15:00:00+00:00,26.1,94,1.69
Islamabad,2026-08-14 16:00:00+00:00,25.1,94,1.81
Islamabad,2026-08-14 17:00:00+00:00,25.2,96,0.69
Islamabad,2026-08-14 18:00:00+00:00,25.8,96,1.55
Islamabad,2026-08-14 19:00:00+00:00,25.3,98,1.31
Islamabad,2026-08-14 20:00:00+00:00,25.2,97,0.9
Islamabad,2026-08-14 21:00:00+00:00,25.3,96,0.81
Islamabad,2026-08-14 22:00:00+00:00,24.4,100,1.77
Islamabad,2026-08-14 23:00:00+00:00,23.9,99,0.25
Islamabad,2026-08-15 00:00:00+00:00,24.4,98,1.35
Islamabad,2026-08-15 01:00:00+00:00,24.2,100,1.5
Islamabad,2026-08-15 02:00:00+00:00,24.8,95,1.86
Islamabad,2026-08-15 03:00:00+00:00,26.2,87,1.67
Islamabad,2026-08-15 04:00:00+00:00,27.7,78,1.76
Islamabad,2026-08-15 05:00:00+00:00,28.8,77,0.69
Islamabad,2026-08-15 06:00:00+00:00,30.2,69,0.9
Islamabad,2026-08-15 07:00:00+00:00,31.4,64,1.48
Islamabad,2026-08-15 08:00:00+00:00,32.1,61,2.02
Islamabad,2026-08-15 09:00:00+00:00,32.7,58,2.43
Islamabad,2026-08-15 10:00:00+00:00,32.6,59,2.1
Islamabad,2026-08-15 11:00:00+00:00,32.6,58,1.68
Islamabad,2026-08-15 12:00:00+00:00,32.1,61,2.04
Islamabad,2026-08-15 13:00:00+00:00,30.6,73,1.25
Islamabad,2026-08-15 14:00:00+00:00,29.2,81,0.64
Islamabad,2026-08-15 15:00:00+00:00,28.5,84,1.04
Islamabad,2026-08-15 16:00:00+00:00,28.1,86,1.11
Islamabad,2026-08-15 17:00:00+00:00,27.7,88,0.65
Islamabad,2026-08-15 18:00:00+00:00,27.8,81,2.53
Islamabad,2026-08-15 19:00:00+00:00,27.0,80,1.19
Islamabad,2026-08-15 20:00:00+00:00,26.5,85,0.16
Islamabad,2026-08-15 21:00:00+00:00,25.1,89,2.62
Islamabad,2026-08-15 22:00:00+00:00,24.4,94,1.68
Islamabad,2026-08-15 23:00:00+00:00,24.2,94,2.58
Islamabad,2026-08-16 00:00:00+00:00,24.3,92,2.58
Islamabad,2026-08-16 01:00:00+00:00,24.6,91,1.88
Islamabad,2026-08-16 02:00:00+00:00,25.9,88,1.03
Islamabad,2026-08-16 03:00:00+00:00,27.4,82,0.82
Islamabad,2026-08-16 04:00:00+00:00,28.7,78,1.12
Islamabad,2026-08-16 05:00:00+00:00,29.9,74,1.46
Islamabad,2026-08-16 06:00:00+00:00,30.7,68,2.02
Islamabad,2026-08-16 07:00:00+00:00,31.2,67,1.74
Islamabad,2026-08-16 08:00:00+00:00,31.7,66,1.7
Islamabad,2026-08-16 09:00:00+00:00,31.9,66,1.66
Islamabad,2026-08-16 10:00:00+00:00,29.5,76,2.98
Islamabad,2026-08-16 11:00:00+00:00,28.4,81,1.41
Islamabad,2026-08-16 12:00:00+00:00,31.7,65,2.29
Islamabad,2026-08-16 13:00:00+00:00,30.3,73,2.62
Islamabad,2026-08-16 14:00:00+00:00,29.2,79,2.17
Islamabad,2026-08-16 15:00:00+00:00,28.5,83,2.5
Islamabad,2026-08-16 16:00:00+00:00,27.9,86,2.1
Islamabad,2026-08-16 17:00:00+00:00,27.4,88,1.55
Islamabad,2026-08-16 18:00:00+00:00,28.1,87,2.09
Islamabad,2026-08-16 19:00:00+00:00,27.7,87,2.32
Islamabad,2026-08-16 20:00:00+00:00,27.1,89,1.01
Islamabad,2026-08-16 21:00:00+00:00,27.0,88,1.9
Islamabad,2026-08-16 22:00:00+00:00,25.9,93,0.74
Islamabad,2026-08-16 23:00:00+00:00,23.6,99,3.19
Islamabad,2026-08-17 00:00:00+00:00,23.9,97,2.56
Islamabad,2026-08-17 01:00:00+00:00,24.3,96,1.85
Islamabad,2026-08-17 02:00:00+00:00,25.6,93,1.33
Islamabad,2026-08-17 03:00:00+00:00,27.1,85,0.81
Islamabad,2026-08-17 04:00:00+00:00,28.5,78,1.7
Islamabad,2026-08-17 05:00:00+00:00,27.6,84,0.84
Islamabad,2026-08-17 06:00:00+00:00,29.6,70,2.41
Islamabad,2026-08-17 07:00:00+00:00,30.6,71,1.94
Islamabad,2026-08-17 08:00:00+00:00,31.4,68,1.88
Islamabad,2026-08-17 09:00:00+00:00,31.9,66,1.81
Islamabad,2026-08-17 10:00:00+00:00,29.1,80,2.85
Islamabad,2026-08-17 11:00:00+00:00,29.0,80,2.53
Islamabad,2026-08-17 12:00:00+00:00,28.8,79,2.75
Islamabad,2026-08-17 13:00:00+00:00,28.8,80,2.15
Islamabad,2026-08-17 14:00:00+00:00,27.8,85,2.02
Islamabad,2026-08-17 15:00:00+00:00,27.5,86,1.65
Islamabad,2026-08-17 16:00:00+00:00,27.3,87,1.49
Islamabad,2026-08-17 17:00:00+00:00,27.2,87,1.55
Islamabad,2026-08-17 18:00:00+00:00,27.4,85,2.38
Islamabad,2026-08-17 19:00:00+00:00,26.4,89,1.77
Islamabad,2026-08-17 20:00:00+00:00,26.2,88,1.46
Islamabad,2026-08-17 21:00:00+00:00,26.1,87,1.28
Islamabad,2026-08-17 22:00:00+00:00,25.9,86,1.5
Islamabad,2026-08-17 23:00:00+00:00,25.7,86,1.36
Islamabad,2026-08-18 00:00:00+00:00,24.7,94,2.98
Islamabad,2026-08-18 01:00:00+00:00,24.7,93,1.79
Islamabad,2026-08-18 02:00:00+00:00,25.9,90,1.58
Islamabad,2026-08-18 03:00:00+00:00,27.2,83,1.15
Islamabad,2026-08-18 04:00:00+00:00,27.6,83,1.2
Islamabad,2026-08-18 05:00:00+00:00,28.7,78,1.15
Islamabad,2026-08-18 06:00:00+00:00,27.3,84,1.52
Islamabad,2026-08-18 07:00:00+00:00,29.0,74,2.43
Islamabad,2026-08-18 08:00:00+00:00,29.8,73,2.44
Islamabad,2026-08-18 09:00:00+00:00,30.3,75,2.27
Islamabad,2026-08-18 10:00:00+00:00,30.4,75,2.17
Islamabad,2026-08-18 11:00:00+00:00,29.0,80,2.26
Islamabad,2026-08-18 12:00:00+00:00,27.6,88,1.85
Islamabad,2026-08-18 13:00:00+00:00,27.9,87,2.28
Islamabad,2026-08-18 14:00:00+00:00,27.5,89,2.03
Islamabad,2026-08-18 15:00:00+00:00,27.5,88,2.13
Islamabad,2026-08-18 16:00:00+00:00,27.2,89,1.75
Islamabad,2026-08-18 17:00:00+00:00,26.9,91,2.25
Islamabad,2026-08-18 18:00:00+00:00,26.6,88,2.33
Islamabad,2026-08-18 19:00:00+00:00,26.0,86,2.3
Islamabad,2026-08-18 20:00:00+00:00,24.8,91,1.06
Islamabad,2026-08-18 21:00:00+00:00,23.9,97,2.64
Islamabad,2026-08-18 22:00:00+00:00,23.4,99,2.37
Islamabad,2026-08-18 23:00:00+00:00,23.5,98,1.78
Islamabad,2026-08-19 00:00:00+00:00,24.0,99,3.0
Islamabad,2026-08-19 01:00:00+00:00,24.2,98,2.2
Islamabad,2026-08-19 02:00:00+00:00,24.9,96,1.77
Islamabad,2026-08-19 03:00:00+00:00,26.0,90,1.84
Islamabad,2026-08-19 04:00:00+00:00,27.3,80,1.74
Islamabad,2026-08-19 05:00:00+00:00,28.6,74,1.77
Islamabad,2026-08-19 06:00:00+00:00,24.3,99,1.21
Islamabad,2026-08-19 07:00:00+00:00,25.1,93,2.1
Islamabad,2026-08-19 08:00:00+00:00,25.6,92,1.92
Islamabad,2026-08-19 09:00:00+00:00,27.0,86,2.76
Islamabad,2026-08-19 10:00:00+00:00,28.1,81,2.97
Islamabad,2026-08-19 11:00:00+00:00,28.2,79,2.91
Islamabad,2026-08-19 12:00:00+00:00,28.2,81,3.43
Islamabad,2026-08-19 13:00:00+00:00,27.5,84,3.42
Islamabad,2026-08-19 14:00:00+00:00,26.8,86,2.82
Islamabad,2026-08-19 15:00:00+00:00,26.6,87,2.56
Islamabad,2026-08-19 16:00:00+00:00,26.0,89,1.32
Islamabad,2026-08-19 17:00:00+00:00,25.3,93,1.96
Islamabad,2026-08-19 18:00:00+00:00,26.3,89,2.67
Islamabad,2026-08-19 19:00:00+00:00,25.3,93,1.29
Islamabad,2026-08-19 20:00:00+00:00,24.8,97,1.33
Islamabad,2026-08-19 21:00:00+00:00,24.2,99,1.64
Islamabad,2026-08-19 22:00:00+00:00,23.9,96,2.86
Islamabad,2026-08-19 23:00:00+00:00,23.5,96,2.91
Islamabad,2026-08-20 00:00:00+00:00,24.5,97,2.1
Islamabad,2026-08-20 01:00:00+00:00,23.9,99,1.27
Islamabad,2026-08-20 02:00:00+00:00,23.8,99,1.12
Islamabad,2026-08-20 03:00:00+00:00,23.6,99,0.96
Islamabad,2026-08-20 04:00:00+00:00,23.6,97,0.16
Islamabad,2026-08-20 05:00:00+00:00,23.9,99,1.37
Islamabad,2026-08-20 06:00:00+00:00,24.3,96,2.5
Islamabad,2026-08-20 07:00:00+00:00,24.8,95,2.34
Islamabad,2026-08-20 08:00:00+00:00,25.8,90,2.01
Islamabad,2026-08-20 09:00:00+00:00,27.2,83,2.13
Islamabad,2026-08-20 10:00:00+00:00,27.9,82,1.9
Islamabad,2026-08-20 11:00:00+00:00,28.0,82,2.57
Islamabad,2026-08-20 12:00:00+00:00,28.3,78,2.23
Islamabad,2026-08-20 13:00:00+00:00,27.6,82,1.88
Islamabad,2026-08-20 14:00:00+00:00,26.7,87,1.49
Islamabad,2026-08-20 15:00:00+00:00,26.1,90,0.97
Islamabad,2026-08-20 16:00:00+00:00,25.7,92,0.93
Islamabad,2026-08-20 17:00:00+00:00,25.2,94,0.79
Islamabad,2026-08-20 18:00:00+00:00,26.1,91,0.79
Islamabad,2026-08-20 19:00:00+00:00,25.7,92,0.71
Islamabad,2026-08-20 20:00:00+00:00,25.5,92,0.36
Islamabad,2026-08-20 21:00:00+00:00,25.6,91,0.47
Islamabad,2026-08-20 22:00:00+00:00,25.4,91,0.5
Islamabad,2026-08-20 23:00:00+00:00,25.0,93,1.03
Islamabad,2026-08-21 00:00:00+00:00,25.1,92,1.03
Islamabad,2026-08-21 01:00:00+00:00,25.0,93,0.55
Islamabad,2026-08-21 02:00:00+00:00,26.2,86,0.11
Islamabad,2026-08-21 03:00:00+00:00,25.0,89,0.47
Islamabad,2026-08-21 04:00:00+00:00,25.6,88,1.1
Islamabad,2026-08-21 05:00:00+00:00,27.8,77,0.74
Islamabad,2026-08-21 06:00:00+00:00,29.4,70,1.3
Islamabad,2026-08-21 07:00:00+00:00,30.2,69,1.08
Islamabad,2026-08-21 08:00:00+00:00,30.7,69,1.7
Islamabad,2026-08-21 09:00:00+00:00,31.0,69,1.99
Islamabad,2026-08-21 10:00:00+00:00,30.6,72,1.84
Islamabad,2026-08-21 11:00:00+00:00,28.4,83,1.3
Islamabad,2026-08-21 12:00:00+00:00,30.8,68,1.73
Islamabad,2026-08-21 13:00:00+00:00,29.8,76,1.43
Islamabad,2026-08-21 14:00:00+00:00,28.7,80,1.52
Islamabad,2026-08-21 15:00:00+00:00,28.0,83,1.21
Islamabad,2026-08-21 16:00:00+00:00,27.4,85,1.19
Islamabad,2026-08-21 17:00:00+00:00,27.0,87,0.99
Islamabad,2026-08-21 18:00:00+00:00,24.6,91,3.02
Islamabad,2026-08-21 19:00:00+00:00,24.2,96,1.74
Islamabad,2026-08-21 20:00:00+00:00,23.3,99,0.27
Islamabad,2026-08-21 21:00:00+00:00,23.3,97,1.04
Islamabad,2026-08-21 22:00:00+00:00,23.4,97,1.67
Islamabad,2026-08-21 23:00:00+00:00,23.3,96,2.26
Islamabad,2026-08-22 00:00:00+00:00,24.9,96,0.57
Islamabad,2026-08-22 01:00:00+00:00,24.3,94,0.85
Islamabad,2026-08-22 02:00:00+00:00,24.8,95,0.51
Islamabad,2026-08-22 03:00:00+00:00,25.8,88,1.47
Islamabad,2026-08-22 04:00:00+00:00,26.5,84,1.38
Islamabad,2026-08-22 05:00:00+00:00,28.4,73,2.42
Islamabad,2026-08-22 06:00:00+00:00,30.4,65,1.92
Islamabad,2026-08-22 07:00:00+00:00,31.7,60,1.47
Islamabad,2026-08-22 08:00:00+00:00,32.5,56,1.61
Islamabad,2026-08-22 09:00:00+00:00,32.6,55,1.62
Islamabad,2026-08-22 10:00:00+00:00,32.5,55,1.55
Islamabad,2026-08-22 11:00:00+00:00,32.3,57,1.61
Islamabad,2026-08-22 12:00:00+00:00,30.4,70,1.12
Islamabad,2026-08-22 13:00:00+00:00,29.8,76,0.89
Islamabad,2026-08-22 14:00:00+00:00,28.5,84,0.64
Islamabad,2026-08-22 15:00:00+00:00,27.8,87,0.36
Islamabad,2026-08-22 16:00:00+00:00,27.6,86,0.64
Islamabad,2026-08-22 17:00:00+00:00,27.3,84,1.1
Islamabad,2026-08-22 18:00:00+00:00,27.3,91,1.52
Islamabad,2026-08-22 19:00:00+00:00,24.3,94,2.03
Islamabad,2026-08-22 20:00:00+00:00,23.2,97,1.52
Islamabad,2026-08-22 21:00:00+00:00,23.4,97,1.52
Islamabad,2026-08-22 22:00:00+00:00,22.6,96,1.62
Islamabad,2026-08-22 23:00:00+00:00,22.8,96,2.46
Islamabad,2026-08-23 00:00:00+00:00,24.5,97,2.6
Islamabad,2026-08-23 01:00:00+00:00,24.0,98,0.2
Islamabad,2026-08-23 02:00:00+00:00,24.7,96,1.8
Islamabad,2026-08-23 03:00:00+00:00,26.5,89,0.95
Islamabad,2026-08-23 04:00:00+00:00,27.5,82,0.85
Islamabad,2026-08-23 05:00:00+00:00,28.6,76,1.63
Islamabad,2026-08-23 06:00:00+00:00,30.7,59,1.5
Islamabad,2026-08-23 07:00:00+00:00,30.9,60,2.2
Islamabad,2026-08-23 08:00:00+00:00,30.6,62,1.66
Islamabad,2026-08-23 09:00:00+00:00,31.2,60,0.39
Islamabad,2026-08-23 10:00:00+00:00,31.3,59,0.82
Islamabad,2026-08-23 11:00:00+00:00,31.0,61,1.38
Islamabad,2026-08-23 12:00:00+00:00,30.0,66,1.61
Islamabad,2026-08-23 13:00:00+00:00,29.5,75,0.25
Islamabad,2026-08-23 14:00:00+00:00,28.2,80,0.63
Islamabad,2026-08-23 15:00:00+00:00,27.3,84,0.96
Islamabad,2026-08-23 16:00:00+00:00,26.6,87,0.83
Islamabad,2026-08-23 17:00:00+00:00,26.2,85,1.42
Islamabad,2026-08-23 18:00:00+00:00,26.9,82,1.42
Islamabad,2026-08-23 19:00:00+00:00,25.8,88,1.06
Islamabad,2026-08-23 20:00:00+00:00,25.3,91,0.81
Islamabad,2026-08-23 21:00:00+00:00,25.0,93,0.88
Islamabad,2026-08-23 22:00:00+00:00,24.7,93,0.99
Islamabad,2026-08-23 23:00:00+00:00,24.7,91,1.15
Islamabad,2026-08-24 00:00:00+00:00,24.6,94,0.81
Islamabad,2026-08-24 01:00:00+00:00,24.3,92,1.37
Islamabad,2026-08-24 02:00:00+00:00,25.4,86,1.39
Islamabad,2026-08-24 03:00:00+00:00,27.2,77,0.76
Islamabad,2026-08-24 04:00:00+00:00,28.7,71,0.36
Islamabad,2026-08-24 05:00:00+00:00,29.9,68,0.79
Islamabad,2026-08-24 06:00:00+00:00,31.2,63,1.73
Islamabad,2026-08-24 07:00:00+00:00,32.0,57,2.3
Islamabad,2026-08-24 08:00:00+00:00,32.4,55,2.6
Islamabad,2026-08-24 09:00:00+00:00,32.8,53,2.51
Islamabad,2026-08-24 10:00:00+00:00,32.8,52,2.41
Islamabad,2026-08-24 11:00:00+00:00,32.4,52,2.45
Islamabad,2026-08-24 12:00:00+00:00,32.6,51,1.2
Islamabad,2026-08-24 13:00:00+00:00,30.8,63,1.29
Islamabad,2026-08-24 14:00:00+00:00,28.6,73,1.09
Islamabad,2026-08-24 15:00:00+00:00,27.3,81,0.78
Islamabad,2026-08-24 16:00:00+00:00,26.6,83,0.85
Islamabad,2026-08-24 17:00:00+00:00,26.3,82,0.73
Islamabad,2026-08-24 18:00:00+00:00,27.0,76,0.78
Islamabad,2026-08-24 19:00:00+00:00,26.0,80,1.17
Islamabad,2026-08-24 20:00:00+00:00,25.5,80,1.7
Islamabad,2026-08-24 21:00:00+00:00,25.3,80,1.48
Islamabad,2026-08-24 22:00:00+00:00,25.0,82,1.36
Islamabad,2026-08-24 23:00:00+00:00,24.9,81,1.72
Islamabad,2026-08-25 00:00:00+00:00,25.7,78,1.45
Islamabad,2026-08-25 01:00:00+00:00,25.6,79,1.42
Islamabad,2026-08-25 02:00:00+00:00,27.0,74,1.03
Islamabad,2026-08-25 03:00:00+00:00,28.3,72,0.6
Islamabad,2026-08-25 04:00:00+00:00,29.6,70,1.06
Islamabad,2026-08-25 05:00:00+00:00,30.8,70,1.19
Islamabad,2026-08-25 06:00:00+00:00,31.8,58,1.59
Islamabad,2026-08-25 07:00:00+00:00,32.4,55,1.32
Islamabad,2026-08-25 08:00:00+00:00,33.2,51,1.36
Islamabad,2026-08-25 09:00:00+00:00,33.5,50,1.46
Islamabad,2026-08-25 10:00:00+00:00,33.4,51,1.42
Islamabad,2026-08-25 11:00:00+00:00,33.2,52,1.12
Islamabad,2026-08-25 12:00:00+00:00,33.3,53,1.36
Islamabad,2026-08-25 13:00:00+00:00,31.2,71,0.89
Islamabad,2026-08-25 14:00:00+00:00,29.9,77,0.25
Islamabad,2026-08-25 15:00:00+00:00,29.1,79,0.59
Islamabad,2026-08-25 16:00:00+00:00,28.6,79,0.92
Islamabad,2026-08-25 17:00:00+00:00,27.8,81,0.68
Islamabad,2026-08-25 18:00:00+00:00,28.2,77,0.47
Islamabad,2026-08-25 19:00:00+00:00,26.6,83,1.06
Islamabad,2026-08-25 20:00:00+00:00,25.8,87,1.01
Islamabad,2026-08-25 21:00:00+00:00,25.7,84,1.31
Islamabad,2026-08-25 22:00:00+00:00,25.9,81,1.66
Islamabad,2026-08-25 23:00:00+00:00,25.7,81,1.6
Islamabad,2026-08-26 00:00:00+00:00,26.4,81,1.35
Islamabad,2026-08-26 01:00:00+00:00,25.9,82,1.2
Islamabad,2026-08-26 02:00:00+00:00,26.8,80,1.01
Islamabad,2026-08-26 03:00:00+00:00,28.1,75,0.96
Islamabad,2026-08-26 04:00:00+00:00,29.7,69,1.4
Islamabad,2026-08-26 05:00:00+00:00,31.2,64,0.81
Islamabad,2026-08-26 06:00:00+00:00,32.2,58,1.14
Islamabad,2026-08-26 07:00:00+00:00,32.9,55,2.01
Islamabad,2026-08-26 08:00:00+00:00,33.1,55,2.61
Islamabad,2026-08-26 09:00:00+00:00,33.3,54,2.81
Islamabad,2026-08-26 10:00:00+00:00,33.3,54,2.53
Islamabad,2026-08-26 11:00:00+00:00,33.1,55,2.43
Islamabad,2026-08-26 12:00:00+00:00,33.5,56,1.85
Islamabad,2026-08-26 13:00:00+00:00,31.9,67,1.0
Islamabad,2026-08-26 14:00:00+00:00,30.0,75,0.8
Islamabad,2026-08-26 15:00:00+00:00,29.2,77,0.66
Islamabad,2026-08-26 16:00:00+00:00,28.8,75,1.3
Islamabad,2026-08-26 17:00:00+00:00,28.2,75,0.91
Islamabad,2026-08-26 18:00:00+00:00,28.9,73,0.9
Islamabad,2026-08-26 19:00:00+00:00,28.3,76,0.87
Islamabad,2026-08-26 20:00:00+00:00,28.1,77,0.46
Islamabad,2026-08-26 21:00:00+00:00,27.9,76,0.62
Islamabad,2026-08-26 22:00:00+00:00,27.4,80,0.45
Islamabad,2026-08-26 23:00:00+00:00,26.7,82,0.54
Islamabad,2026-08-27 00:00:00+00:00,27.0,84,0.99
Islamabad,2026-08-27 01:00:00+00:00,26.8,84,1.1
Islamabad,2026-08-27 02:00:00+00:00,27.8,80,1.41
Islamabad,2026-08-27 03:00:00+00:00,28.5,77,2.08
Islamabad,2026-08-27 04:00:00+00:00,30.0,71,2.04
Islamabad,2026-08-27 05:00:00+00:00,31.2,70,1.86
Islamabad,2026-08-27 06:00:00+00:00,32.3,62,1.44
Islamabad,2026-08-27 07:00:00+00:00,33.3,55,1.15
Islamabad,2026-08-27 08:00:00+00:00,33.8,51,1.14
Islamabad,2026-08-27 09:00:00+00:00,34.1,49,1.7
Islamabad,2026-08-27 10:00:00+00:00,34.1,48,1.63
Islamabad,2026-08-27 11:00:00+00:00,34.1,48,1.06
Islamabad,2026-08-27 12:00:00+00:00,34.0,53,1.74
Islamabad,2026-08-27 13:00:00+00:00,31.9,67,1.2
Islamabad,2026-08-27 14:00:00+00:00,30.3,73,1.38
Islamabad,2026-08-27 15:00:00+00:00,29.7,70,1.88
Islamabad,2026-08-27 16:00:00+00:00,29.0,73,1.58
Islamabad,2026-08-27 17:00:00+00:00,28.4,76,1.7
Islamabad,2026-08-27 18:00:00+00:00,28.7,78,1.77
Islamabad,2026-08-27 19:00:00+00:00,28.1,81,1.2
Islamabad,2026-08-27 20:00:00+00:00,27.8,82,1.31
Islamabad,2026-08-27 21:00:00+00:00,27.6,83,1.39
Islamabad,2026-08-27 22:00:00+00:00,27.3,83,1.41
Islamabad,2026-08-27 23:00:00+00:00,26.9,84,1.68
Islamabad,2026-08-28 00:00:00+00:00,27.1,84,2.12
Islamabad,2026-08-28 01:00:00+00:00,26.9,85,2.32
Islamabad,2026-08-28 02:00:00+00:00,27.4,80,2.77
Islamabad,2026-08-28 03:00:00+00:00,28.4,73,2.7
Islamabad,2026-08-28 04:00:00+00:00,29.4,72,2.86
Islamabad,2026-08-28 05:00:00+00:00,30.3,71,3.21
Islamabad,2026-08-28 06:00:00+00:00,29.8,71,2.33
Islamabad,2026-08-28 07:00:00+00:00,31.1,68,1.43
Islamabad,2026-08-28 08:00:00+00:00,32.1,64,1.08
Islamabad,2026-08-28 09:00:00+00:00,32.7,60,1.11
Islamabad,2026-08-28 10:00:00+00:00,33.0,58,1.53
Islamabad,2026-08-28 11:00:00+00:00,32.8,58,1.27
Islamabad,2026-08-28 12:00:00+00:00,33.0,56,1.2
Islamabad,2026-08-28 13:00:00+00:00,31.7,66,1.13
Islamabad,2026-08-28 14:00:00+00:00,30.2,73,1.64
Islamabad,2026-08-28 15:00:00+00:00,29.4,75,1.63
Islamabad,2026-08-28 16:00:00+00:00,28.8,78,1.03
Islamabad,2026-08-28 17:00:00+00:00,28.4,80,1.01
Islamabad,2026-08-28 18:00:00+00:00,28.8,83,2.02
Islamabad,2026-08-28 19:00:00+00:00,28.2,85,1.57
Islamabad,2026-08-28 20:00:00+00:00,27.8,87,1.71
Islamabad,2026-08-28 21:00:00+00:00,27.4,86,2.49
Islamabad,2026-08-28 22:00:00+00:00,26.2,87,2.69
Islamabad,2026-08-28 23:00:00+00:00,26.1,86,2.06
Islamabad,2026-08-29 00:00:00+00:00,27.1,85,2.19
Islamabad,2026-08-29 01:00:00+00:00,26.8,86,1.15
Islamabad,2026-08-29 02:00:00+00:00,27.4,85,1.0
Islamabad,2026-08-29 03:00:00+00:00,27.7,85,1.59
Islamabad,2026-08-29 04:00:00+00:00,29.2,78,1.51
Islamabad,2026-08-29 05:00:00+00:00,29.7,75,1.95
Islamabad,2026-08-29 06:00:00+00:00,32.0,66,1.99
Islamabad,2026-08-29 07:00:00+00:00,32.2,64,1.34
Islamabad,2026-08-29 08:00:00+00:00,32.8,63,1.07
Islamabad,2026-08-29 09:00:00+00:00,32.9,63,0.9
Islamabad,2026-08-29 10:00:00+00:00,32.6,63,0.45
Islamabad,2026-08-29 11:00:00+00:00,32.8,63,0.81
Islamabad,2026-08-29 12:00:00+00:00,31.7,65,1.46
Islamabad,2026-08-29 13:00:00+00:00,30.8,70,1.55
Islamabad,2026-08-29 14:00:00+00:00,29.4,77,1.9
Islamabad,2026-08-29 15:00:00+00:00,28.7,80,1.62
Islamabad,2026-08-29 16:00:00+00:00,28.4,81,1.53
Islamabad,2026-08-29 17:00:00+00:00,28.1,81,1.62
Islamabad,2026-08-29 18:00:00+00:00,27.9,83,2.04
Islamabad,2026-08-29 19:00:00+00:00,26.3,87,2.9
Islamabad,2026-08-29 20:00:00+00:00,25.1,93,2.68
Islamabad,2026-08-29 21:00:00+00:00,25.0,92,3.0
Islamabad,2026-08-29 22:00:00+00:00,25.2,91,1.8
Islamabad,2026-08-29 23:00:00+00:00,24.8,95,1.39
Islamabad,2026-08-30 00:00:00+00:00,25.2,93,2.22
Islamabad,2026-08-30 01:00:00+00:00,25.6,91,2.09
Islamabad,2026-08-30 02:00:00+00:00,26.7,87,1.75
Islamabad,2026-08-30 03:00:00+00:00,28.1,80,1.85
Islamabad,2026-08-30 04:00:00+00:00,29.8,72,1.85
Islamabad,2026-08-30 05:00:00+00:00,31.2,67,1.6
Islamabad,2026-08-30 06:00:00+00:00,32.5,60,2.15
Islamabad,2026-08-30 07:00:00+00:00,32.6,61,2.31
Islamabad,2026-08-30 08:00:00+00:00,31.8,65,1.65
Islamabad,2026-08-30 09:00:00+00:00,32.1,63,2.06
Islamabad,2026-08-30 10:00:00+00:00,32.0,64,2.72
Islamabad,2026-08-30 11:00:00+00:00,30.7,68,1.8
Islamabad,2026-08-30 12:00:00+00:00,31.5,62,2.79
Islamabad,2026-08-30 13:00:00+00:00,30.6,68,1.82
Islamabad,2026-08-30 14:00:00+00:00,29.6,73,1.96
Islamabad,2026-08-30 15:00:00+00:00,29.0,77,2.56
Islamabad,2026-08-30 16:00:00+00:00,28.4,80,1.77
Islamabad,2026-08-30 17:00:00+00:00,27.8,83,1.12
Islamabad,2026-08-30 18:00:00+00:00,28.2,82,1.75
Islamabad,2026-08-30 19:00:00+00:00,27.6,86,0.96
Islamabad,2026-08-30 20:00:00+00:00,27.3,88,1.01
Islamabad,2026-08-30 21:00:00+00:00,27.2,87,0.9
Islamabad,2026-08-30 22:00:00+00:00,26.4,86,2.7
Islamabad,2026-08-30 23:00:00+00:00,25.5,88,2.29
Islamabad,2026-08-31 00:00:00+00:00,25.0,91,2.05
Islamabad,2026-08-31 01:00:00+00:00,25.2,91,1.7
Islamabad,2026-08-31 02:00:00+00:00,26.1,88,1.3
Islamabad,2026-08-31 03:00:00+00:00,27.5,80,1.07
Islamabad,2026-08-31 04:00:00+00:00,29.0,72,1.44
Islamabad,2026-08-31 05:00:00+00:00,30.3,67,1.61
Islamabad,2026-08-31 06:00:00+00:00,31.2,63,1.25
Islamabad,2026-08-31 07:00:00+00:00,32.2,60,1.33
Islamabad,2026-08-31 08:00:00+00:00,32.6,58,2.29
Islamabad,2026-08-31 09:00:00+00:00,30.0,70,1.1
Islamabad,2026-08-31 10:00:00+00:00,29.9,73,2.79
Karachi,2026-08-01 11:00:00+00:00,31.1,73,4.54
Karachi,2026-08-01 12:00:00+00:00,30.8,72,4.14
Karachi,2026-08-01 13:00:00+00:00,30.1,75,3.84
Karachi,2026-08-01 14:00:00+00:00,29.5,78,3.34
Karachi,2026-08-01 15:00:00+00:00,29.2,79,3.3
Karachi,2026-08-01 16:00:00+00:00,29.0,80,3.2
Karachi,2026-08-01 17:00:00+00:00,28.8,81,3.38
Karachi,2026-08-01 18:00:00+00:00,29.0,77,3.21
Karachi,2026-08-01 19:00:00+00:00,28.9,78,2.97
Karachi,2026-08-01 20:00:00+00:00,28.7,79,2.94
Karachi,2026-08-01 21:00:00+00:00,28.6,80,2.5
Karachi,2026-08-01 22:00:00+00:00,28.5,80,2.9
Karachi,2026-08-01 23:00:00+00:00,28.5,80,3.18
Karachi,2026-08-02 00:00:00+00:00,28.5,80,3.07
Karachi,2026-08-02 01:00:00+00:00,28.3,81,3.18
Karachi,2026-08-02 02:00:00+00:00,28.2,82,3.13
Karachi,2026-08-02 03:00:00+00:00,28.4,81,2.97
Karachi,2026-08-02 04:00:00+00:00,28.6,79,3.22
Karachi,2026-08-02 05:00:00+00:00,29.2,76,3.13
Karachi,2026-08-02 06:00:00+00:00,28.9,74,2.91
Karachi,2026-08-02 07:00:00+00:00,28.9,75,3.38
Karachi,2026-08-02 08:00:00+00:00,29.0,75,3.4
Karachi,2026-08-02 09:00:00+00:00,29.2,74,3.49
Karachi,2026-08-02 10:00:00+00:00,29.3,73,4.16
Karachi,2026-08-02 11:00:00+00:00,29.3,71,3.38
Karachi,2026-08-02 12:00:00+00:00,29.6,71,3.49
Karachi,2026-08-02 13:00:00+00:00,29.2,72,3.29
Karachi,2026-08-02 14:00:00+00:00,28.7,77,3.05
Karachi,2026-08-02 15:00:00+00:00,28.5,79,2.9
Karachi,2026-08-02 16:00:00+00:00,28.5,79,3.05
Karachi,2026-08-02 17:00:00+00:00,28.3,80,3.45
Karachi,2026-08-02 18:00:00+00:00,28.2,81,3.05
Karachi,2026-08-02 19:00:00+00:00,27.9,83,3.23
Karachi,2026-08-02 20:00:00+00:00,27.5,84,3.06
Karachi,2026-08-02 21:00:00+00:00,27.3,85,2.6
Karachi,2026-08-02 22:00:00+00:00,27.2,86,2.64
Karachi,2026-08-02 23:00:00+00:00,27.3,85,2.48
Karachi,2026-08-03 00:00:00+00:00,28.1,82,3.14
Karachi,2026-08-03 01:00:00+00:00,27.9,83,3.18
Karachi,2026-08-03 02:00:00+00:00,28.1,82,3.59
Karachi,2026-08-03 03:00:00+00:00,28.4,79,3.55
Karachi,2026-08-03 04:00:00+00:00,28.6,78,3.53
Karachi,2026-08-03 05:00:00+00:00,29.2,74,3.75
Karachi,2026-08-03 06:00:00+00:00,30.2,69,3.96
Karachi,2026-08-03 07:00:00+00:00,30.0,70,4.24
Karachi,2026-08-03 08:00:00+00:00,30.8,68,4.28
Karachi,2026-08-03 09:00:00+00:00,31.0,68,4.34
Karachi,2026-08-03 10:00:00+00:00,30.8,67,4.35
Karachi,2026-08-03 11:00:00+00:00,30.3,70,4.71
Karachi,2026-08-03 12:00:00+00:00,30.1,68,4.63
Karachi,2026-08-03 13:00:00+00:00,29.3,72,4.15
Karachi,2026-08-03 14:00:00+00:00,28.8,74,3.87
Karachi,2026-08-03 15:00:00+00:00,28.6,75,4.0
Karachi,2026-08-03 16:00:00+00:00,28.4,77,4.03
Karachi,2026-08-03 17:00:00+00:00,28.2,79,3.92
Karachi,2026-08-03 18:00:00+00:00,28.1,78,3.36
Karachi,2026-08-03 19:00:00+00:00,27.8,80,3.25
Karachi,2026-08-03 20:00:00+00:00,27.6,82,3.28
Karachi,2026-08-03 21:00:00+00:00,27.5,82,3.21
Karachi,2026-08-03 22:00:00+00:00,27.4,83,3.05
Karachi,2026-08-03 23:00:00+00:00,27.4,83,2.78
Karachi,2026-08-04 00:00:00+00:00,28.0,81,2.75
Karachi,2026-08-04 01:00:00+00:00,27.8,81,2.78
Karachi,2026-08-04 02:00:00+00:00,28.3,77,2.99
Karachi,2026-08-04 03:00:00+00:00,29.3,71,3.7
Karachi,2026-08-04 04:00:00+00:00,30.0,67,4.01
Karachi,2026-08-04 05:00:00+00:00,30.3,67,3.91
Karachi,2026-08-04 06:00:00+00:00,31.0,63,4.27
Karachi,2026-08-04 07:00:00+00:00,31.3,62,4.22
Karachi,2026-08-04 08:00:00+00:00,31.4,62,4.14
Karachi,2026-08-04 09:00:00+00:00,31.3,63,3.93
Karachi,2026-08-04 10:00:00+00:00,31.2,63,3.83
Karachi,2026-08-04 11:00:00+00:00,30.6,66,3.8
Karachi,2026-08-04 12:00:00+00:00,30.5,67,3.62
Karachi,2026-08-04 13:00:00+00:00,29.5,72,3.8
Karachi,2026-08-04 14:00:00+00:00,29.1,76,3.83
Karachi,2026-08-04 15:00:00+00:00,28.7,77,4.05
Karachi,2026-08-04 16:00:00+00:00,28.4,78,3.43
Karachi,2026-08-04 17:00:00+00:00,28.2,79,3.45
Karachi,2026-08-04 18:00:00+00:00,28.4,80,3.24
Karachi,2026-08-04 19:00:00+00:00,28.1,83,3.36
Karachi,2026-08-04 20:00:00+00:00,27.9,85,3.88
Karachi,2026-08-04 21:00:00+00:00,27.7,86,3.84
Karachi,2026-08-04 22:00:00+00:00,27.6,87,3.81
Karachi,2026-08-04 23:00:00+00:00,27.5,87,3.71
Karachi,2026-08-05 00:00:00+00:00,28.0,83,3.26
Karachi,2026-08-05 01:00:00+00:00,27.8,85,3.36
Karachi,2026-08-05 02:00:00+00:00,28.0,83,3.53
Karachi,2026-08-05 03:00:00+00:00,29.0,77,3.89
Karachi,2026-08-05 04:00:00+00:00,30.1,70,3.83
Karachi,2026-08-05 05:00:00+00:00,31.2,64,4.15
Karachi,2026-08-05 06:00:00+00:00,31.1,64,4.54
Karachi,2026-08-05 07:00:00+00:00,31.3,63,4.63
Karachi,2026-08-05 08:00:00+00:00,31.5,61,4.63
Karachi,2026-08-05 09:00:00+00:00,31.7,62,4.9
Karachi,2026-08-05 10:00:00+00:00,31.4,63,4.97
Karachi,2026-08-05 11:00:00+00:00,31.0,66,5.13
Karachi,2026-08-05 12:00:00+00:00,30.3,70,5.05
Karachi,2026-08-05 13:00:00+00:00,29.5,74,5.13
Karachi,2026-08-05 14:00:00+00:00,28.7,78,4.85
Karachi,2026-08-05 15:00:00+00:00,28.3,80,4.44
Karachi,2026-08-05 16:00:00+00:00,28.4,80,3.88
Karachi,2026-08-05 17:00:00+00:00,28.4,80,3.62
Karachi,2026-08-05 18:00:00+00:00,28.5,81,4.09
Karachi,2026-08-05 19:00:00+00:00,28.1,83,3.83
Karachi,2026-08-05 20:00:00+00:00,27.8,85,3.5
Karachi,2026-08-05 21:00:00+00:00,27.8,86,3.3
Karachi,2026-08-05 22:00:00+00:00,27.6,87,3.6
Karachi,2026-08-05 23:00:00+00:00,27.5,88,3.85
Karachi,2026-08-06 00:00:00+00:00,27.5,87,3.84
Karachi,2026-08-06 01:00:00+00:00,27.4,88,3.75
Karachi,2026-08-06 02:00:00+00:00,27.8,85,4.43
Karachi,2026-08-06 03:00:00+00:00,28.7,79,4.59
Karachi,2026-08-06 04:00:00+00:00,29.6,73,4.74
Karachi,2026-08-06 05:00:00+00:00,30.0,71,4.74
Karachi,2026-08-06 06:00:00+00:00,30.4,70,4.91
Karachi,2026-08-06 07:00:00+00:00,30.9,68,4.98
Karachi,2026-08-06 08:00:00+00:00,30.9,69,5.04
Karachi,2026-08-06 09:00:00+00:00,30.6,70,5.19
Karachi,2026-08-06 10:00:00+00:00,30.5,71,5.24
Karachi,2026-08-06 11:00:00+00:00,30.4,71,5.41
Karachi,2026-08-06 12:00:00+00:00,30.1,72,4.97
Karachi,2026-08-06 13:00:00+00:00,29.4,73,4.74
Karachi,2026-08-06 14:00:00+00:00,28.8,77,4.64
Karachi,2026-08-06 15:00:00+00:00,28.5,78,4.35
Karachi,2026-08-06 16:00:00+00:00,28.2,79,4.49
Karachi,2026-08-06 17:00:00+00:00,27.8,85,4.18
Karachi,2026-08-06 18:00:00+00:00,27.9,84,3.85
Karachi,2026-08-06 19:00:00+00:00,27.6,85,3.62
Karachi,2026-08-06 20:00:00+00:00,27.5,86,3.29
Karachi,2026-08-06 21:00:00+00:00,27.3,87,2.82
Karachi,2026-08-06 22:00:00+00:00,27.4,85,3.51
Karachi,2026-08-06 23:00:00+00:00,27.3,85,3.67
Karachi,2026-08-07 00:00:00+00:00,27.5,84,3.35
Karachi,2026-08-07 01:00:00+00:00,27.4,85,3.12
Karachi,2026-08-07 02:00:00+00:00,27.9,83,3.14
Karachi,2026-08-07 03:00:00+00:00,28.8,77,3.94
Karachi,2026-08-07 04:00:00+00:00,29.5,72,4.11
Karachi,2026-08-07 05:00:00+00:00,30.5,67,4.16
Karachi,2026-08-07 06:00:00+00:00,30.7,65,4.48
Karachi,2026-08-07 07:00:00+00:00,30.9,65,4.24
Karachi,2026-08-07 08:00:00+00:00,31.7,61,4.27
Karachi,2026-08-07 09:00:00+00:00,31.1,65,4.65
Karachi,2026-08-07 10:00:00+00:00,30.2,70,4.57
Karachi,2026-08-07 11:00:00+00:00,30.3,68,4.49
Karachi,2026-08-07 12:00:00+00:00,30.0,69,4.24
Karachi,2026-08-07 13:00:00+00:00,29.2,72,3.59
Karachi,2026-08-07 14:00:00+00:00,28.7,74,3.73
Karachi,2026-08-07 15:00:00+00:00,28.4,77,4.03
Karachi,2026-08-07 16:00:00+00:00,28.1,79,3.37
Karachi,2026-08-07 17:00:00+00:00,27.8,81,3.58
Karachi,2026-08-07 18:00:00+00:00,28.1,81,3.32
Karachi,2026-08-07 19:00:00+00:00,28.0,81,3.07
Karachi,2026-08-07 20:00:00+00:00,27.9,81,3.19
Karachi,2026-08-07 21:00:00+00:00,27.7,83,3.44
Karachi,2026-08-07 22:00:00+00:00,27.5,84,3.32
Karachi,2026-08-07 23:00:00+00:00,27.3,85,2.99
Karachi,2026-08-08 00:00:00+00:00,27.3,86,2.99
Karachi,2026-08-08 01:00:00+00:00,27.0,87,2.66
Karachi,2026-08-08 02:00:00+00:00,27.5,84,2.93
Karachi,2026-08-08 03:00:00+00:00,28.3,79,3.4
Karachi,2026-08-08 04:00:00+00:00,29.2,73,3.64
Karachi,2026-08-08 05:00:00+00:00,30.2,67,3.85
Karachi,2026-08-08 06:00:00+00:00,30.3,67,4.06
Karachi,2026-08-08 07:00:00+00:00,29.9,70,4.29
Karachi,2026-08-08 08:00:00+00:00,30.8,66,4.17
Karachi,2026-08-08 09:00:00+00:00,30.9,65,4.0
Karachi,2026-08-08 10:00:00+00:00,30.5,66,3.68
Karachi,2026-08-08 11:00:00+00:00,30.6,64,3.23
Karachi,2026-08-08 12:00:00+00:00,30.6,65,3.26
Karachi,2026-08-08 13:00:00+00:00,29.7,68,3.25
Karachi,2026-08-08 14:00:00+00:00,29.0,72,3.36
Karachi,2026-08-08 15:00:00+00:00,28.4,77,3.29
Karachi,2026-08-08 16:00:00+00:00,28.2,79,3.18
Karachi,2026-08-08 17:00:00+00:00,28.0,80,3.19
Karachi,2026-08-08 18:00:00+00:00,27.9,80,2.93
Karachi,2026-08-08 19:00:00+00:00,27.6,82,2.76
Karachi,2026-08-08 20:00:00+00:00,27.4,83,2.71
Karachi,2026-08-08 21:00:00+00:00,27.2,84,2.4
Karachi,2026-08-08 22:00:00+00:00,27.0,85,2.1
Karachi,2026-08-08 23:00:00+00:00,26.7,87,2.35
Karachi,2026-08-09 00:00:00+00:00,27.1,84,2.35
Karachi,2026-08-09 01:00:00+00:00,27.0,85,2.21
Karachi,2026-08-09 02:00:00+00:00,27.5,83,2.47
Karachi,2026-08-09 03:00:00+00:00,28.5,77,2.96
Karachi,2026-08-09 04:00:00+00:00,29.6,71,2.9
Karachi,2026-08-09 05:00:00+00:00,30.8,65,2.82
Karachi,2026-08-09 06:00:00+00:00,31.1,64,2.89
Karachi,2026-08-09 07:00:00+00:00,30.7,67,3.47
Karachi,2026-08-09 08:00:00+00:00,30.7,68,4.03
Karachi,2026-08-09 09:00:00+00:00,31.0,67,4.17
Karachi,2026-08-09 10:00:00+00:00,30.6,68,4.43
Karachi,2026-08-09 11:00:00+00:00,30.2,69,4.39
Karachi,2026-08-09 12:00:00+00:00,30.1,68,4.4
Karachi,2026-08-09 13:00:00+00:00,29.1,73,3.89
Karachi,2026-08-09 14:00:00+00:00,28.6,75,3.47
Karachi,2026-08-09 15:00:00+00:00,28.3,77,3.09
Karachi,2026-08-09 16:00:00+00:00,28.2,78,3.59
Karachi,2026-08-09 17:00:00+00:00,28.0,79,3.48
Karachi,2026-08-09 18:00:00+00:00,28.2,78,3.97
Karachi,2026-08-09 19:00:00+00:00,27.8,80,4.2
Karachi,2026-08-09 20:00:00+00:00,27.5,83,3.54
Karachi,2026-08-09 21:00:00+00:00,27.3,84,2.71
Karachi,2026-08-09 22:00:00+00:00,27.1,86,2.6
Karachi,2026-08-09 23:00:00+00:00,27.0,86,3.1
Karachi,2026-08-10 00:00:00+00:00,27.3,84,3.59
Karachi,2026-08-10 01:00:00+00:00,27.2,85,3.2
Karachi,2026-08-10 02:00:00+00:00,27.6,83,3.62
Karachi,2026-08-10 03:00:00+00:00,28.5,78,3.78
Karachi,2026-08-10 04:00:00+00:00,29.6,71,4.45
Karachi,2026-08-10 05:00:00+00:00,30.7,64,4.69
Karachi,2026-08-10 06:00:00+00:00,30.6,66,5.25
Karachi,2026-08-10 07:00:00+00:00,31.1,64,5.24
Karachi,2026-08-10 08:00:00+00:00,30.8,65,5.15
Karachi,2026-08-10 09:00:00+00:00,30.6,67,5.23
Karachi,2026-08-10 10:00:00+00:00,30.0,70,5.41
Karachi,2026-08-10 11:00:00+00:00,29.6,73,5.43
Karachi,2026-08-10 12:00:00+00:00,29.5,70,5.61
Karachi,2026-08-10 13:00:00+00:00,28.5,74,5.58
Karachi,2026-08-10 14:00:00+00:00,27.8,77,5.05
Karachi,2026-08-10 15:00:00+00:00,27.7,77,4.75
Karachi,2026-08-10 16:00:00+00:00,27.7,77,4.03
Karachi,2026-08-10 17:00:00+00:00,27.5,81,3.78
Karachi,2026-08-10 18:00:00+00:00,27.8,81,4.05
Karachi,2026-08-10 19:00:00+00:00,27.4,83,3.88
Karachi,2026-08-10 20:00:00+00:00,27.2,85,3.71
Karachi,2026-08-10 21:00:00+00:00,27.1,86,3.59
Karachi,2026-08-10 22:00:00+00:00,27.1,86,3.47
Karachi,2026-08-10 23:00:00+00:00,27.1,86,3.53
Karachi,2026-08-11 00:00:00+00:00,27.4,83,4.16
Karachi,2026-08-11 01:00:00+00:00,27.4,83,4.02
Karachi,2026-08-11 02:00:00+00:00,27.7,83,3.93
Karachi,2026-08-11 03:00:00+00:00,28.7,76,4.59
Karachi,2026-08-11 04:00:00+00:00,29.2,72,5.03
Karachi,2026-08-11 05:00:00+00:00,29.5,71,5.12
Karachi,2026-08-11 06:00:00+00:00,30.1,69,5.25
Karachi,2026-08-11 07:00:00+00:00,30.2,69,5.33
Karachi,2026-08-11 08:00:00+00:00,30.1,69,5.09
Karachi,2026-08-11 09:00:00+00:00,30.2,71,4.74
Karachi,2026-08-11 10:00:00+00:00,29.8,72,4.7
Karachi,2026-08-11 11:00:00+00:00,29.9,72,4.68
Karachi,2026-08-11 12:00:00+00:00,29.5,73,4.48
Karachi,2026-08-11 13:00:00+00:00,28.6,77,4.33
Karachi,2026-08-11 14:00:00+00:00,28.0,80,4.01
Karachi,2026-08-11 15:00:00+00:00,27.6,83,3.53
Karachi,2026-08-11 16:00:00+00:00,27.3,85,3.23
Karachi,2026-08-11 17:00:00+00:00,27.1,87,3.11
Karachi,2026-08-11 18:00:00+00:00,27.4,84,3.3
Karachi,2026-08-11 19:00:00+00:00,27.0,86,2.82
Karachi,2026-08-11 20:00:00+00:00,26.8,87,2.55
Karachi,2026-08-11 21:00:00+00:00,26.7,88,2.71
Karachi,2026-08-11 22:00:00+00:00,26.4,89,2.93
Karachi,2026-08-11 23:00:00+00:00,26.5,88,2.86
Karachi,2026-08-12 00:00:00+00:00,27.0,88,2.78
Karachi,2026-08-12 01:00:00+00:00,26.9,88,3.03
Karachi,2026-08-12 02:00:00+00:00,27.1,87,3.2
Karachi,2026-08-12 03:00:00+00:00,27.9,81,3.65
Karachi,2026-08-12 04:00:00+00:00,28.9,75,3.65
Karachi,2026-08-12 05:00:00+00:00,29.6,72,3.85
Karachi,2026-08-12 06:00:00+00:00,30.0,69,4.07
Karachi,2026-08-12 07:00:00+00:00,29.8,70,4.23
Karachi,2026-08-12 08:00:00+00:00,30.6,67,4.13
Karachi,2026-08-12 09:00:00+00:00,30.5,67,3.86
Karachi,2026-08-12 10:00:00+00:00,30.6,67,3.65
Karachi,2026-08-12 11:00:00+00:00,30.1,70,3.65
Karachi,2026-08-12 12:00:00+00:00,29.7,70,3.87
Karachi,2026-08-12 13:00:00+00:00,28.9,74,3.8
Karachi,2026-08-12 14:00:00+00:00,28.4,78,3.34
Karachi,2026-08-12 15:00:00+00:00,28.2,79,2.97
Karachi,2026-08-12 16:00:00+00:00,28.1,80,2.98
Karachi,2026-08-12 17:00:00+00:00,28.0,81,2.88
Karachi,2026-08-12 18:00:00+00:00,28.0,81,3.57
Karachi,2026-08-12 19:00:00+00:00,27.5,84,3.25
Karachi,2026-08-12 20:00:00+00:00,27.3,85,3.25
Karachi,2026-08-12 21:00:00+00:00,27.0,86,2.96
Karachi,2026-08-12 22:00:00+00:00,26.9,87,2.71
Karachi,2026-08-12 23:00:00+00:00,26.8,88,3.07
Karachi,2026-08-13 00:00:00+00:00,27.1,86,2.96
Karachi,2026-08-13 01:00:00+00:00,27.0,86,2.97
Karachi,2026-08-13 02:00:00+00:00,27.0,86,3.3
Karachi,2026-08-13 03:00:00+00:00,28.2,79,3.94
Karachi,2026-08-13 04:00:00+00:00,29.4,73,4.25
Karachi,2026-08-13 05:00:00+00:00,30.1,68,4.2
Karachi,2026-08-13 06:00:00+00:00,30.2,67,4.29
Karachi,2026-08-13 07:00:00+00:00,30.2,67,4.35
Karachi,2026-08-13 08:00:00+00:00,30.5,66,4.45
Karachi,2026-08-13 09:00:00+00:00,30.9,64,4.48
Karachi,2026-08-13 10:00:00+00:00,30.5,64,4.45
Karachi,2026-08-13 11:00:00+00:00,30.2,66,4.47
Karachi,2026-08-13 12:00:00+00:00,29.6,69,4.66
Karachi,2026-08-13 13:00:00+00:00,28.7,74,4.12
Karachi,2026-08-13 14:00:00+00:00,28.0,77,4.06
Karachi,2026-08-13 15:00:00+00:00,27.9,77,4.02
Karachi,2026-08-13 16:00:00+00:00,27.8,77,4.34
Karachi,2026-08-13 17:00:00+00:00,27.4,81,4.16
Karachi,2026-08-13 18:00:00+00:00,27.3,82,4.3
Karachi,2026-08-13 19:00:00+00:00,27.1,82,3.66
Karachi,2026-08-13 20:00:00+00:00,26.7,85,3.37
Karachi,2026-08-13 21:00:00+00:00,26.6,86,3.26
Karachi,2026-08-13 22:00:00+00:00,26.7,85,3.52
Karachi,2026-08-13 23:00:00+00:00,26.6,85,3.61
Karachi,2026-08-14 00:00:00+00:00,26.8,82,3.57
Karachi,2026-08-14 01:00:00+00:00,26.8,82,3.76
Karachi,2026-08-14 02:00:00+00:00,27.1,81,4.0
Karachi,2026-08-14 03:00:00+00:00,28.1,75,4.34
Karachi,2026-08-14 04:00:00+00:00,29.0,69,4.56
Karachi,2026-08-14 05:00:00+00:00,29.6,66,4.81
Karachi,2026-08-14 06:00:00+00:00,30.2,63,5.31
Karachi,2026-08-14 07:00:00+00:00,29.6,67,5.04
Karachi,2026-08-14 08:00:00+00:00,29.7,69,5.36
Karachi,2026-08-14 09:00:00+00:00,29.2,73,5.34
Karachi,2026-08-14 10:00:00+00:00,29.6,71,5.37
Karachi,2026-08-14 11:00:00+00:00,29.1,72,5.46
Karachi,2026-08-14 12:00:00+00:00,29.3,69,4.99
Karachi,2026-08-14 13:00:00+00:00,28.6,73,4.55
Karachi,2026-08-14 14:00:00+00:00,28.1,75,4.53
Karachi,2026-08-14 15:00:00+00:00,27.7,77,4.19
Karachi,2026-08-14 16:00:00+00:00,27.5,78,3.88
Karachi,2026-08-14 17:00:00+00:00,27.3,80,3.73
Karachi,2026-08-14 18:00:00+00:00,27.4,80,4.15
Karachi,2026-08-14 19:00:00+00:00,27.1,82,3.46
Karachi,2026-08-14 20:00:00+00:00,26.9,83,3.16
Karachi,2026-08-14 21:00:00+00:00,27.0,82,3.24
Karachi,2026-08-14 22:00:00+00:00,27.0,83,3.54
Karachi,2026-08-14 23:00:00+00:00,26.9,85,3.67
Karachi,2026-08-15 00:00:00+00:00,27.3,82,3.73
Karachi,2026-08-15 01:00:00+00:00,27.2,83,3.43
Karachi,2026-08-15 02:00:00+00:00,27.4,82,3.34
Karachi,2026-08-15 03:00:00+00:00,27.9,78,3.83
Karachi,2026-08-15 04:00:00+00:00,28.5,75,4.13
Karachi,2026-08-15 05:00:00+00:00,29.3,71,4.34
Karachi,2026-08-15 06:00:00+00:00,30.0,67,4.48
Karachi,2026-08-15 07:00:00+00:00,29.5,71,4.63
Karachi,2026-08-15 08:00:00+00:00,30.2,68,4.47
Karachi,2026-08-15 09:00:00+00:00,30.1,70,4.6
Karachi,2026-08-15 10:00:00+00:00,29.7,73,4.7
Karachi,2026-08-15 11:00:00+00:00,29.5,73,4.56
Karachi,2026-08-15 12:00:00+00:00,29.1,75,4.42
Karachi,2026-08-15 13:00:00+00:00,28.4,77,3.86
Karachi,2026-08-15 14:00:00+00:00,27.7,81,3.47
Karachi,2026-08-15 15:00:00+00:00,27.5,82,3.26
Karachi,2026-08-15 16:00:00+00:00,27.4,83,3.54
Karachi,2026-08-15 17:00:00+00:00,27.2,85,3.47
Karachi,2026-08-15 18:00:00+00:00,27.4,85,3.49
Karachi,2026-08-15 19:00:00+00:00,27.1,86,3.19
Karachi,2026-08-15 20:00:00+00:00,27.1,86,3.02
Karachi,2026-08-15 21:00:00+00:00,27.0,86,3.02
Karachi,2026-08-15 22:00:00+00:00,26.6,89,3.02
Karachi,2026-08-15 23:00:00+00:00,26.6,89,3.28
Karachi,2026-08-16 00:00:00+00:00,27.0,88,3.56
Karachi,2026-08-16 01:00:00+00:00,27.1,87,3.38
Karachi,2026-08-16 02:00:00+00:00,27.3,85,3.26
Karachi,2026-08-16 03:00:00+00:00,27.9,82,3.31
Karachi,2026-08-16 04:00:00+00:00,29.2,74,3.76
Karachi,2026-08-16 05:00:00+00:00,29.9,70,4.66
Karachi,2026-08-16 06:00:00+00:00,29.4,73,4.99
Karachi,2026-08-16 07:00:00+00:00,29.3,74,4.92
Karachi,2026-08-16 08:00:00+00:00,29.7,72,4.92
Karachi,2026-08-16 09:00:00+00:00,29.9,70,4.66
Karachi,2026-08-16 10:00:00+00:00,29.7,71,4.58
Karachi,2026-08-16 11:00:00+00:00,29.2,74,4.7
Karachi,2026-08-16 12:00:00+00:00,29.0,75,4.87
Karachi,2026-08-16 13:00:00+00:00,28.4,76,4.76
Karachi,2026-08-16 14:00:00+00:00,27.8,79,4.63
Karachi,2026-08-16 15:00:00+00:00,27.7,81,4.56
Karachi,2026-08-16 16:00:00+00:00,27.5,81,4.49
Karachi,2026-08-16 17:00:00+00:00,27.2,84,4.07
Karachi,2026-08-16 18:00:00+00:00,27.3,83,4.0
Karachi,2026-08-16 19:00:00+00:00,27.0,83,3.81
Karachi,2026-08-16 20:00:00+00:00,26.9,84,3.98
Karachi,2026-08-16 21:00:00+00:00,26.7,85,4.17
Karachi,2026-08-16 22:00:00+00:00,26.7,84,4.27
Karachi,2026-08-16 23:00:00+00:00,26.7,84,4.16
Karachi,2026-08-17 00:00:00+00:00,26.8,87,3.52
Karachi,2026-08-17 01:00:00+00:00,26.8,86,3.4
Karachi,2026-08-17 02:00:00+00:00,26.9,84,3.38
Karachi,2026-08-17 03:00:00+00:00,27.9,79,4.22
Karachi,2026-08-17 04:00:00+00:00,28.7,74,4.57
Karachi,2026-08-17 05:00:00+00:00,29.6,69,4.54
Karachi,2026-08-17 06:00:00+00:00,30.3,65,4.7
Karachi,2026-08-17 07:00:00+00:00,29.5,70,4.88
Karachi,2026-08-17 08:00:00+00:00,29.5,71,5.18
Karachi,2026-08-17 09:00:00+00:00,29.6,71,5.24
Karachi,2026-08-17 10:00:00+00:00,29.7,70,5.21
Karachi,2026-08-17 11:00:00+00:00,29.1,72,5.31
Karachi,2026-08-17 12:00:00+00:00,28.9,74,5.19
Karachi,2026-08-17 13:00:00+00:00,28.3,78,4.98
Karachi,2026-08-17 14:00:00+00:00,27.7,80,4.9
Karachi,2026-08-17 15:00:00+00:00,27.3,83,4.7
Karachi,2026-08-17 16:00:00+00:00,27.2,83,4.42
Karachi,2026-08-17 17:00:00+00:00,27.2,83,3.81
Karachi,2026-08-17 18:00:00+00:00,27.3,84,3.87
Karachi,2026-08-17 19:00:00+00:00,27.2,84,3.67
Karachi,2026-08-17 20:00:00+00:00,27.0,84,3.75
Karachi,2026-08-17 21:00:00+00:00,26.9,86,3.8
Karachi,2026-08-17 22:00:00+00:00,26.7,87,3.81
Karachi,2026-08-17 23:00:00+00:00,26.8,88,3.89
Karachi,2026-08-18 00:00:00+00:00,27.2,82,3.96
Karachi,2026-08-18 01:00:00+00:00,27.0,84,3.71
Karachi,2026-08-18 02:00:00+00:00,27.3,83,3.65
Karachi,2026-08-18 03:00:00+00:00,28.4,76,4.91
Karachi,2026-08-18 04:00:00+00:00,29.2,71,4.87
Karachi,2026-08-18 05:00:00+00:00,29.8,69,4.81
Karachi,2026-08-18 06:00:00+00:00,30.3,62,5.31
Karachi,2026-08-18 07:00:00+00:00,30.5,63,5.34
Karachi,2026-08-18 08:00:00+00:00,30.5,64,5.44
Karachi,2026-08-18 09:00:00+00:00,30.1,67,5.63
Karachi,2026-08-18 10:00:00+00:00,29.7,70,5.82
Karachi,2026-08-18 11:00:00+00:00,29.0,74,5.62
Karachi,2026-08-18 12:00:00+00:00,29.2,70,5.37
Karachi,2026-08-18 13:00:00+00:00,28.5,72,5.28
Karachi,2026-08-18 14:00:00+00:00,28.0,76,5.37
Karachi,2026-08-18 15:00:00+00:00,27.7,79,5.11
Karachi,2026-08-18 16:00:00+00:00,27.7,80,5.14
Karachi,2026-08-18 17:00:00+00:00,27.5,82,4.65
Karachi,2026-08-18 18:00:00+00:00,27.4,81,4.7
Karachi,2026-08-18 19:00:00+00:00,27.1,81,4.37
Karachi,2026-08-18 20:00:00+00:00,27.0,82,4.24
Karachi,2026-08-18 21:00:00+00:00,26.8,83,4.25
Karachi,2026-08-18 22:00:00+00:00,26.8,84,4.27
Karachi,2026-08-18 23:00:00+00:00,26.7,85,4.36
Karachi,2026-08-19 00:00:00+00:00,27.1,83,4.66
Karachi,2026-08-19 01:00:00+00:00,26.9,83,4.42
Karachi,2026-08-19 02:00:00+00:00,27.2,81,4.22
Karachi,2026-08-19 03:00:00+00:00,28.1,75,5.18
Karachi,2026-08-19 04:00:00+00:00,29.0,70,5.06
Karachi,2026-08-19 05:00:00+00:00,30.1,63,5.15
Karachi,2026-08-19 06:00:00+00:00,30.1,65,5.55
Karachi,2026-08-19 07:00:00+00:00,30.6,63,5.47
Karachi,2026-08-19 08:00:00+00:00,30.2,66,5.51
Karachi,2026-08-19 09:00:00+00:00,29.8,68,5.46
Karachi,2026-08-19 10:00:00+00:00,30.1,67,5.76
Karachi,2026-08-19 11:00:00+00:00,29.2,72,5.68
Karachi,2026-08-19 12:00:00+00:00,29.2,67,5.51
Karachi,2026-08-19 13:00:00+00:00,28.2,72,5.17
Karachi,2026-08-19 14:00:00+00:00,27.9,75,4.84
Karachi,2026-08-19 15:00:00+00:00,27.7,78,4.45
Karachi,2026-08-19 16:00:00+00:00,27.5,81,4.99
Karachi,2026-08-19 17:00:00+00:00,27.3,82,4.92
Karachi,2026-08-19 18:00:00+00:00,27.4,79,4.6
Karachi,2026-08-19 19:00:00+00:00,27.3,80,4.66
Karachi,2026-08-19 20:00:00+00:00,27.1,82,4.8
Karachi,2026-08-19 21:00:00+00:00,26.9,83,4.53
Karachi,2026-08-19 22:00:00+00:00,26.8,84,4.22
Karachi,2026-08-19 23:00:00+00:00,26.7,85,4.17
Karachi,2026-08-20 00:00:00+00:00,26.9,83,3.83
Karachi,2026-08-20 01:00:00+00:00,27.0,80,3.73
Karachi,2026-08-20 02:00:00+00:00,27.2,78,3.58
Karachi,2026-08-20 03:00:00+00:00,28.0,75,4.74
Karachi,2026-08-20 04:00:00+00:00,28.6,73,4.95
Karachi,2026-08-20 05:00:00+00:00,29.3,70,4.76
Karachi,2026-08-20 06:00:00+00:00,29.5,69,4.78
Karachi,2026-08-20 07:00:00+00:00,29.6,69,4.81
Karachi,2026-08-20 08:00:00+00:00,29.6,70,4.56
Karachi,2026-08-20 09:00:00+00:00,30.2,67,4.63
Karachi,2026-08-20 10:00:00+00:00,29.9,68,4.55
Karachi,2026-08-20 11:00:00+00:00,29.3,71,4.81
Karachi,2026-08-20 12:00:00+00:00,29.0,72,4.86
Karachi,2026-08-20 13:00:00+00:00,28.3,75,4.78
Karachi,2026-08-20 14:00:00+00:00,27.7,79,4.61
Karachi,2026-08-20 15:00:00+00:00,27.6,79,4.41
Karachi,2026-08-20 16:00:00+00:00,27.3,81,4.43
Karachi,2026-08-20 17:00:00+00:00,27.2,83,4.45
Karachi,2026-08-20 18:00:00+00:00,27.3,82,3.82
Karachi,2026-08-20 19:00:00+00:00,27.0,83,3.45
Karachi,2026-08-20 20:00:00+00:00,26.8,84,3.51
Karachi,2026-08-20 21:00:00+00:00,26.8,85,3.54
Karachi,2026-08-20 22:00:00+00:00,26.7,85,3.5
Karachi,2026-08-20 23:00:00+00:00,26.6,86,3.76
Karachi,2026-08-21 00:00:00+00:00,26.8,85,3.88
Karachi,2026-08-21 01:00:00+00:00,26.8,86,3.76
Karachi,2026-08-21 02:00:00+00:00,27.1,84,3.54
Karachi,2026-08-21 03:00:00+00:00,27.8,79,4.01
Karachi,2026-08-21 04:00:00+00:00,28.7,74,4.35
Karachi,2026-08-21 05:00:00+00:00,28.9,74,4.56
Karachi,2026-08-21 06:00:00+00:00,29.6,70,4.94
Karachi,2026-08-21 07:00:00+00:00,29.3,71,4.76
Karachi,2026-08-21 08:00:00+00:00,29.4,71,4.61
Karachi,2026-08-21 09:00:00+00:00,29.9,70,4.85
Karachi,2026-08-21 10:00:00+00:00,29.8,70,4.97
Karachi,2026-08-21 11:00:00+00:00,29.5,70,4.99
Karachi,2026-08-21 12:00:00+00:00,28.5,73,4.83
Karachi,2026-08-21 13:00:00+00:00,28.1,75,4.3
Karachi,2026-08-21 14:00:00+00:00,27.5,78,4.24
Karachi,2026-08-21 15:00:00+00:00,27.2,82,4.29
Karachi,2026-08-21 16:00:00+00:00,26.9,84,4.2
Karachi,2026-08-21 17:00:00+00:00,26.8,85,4.23
Karachi,2026-08-21 18:00:00+00:00,27.1,81,3.96
Karachi,2026-08-21 19:00:00+00:00,26.9,82,3.81
Karachi,2026-08-21 20:00:00+00:00,26.8,83,3.71
Karachi,2026-08-21 21:00:00+00:00,26.7,84,3.86
Karachi,2026-08-21 22:00:00+00:00,26.6,84,4.0
Karachi,2026-08-21 23:00:00+00:00,26.4,86,4.17
Karachi,2026-08-22 00:00:00+00:00,26.5,88,4.07
Karachi,2026-08-22 01:00:00+00:00,26.4,87,3.85
Karachi,2026-08-22 02:00:00+00:00,26.8,85,3.45
Karachi,2026-08-22 03:00:00+00:00,27.4,81,4.67
Karachi,2026-08-22 04:00:00+00:00,27.9,78,5.15
Karachi,2026-08-22 05:00:00+00:00,28.8,74,5.41
Karachi,2026-08-22 06:00:00+00:00,28.9,72,5.71
Karachi,2026-08-22 07:00:00+00:00,29.4,70,5.42
Karachi,2026-08-22 08:00:00+00:00,30.1,65,5.11
Karachi,2026-08-22 09:00:00+00:00,30.1,66,5.13
Karachi,2026-08-22 10:00:00+00:00,29.2,71,5.03
Karachi,2026-08-22 11:00:00+00:00,29.0,72,5.02
Karachi,2026-08-22 12:00:00+00:00,28.5,74,5.12
Karachi,2026-08-22 13:00:00+00:00,28.0,76,5.02
Karachi,2026-08-22 14:00:00+00:00,27.3,81,4.71
Karachi,2026-08-22 15:00:00+00:00,27.0,83,4.36
Karachi,2026-08-22 16:00:00+00:00,26.9,84,3.82
Karachi,2026-08-22 17:00:00+00:00,26.8,85,4.02
Karachi,2026-08-22 18:00:00+00:00,26.9,85,4.06
Karachi,2026-08-22 19:00:00+00:00,26.7,86,3.8
Karachi,2026-08-22 20:00:00+00:00,26.5,87,3.7
Karachi,2026-08-22 21:00:00+00:00,26.4,88,3.6
Karachi,2026-08-22 22:00:00+00:00,26.5,87,3.6
Karachi,2026-08-22 23:00:00+00:00,26.4,88,3.53
Karachi,2026-08-23 00:00:00+00:00,26.5,88,3.9
Karachi,2026-08-23 01:00:00+00:00,26.5,88,4.02
Karachi,2026-08-23 02:00:00+00:00,26.6,87,4.05
Karachi,2026-08-23 03:00:00+00:00,27.2,83,4.24
Karachi,2026-08-23 04:00:00+00:00,28.1,78,4.09
Karachi,2026-08-23 05:00:00+00:00,28.5,76,4.02
Karachi,2026-08-23 06:00:00+00:00,28.6,74,4.25
Karachi,2026-08-23 07:00:00+00:00,29.2,72,4.19
Karachi,2026-08-23 08:00:00+00:00,29.2,72,3.98
Karachi,2026-08-23 09:00:00+00:00,28.9,74,4.07
Karachi,2026-08-23 10:00:00+00:00,28.7,75,3.78
Karachi,2026-08-23 11:00:00+00:00,28.6,75,3.76
Karachi,2026-08-23 12:00:00+00:00,28.3,77,3.43
Karachi,2026-08-23 13:00:00+00:00,27.9,78,3.33
Karachi,2026-08-23 14:00:00+00:00,27.4,81,3.35
Karachi,2026-08-23 15:00:00+00:00,26.8,85,3.13
Karachi,2026-08-23 16:00:00+00:00,26.7,86,2.83
Karachi,2026-08-23 17:00:00+00:00,26.7,86,2.45
Karachi,2026-08-23 18:00:00+00:00,27.3,83,2.19
Karachi,2026-08-23 19:00:00+00:00,26.9,86,2.14
Karachi,2026-08-23 20:00:00+00:00,26.6,88,2.27
Karachi,2026-08-23 21:00:00+00:00,26.3,89,2.44
Karachi,2026-08-23 22:00:00+00:00,26.2,90,2.38
Karachi,2026-08-23 23:00:00+00:00,26.1,90,2.11
Karachi,2026-08-24 00:00:00+00:00,26.2,90,2.15
Karachi,2026-08-24 01:00:00+00:00,26.1,91,1.89
Karachi,2026-08-24 02:00:00+00:00,26.3,91,1.77
Karachi,2026-08-24 03:00:00+00:00,27.6,83,2.25
Karachi,2026-08-24 04:00:00+00:00,28.9,75,2.32
Karachi,2026-08-24 05:00:00+00:00,29.9,70,2.44
Karachi,2026-08-24 06:00:00+00:00,29.9,72,2.89
Karachi,2026-08-24 07:00:00+00:00,30.2,72,3.0
Karachi,2026-08-24 08:00:00+00:00,30.5,71,3.11
Karachi,2026-08-24 09:00:00+00:00,30.1,73,3.51
Karachi,2026-08-24 10:00:00+00:00,30.0,74,3.49
Karachi,2026-08-24 11:00:00+00:00,29.5,75,3.33
Karachi,2026-08-24 12:00:00+00:00,29.3,72,3.34
Karachi,2026-08-24 13:00:00+00:00,28.3,78,3.07
Karachi,2026-08-24 14:00:00+00:00,27.6,82,2.84
Karachi,2026-08-24 15:00:00+00:00,27.4,84,3.62
Karachi,2026-08-24 16:00:00+00:00,27.0,87,3.48
Karachi,2026-08-24 17:00:00+00:00,26.9,87,3.5
Karachi,2026-08-24 18:00:00+00:00,26.9,87,2.96
Karachi,2026-08-24 19:00:00+00:00,26.8,87,2.86
Karachi,2026-08-24 20:00:00+00:00,26.6,87,2.82
Karachi,2026-08-24 21:00:00+00:00,26.4,89,2.79
Karachi,2026-08-24 22:00:00+00:00,26.3,89,2.75
Karachi,2026-08-24 23:00:00+00:00,26.2,89,2.42
Karachi,2026-08-25 00:00:00+00:00,26.1,90,2.19
Karachi,2026-08-25 01:00:00+00:00,26.1,90,2.03
Karachi,2026-08-25 02:00:00+00:00,26.4,88,1.96
Karachi,2026-08-25 03:00:00+00:00,27.5,81,2.43
Karachi,2026-08-25 04:00:00+00:00,28.7,74,2.51
Karachi,2026-08-25 05:00:00+00:00,29.7,68,2.72
Karachi,2026-08-25 06:00:00+00:00,30.0,68,3.46
Karachi,2026-08-25 07:00:00+00:00,29.7,70,3.73
Karachi,2026-08-25 08:00:00+00:00,29.7,70,3.82
Karachi,2026-08-25 09:00:00+00:00,30.2,67,4.0
Karachi,2026-08-25 10:00:00+00:00,29.8,68,4.1
Karachi,2026-08-25 11:00:00+00:00,29.2,71,4.17
Karachi,2026-08-25 12:00:00+00:00,29.1,69,3.73
Karachi,2026-08-25 13:00:00+00:00,28.3,73,3.54
Karachi,2026-08-25 14:00:00+00:00,27.8,74,3.59
Karachi,2026-08-25 15:00:00+00:00,27.4,76,3.59
Karachi,2026-08-25 16:00:00+00:00,27.3,77,3.35
Karachi,2026-08-25 17:00:00+00:00,27.2,78,3.38
Karachi,2026-08-25 18:00:00+00:00,27.3,78,3.04
Karachi,2026-08-25 19:00:00+00:00,27.1,80,2.86
Karachi,2026-08-25 20:00:00+00:00,27.0,80,2.95
Karachi,2026-08-25 21:00:00+00:00,26.8,81,3.18
Karachi,2026-08-25 22:00:00+00:00,26.8,82,3.17
Karachi,2026-08-25 23:00:00+00:00,26.7,82,3.06
Karachi,2026-08-26 00:00:00+00:00,26.5,84,2.89
Karachi,2026-08-26 01:00:00+00:00,26.4,84,3.06
Karachi,2026-08-26 02:00:00+00:00,26.7,82,3.16
Karachi,2026-08-26 03:00:00+00:00,27.7,77,3.58
Karachi,2026-08-26 04:00:00+00:00,28.6,71,3.87
Karachi,2026-08-26 05:00:00+00:00,29.4,67,4.11
Karachi,2026-08-26 06:00:00+00:00,29.9,65,4.15
Karachi,2026-08-26 07:00:00+00:00,30.3,63,4.41
Karachi,2026-08-26 08:00:00+00:00,30.2,64,4.47
Karachi,2026-08-26 09:00:00+00:00,30.4,65,4.57
Karachi,2026-08-26 10:00:00+00:00,30.1,66,4.61
Karachi,2026-08-26 11:00:00+00:00,29.3,70,4.59
Karachi,2026-08-26 12:00:00+00:00,29.2,69,4.57
Karachi,2026-08-26 13:00:00+00:00,28.3,73,4.25
Karachi,2026-08-26 14:00:00+00:00,27.8,76,4.15
Karachi,2026-08-26 15:00:00+00:00,27.6,77,4.13
Karachi,2026-08-26 16:00:00+00:00,27.5,78,4.29
Karachi,2026-08-26 17:00:00+00:00,27.2,80,4.29
Karachi,2026-08-26 18:00:00+00:00,27.2,80,4.14
Karachi,2026-08-26 19:00:00+00:00,26.8,82,3.91
Karachi,2026-08-26 20:00:00+00:00,26.7,82,3.78
Karachi,2026-08-26 21:00:00+00:00,26.4,83,3.88
Karachi,2026-08-26 22:00:00+00:00,26.4,84,3.95
Karachi,2026-08-26 23:00:00+00:00,26.3,85,4.29
Karachi,2026-08-27 00:00:00+00:00,26.4,83,4.42
Karachi,2026-08-27 01:00:00+00:00,26.3,83,4.4
Karachi,2026-08-27 02:00:00+00:00,26.5,82,4.47
Karachi,2026-08-27 03:00:00+00:00,27.3,77,5.16
Karachi,2026-08-27 04:00:00+00:00,28.1,72,5.29
Karachi,2026-08-27 05:00:00+00:00,28.6,70,5.4
Karachi,2026-08-27 06:00:00+00:00,29.2,68,5.67
Karachi,2026-08-27 07:00:00+00:00,29.4,67,5.53
Karachi,2026-08-27 08:00:00+00:00,29.5,66,5.25
Karachi,2026-08-27 09:00:00+00:00,29.8,65,5.19
Karachi,2026-08-27 10:00:00+00:00,29.4,67,5.14
Karachi,2026-08-27 11:00:00+00:00,29.0,69,5.09
Karachi,2026-08-27 12:00:00+00:00,29.2,67,5.29
Karachi,2026-08-27 13:00:00+00:00,28.1,73,5.25
Karachi,2026-08-27 14:00:00+00:00,27.4,77,5.08
Karachi,2026-08-27 15:00:00+00:00,27.1,80,4.56
Karachi,2026-08-27 16:00:00+00:00,26.8,83,4.09
Karachi,2026-08-27 17:00:00+00:00,26.7,84,4.29
Karachi,2026-08-27 18:00:00+00:00,26.8,83,4.32
Karachi,2026-08-27 19:00:00+00:00,26.4,85,4.21
Karachi,2026-08-27 20:00:00+00:00,26.2,87,3.97
Karachi,2026-08-27 21:00:00+00:00,26.0,89,3.87
Karachi,2026-08-27 22:00:00+00:00,25.8,90,3.62
Karachi,2026-08-27 23:00:00+00:00,25.8,90,3.6
Karachi,2026-08-28 00:00:00+00:00,25.8,91,4.05
Karachi,2026-08-28 01:00:00+00:00,25.7,92,3.98
Karachi,2026-08-28 02:00:00+00:00,26.0,90,4.14
Karachi,2026-08-28 03:00:00+00:00,27.1,81,4.66
Karachi,2026-08-28 04:00:00+00:00,28.1,75,4.85
Karachi,2026-08-28 05:00:00+00:00,29.1,70,4.95
Karachi,2026-08-28 06:00:00+00:00,29.6,65,5.33
Karachi,2026-08-28 07:00:00+00:00,29.4,65,5.13
Karachi,2026-08-28 08:00:00+00:00,29.6,65,4.95
Karachi,2026-08-28 09:00:00+00:00,30.2,63,4.83
Karachi,2026-08-28 10:00:00+00:00,29.4,69,5.01
Karachi,2026-08-28 11:00:00+00:00,28.9,71,5.08
Karachi,2026-08-28 12:00:00+00:00,28.5,75,5.33
Karachi,2026-08-28 13:00:00+00:00,27.4,81,5.21
Karachi,2026-08-28 14:00:00+00:00,26.7,84,4.91
Karachi,2026-08-28 15:00:00+00:00,26.4,86,4.84
Karachi,2026-08-28 16:00:00+00:00,26.4,85,4.47
Karachi,2026-08-28 17:00:00+00:00,26.4,85,4.19
Karachi,2026-08-28 18:00:00+00:00,26.4,87,4.44
Karachi,2026-08-28 19:00:00+00:00,26.0,91,4.1
Karachi,2026-08-28 20:00:00+00:00,26.1,91,3.69
Karachi,2026-08-28 21:00:00+00:00,25.8,92,4.02
Karachi,2026-08-28 22:00:00+00:00,25.8,91,4.05
Karachi,2026-08-28 23:00:00+00:00,25.8,90,4.4
Karachi,2026-08-29 00:00:00+00:00,25.9,90,4.68
Karachi,2026-08-29 01:00:00+00:00,25.8,91,4.68
Karachi,2026-08-29 02:00:00+00:00,25.8,90,4.86
Karachi,2026-08-29 03:00:00+00:00,27.0,81,5.42
Karachi,2026-08-29 04:00:00+00:00,27.8,76,5.68
Karachi,2026-08-29 05:00:00+00:00,28.8,71,5.8
Karachi,2026-08-29 06:00:00+00:00,28.7,70,6.16
Karachi,2026-08-29 07:00:00+00:00,29.1,67,5.9
Karachi,2026-08-29 08:00:00+00:00,29.3,67,5.95
Karachi,2026-08-29 09:00:00+00:00,29.0,70,5.9
Karachi,2026-08-29 10:00:00+00:00,28.5,73,5.71
Karachi,2026-08-29 11:00:00+00:00,28.3,73,5.57
Karachi,2026-08-29 12:00:00+00:00,28.1,74,5.75
Karachi,2026-08-29 13:00:00+00:00,27.3,78,5.45
Karachi,2026-08-29 14:00:00+00:00,26.7,82,4.93
Karachi,2026-08-29 15:00:00+00:00,26.3,85,4.47
Karachi,2026-08-29 16:00:00+00:00,26.2,87,3.9
Karachi,2026-08-29 17:00:00+00:00,26.0,87,3.67
Karachi,2026-08-29 18:00:00+00:00,26.4,86,4.23
Karachi,2026-08-29 19:00:00+00:00,26.1,88,3.99
Karachi,2026-08-29 20:00:00+00:00,26.0,89,4.06
Karachi,2026-08-29 21:00:00+00:00,25.8,91,4.21
Karachi,2026-08-29 22:00:00+00:00,25.7,91,4.31
Karachi,2026-08-29 23:00:00+00:00,25.8,90,4.67
Karachi,2026-08-30 00:00:00+00:00,25.9,87,4.89
Karachi,2026-08-30 01:00:00+00:00,25.8,88,4.57
Karachi,2026-08-30 02:00:00+00:00,26.1,87,4.57
Karachi,2026-08-30 03:00:00+00:00,26.9,82,5.3
Karachi,2026-08-30 04:00:00+00:00,27.7,76,5.57
Karachi,2026-08-30 05:00:00+00:00,28.4,73,5.8
Karachi,2026-08-30 06:00:00+00:00,28.3,75,6.21
Karachi,2026-08-30 07:00:00+00:00,28.6,74,6.45
Karachi,2026-08-30 08:00:00+00:00,28.6,74,6.28
Karachi,2026-08-30 09:00:00+00:00,28.5,74,5.97
Karachi,2026-08-30 10:00:00+00:00,28.2,76,5.83
Karachi,2026-08-30 11:00:00+00:00,28.0,77,5.55
Karachi,2026-08-30 12:00:00+00:00,27.8,79,5.27
Karachi,2026-08-30 13:00:00+00:00,27.2,81,4.99
Karachi,2026-08-30 14:00:00+00:00,26.5,86,4.4
Karachi,2026-08-30 15:00:00+00:00,26.1,88,3.98
Karachi,2026-08-30 16:00:00+00:00,26.1,88,3.72
Karachi,2026-08-30 17:00:00+00:00,26.0,89,3.6
Karachi,2026-08-30 18:00:00+00:00,26.1,89,3.84
Karachi,2026-08-30 19:00:00+00:00,25.9,90,3.8
Karachi,2026-08-30 20:00:00+00:00,25.8,90,3.87
Karachi,2026-08-30 21:00:00+00:00,25.7,90,4.31
Karachi,2026-08-30 22:00:00+00:00,25.7,91,4.54
Karachi,2026-08-30 23:00:00+00:00,25.6,91,4.41
Karachi,2026-08-31 00:00:00+00:00,25.7,91,4.25
Karachi,2026-08-31 01:00:00+00:00,25.6,92,4.43
Karachi,2026-08-31 02:00:00+00:00,25.9,90,4.75
Karachi,2026-08-31 03:00:00+00:00,26.3,85,5.0
Karachi,2026-08-31 04:00:00+00:00,27.1,79,5.48
Karachi,2026-08-31 05:00:00+00:00,27.3,79,5.61
Karachi,2026-08-31 06:00:00+00:00,27.7,77,5.79
Karachi,2026-08-31 07:00:00+00:00,28.4,73,5.64
Karachi,2026-08-31 08:00:00+00:00,28.6,72,5.55
Karachi,2026-08-31 09:00:00+00:00,28.6,71,5.37
Karachi,2026-08-31 10:00:00+00:00,28.7,70,5.13
Lahore,2026-08-01 11:00:00+00:00,33.2,63,1.07
Lahore,2026-08-01 12:00:00+00:00,32.5,66,0.61
Lahore,2026-08-01 13:00:00+00:00,32.1,68,0.52
Lahore,2026-08-01 14:00:00+00:00,31.1,81,0.07
Lahore,2026-08-01 15:00:00+00:00,30.4,85,0.78
Lahore,2026-08-01 16:00:00+00:00,29.8,86,1.21
Lahore,2026-08-01 17:00:00+00:00,29.4,88,1.35
Lahore,2026-08-01 18:00:00+00:00,29.6,86,1.61
Lahore,2026-08-01 19:00:00+00:00,29.3,86,1.5
Lahore,2026-08-01 20:00:00+00:00,29.1,85,1.85
Lahore,2026-08-01 21:00:00+00:00,29.0,85,2.15
Lahore,2026-08-01 22:00:00+00:00,28.7,87,1.88
Lahore,2026-08-01 23:00:00+00:00,28.4,89,1.66
Lahore,2026-08-02 00:00:00+00:00,28.5,84,1.98
Lahore,2026-08-02 01:00:00+00:00,28.1,85,1.9
Lahore,2026-08-02 02:00:00+00:00,28.4,88,1.1
Lahore,2026-08-02 03:00:00+00:00,29.4,85,0.76
Lahore,2026-08-02 04:00:00+00:00,30.5,79,1.03
Lahore,2026-08-02 05:00:00+00:00,31.4,75,1.76
Lahore,2026-08-02 06:00:00+00:00,31.6,72,1.16
Lahore,2026-08-02 07:00:00+00:00,32.8,67,1.71
Lahore,2026-08-02 08:00:00+00:00,33.5,65,0.91
Lahore,2026-08-02 09:00:00+00:00,33.9,64,1.28
Lahore,2026-08-02 10:00:00+00:00,34.0,63,1.15
Lahore,2026-08-02 11:00:00+00:00,33.9,64,1.11
Lahore,2026-08-02 12:00:00+00:00,34.3,62,1.48
Lahore,2026-08-02 13:00:00+00:00,33.4,68,0.99
Lahore,2026-08-02 14:00:00+00:00,32.1,74,1.39
Lahore,2026-08-02 15:00:00+00:00,31.4,76,1.41
Lahore,2026-08-02 16:00:00+00:00,30.8,79,2.27
Lahore,2026-08-02 17:00:00+00:00,29.9,83,2.33
Lahore,2026-08-02 18:00:00+00:00,29.9,82,1.87
Lahore,2026-08-02 19:00:00+00:00,29.3,82,1.25
Lahore,2026-08-02 20:00:00+00:00,29.0,84,1.55
Lahore,2026-08-02 21:00:00+00:00,28.8,87,1.6
Lahore,2026-08-02 22:00:00+00:00,28.7,88,1.66
Lahore,2026-08-02 23:00:00+00:00,28.3,90,0.86
Lahore,2026-08-03 00:00:00+00:00,29.3,86,1.54
Lahore,2026-08-03 01:00:00+00:00,29.1,87,1.29
Lahore,2026-08-03 02:00:00+00:00,29.0,87,2.62
Lahore,2026-08-03 03:00:00+00:00,30.3,80,1.46
Lahore,2026-08-03 04:00:00+00:00,32.1,72,1.75
Lahore,2026-08-03 05:00:00+00:00,33.3,68,1.55
Lahore,2026-08-03 06:00:00+00:00,35.2,55,1.3
Lahore,2026-08-03 07:00:00+00:00,35.2,57,1.37
Lahore,2026-08-03 08:00:00+00:00,33.0,69,2.21
Lahore,2026-08-03 09:00:00+00:00,34.5,63,2.11
Lahore,2026-08-03 10:00:00+00:00,33.9,64,1.94
Lahore,2026-08-03 11:00:00+00:00,31.3,76,1.55
Lahore,2026-08-03 12:00:00+00:00,29.2,80,1.1
Lahore,2026-08-03 13:00:00+00:00,28.9,81,1.23
Lahore,2026-08-03 14:00:00+00:00,28.4,83,1.5
Lahore,2026-08-03 15:00:00+00:00,28.1,85,1.15
Lahore,2026-08-03 16:00:00+00:00,27.9,87,0.87
Lahore,2026-08-03 17:00:00+00:00,27.7,89,0.9
Lahore,2026-08-03 18:00:00+00:00,27.9,91,1.48
Lahore,2026-08-03 19:00:00+00:00,27.6,91,1.63
Lahore,2026-08-03 20:00:00+00:00,27.5,91,1.62
Lahore,2026-08-03 21:00:00+00:00,27.4,92,1.07
Lahore,2026-08-03 22:00:00+00:00,27.2,93,0.81
Lahore,2026-08-03 23:00:00+00:00,26.9,95,0.95
Lahore,2026-08-04 00:00:00+00:00,27.6,95,0.71
Lahore,2026-08-04 01:00:00+00:00,27.4,95,0.76
Lahore,2026-08-04 02:00:00+00:00,28.0,92,0.47
Lahore,2026-08-04 03:00:00+00:00,29.2,86,0.63
Lahore,2026-08-04 04:00:00+00:00,30.1,82,1.64
Lahore,2026-08-04 05:00:00+00:00,31.0,77,1.14
Lahore,2026-08-04 06:00:00+00:00,32.0,70,0.25
Lahore,2026-08-04 07:00:00+00:00,32.5,71,0.38
Lahore,2026-08-04 08:00:00+00:00,33.0,69,0.25
Lahore,2026-08-04 09:00:00+00:00,33.0,69,0.18
Lahore,2026-08-04 10:00:00+00:00,33.3,68,0.3
Lahore,2026-08-04 11:00:00+00:00,32.8,71,1.03
Lahore,2026-08-04 12:00:00+00:00,30.4,81,0.41
Lahore,2026-08-04 13:00:00+00:00,30.7,80,0.76
Lahore,2026-08-04 14:00:00+00:00,30.2,85,0.6
Lahore,2026-08-04 15:00:00+00:00,29.8,88,0.87
Lahore,2026-08-04 16:00:00+00:00,29.4,89,1.03
Lahore,2026-08-04 17:00:00+00:00,28.9,91,1.15
Lahore,2026-08-04 18:00:00+00:00,30.5,83,1.8
Lahore,2026-08-04 19:00:00+00:00,30.0,82,0.11
Lahore,2026-08-04 20:00:00+00:00,27.1,92,2.46
Lahore,2026-08-04 21:00:00+00:00,26.9,93,1.44
Lahore,2026-08-04 22:00:00+00:00,26.5,96,1.59
Lahore,2026-08-04 23:00:00+00:00,26.3,97,2.01
Lahore,2026-08-05 00:00:00+00:00,28.3,89,1.18
Lahore,2026-08-05 01:00:00+00:00,27.8,92,0.88
Lahore,2026-08-05 02:00:00+00:00,28.6,88,1.21
Lahore,2026-08-05 03:00:00+00:00,29.6,83,1.33
Lahore,2026-08-05 04:00:00+00:00,30.9,77,0.95
Lahore,2026-08-05 05:00:00+00:00,32.0,71,1.1
Lahore,2026-08-05 06:00:00+00:00,33.5,59,0.87
Lahore,2026-08-05 07:00:00+00:00,34.0,59,0.76
Lahore,2026-08-05 08:00:00+00:00,34.4,56,0.67
Lahore,2026-08-05 09:00:00+00:00,34.6,56,0.78
Lahore,2026-08-05 10:00:00+00:00,34.6,58,0.95
Lahore,2026-08-05 11:00:00+00:00,34.3,59,1.08
Lahore,2026-08-05 12:00:00+00:00,33.2,69,1.45
Lahore,2026-08-05 13:00:00+00:00,32.4,76,1.56
Lahore,2026-08-05 14:00:00+00:00,31.2,81,1.6
Lahore,2026-08-05 15:00:00+00:00,30.5,82,1.52
Lahore,2026-08-05 16:00:00+00:00,30.2,79,2.1
Lahore,2026-08-05 17:00:00+00:00,29.7,80,1.73
Lahore,2026-08-05 18:00:00+00:00,30.4,83,1.98
Lahore,2026-08-05 19:00:00+00:00,29.8,85,2.18
Lahore,2026-08-05 20:00:00+00:00,24.3,96,4.04
Lahore,2026-08-05 21:00:00+00:00,24.7,97,1.71
Lahore,2026-08-05 22:00:00+00:00,24.5,95,2.56
Lahore,2026-08-05 23:00:00+00:00,24.9,96,2.14
Lahore,2026-08-06 00:00:00+00:00,26.2,90,2.31
Lahore,2026-08-06 01:00:00+00:00,26.6,90,1.35
Lahore,2026-08-06 02:00:00+00:00,27.4,89,1.27
Lahore,2026-08-06 03:00:00+00:00,29.1,82,1.96
Lahore,2026-08-06 04:00:00+00:00,30.6,75,2.3
Lahore,2026-08-06 05:00:00+00:00,32.0,72,2.79
Lahore,2026-08-06 06:00:00+00:00,32.1,68,2.84
Lahore,2026-08-06 07:00:00+00:00,33.1,64,1.82
Lahore,2026-08-06 08:00:00+00:00,33.8,61,1.3
Lahore,2026-08-06 09:00:00+00:00,34.3,60,1.17
Lahore,2026-08-06 10:00:00+00:00,34.3,60,1.0
Lahore,2026-08-06 11:00:00+00:00,34.1,60,1.63
Lahore,2026-08-06 12:00:00+00:00,33.5,58,1.53
Lahore,2026-08-06 13:00:00+00:00,32.3,68,1.68
Lahore,2026-08-06 14:00:00+00:00,30.9,73,1.99
Lahore,2026-08-06 15:00:00+00:00,30.2,75,2.15
Lahore,2026-08-06 16:00:00+00:00,29.7,78,2.91
Lahore,2026-08-06 17:00:00+00:00,29.1,81,3.18
Lahore,2026-08-06 18:00:00+00:00,29.0,85,2.76
Lahore,2026-08-06 19:00:00+00:00,28.3,89,2.62
Lahore,2026-08-06 20:00:00+00:00,28.0,91,2.46
Lahore,2026-08-06 21:00:00+00:00,27.7,92,1.91
Lahore,2026-08-06 22:00:00+00:00,27.3,94,1.69
Lahore,2026-08-06 23:00:00+00:00,26.7,95,1.53
Lahore,2026-08-07 00:00:00+00:00,23.9,96,3.08
Lahore,2026-08-07 01:00:00+00:00,24.8,94,2.54
Lahore,2026-08-07 02:00:00+00:00,25.6,91,1.53
Lahore,2026-08-07 03:00:00+00:00,27.1,85,2.48
Lahore,2026-08-07 04:00:00+00:00,28.9,76,2.83
Lahore,2026-08-07 05:00:00+00:00,30.2,73,2.68
Lahore,2026-08-07 06:00:00+00:00,31.4,67,2.11
Lahore,2026-08-07 07:00:00+00:00,32.4,64,1.96
Lahore,2026-08-07 08:00:00+00:00,32.7,62,1.35
Lahore,2026-08-07 09:00:00+00:00,33.4,59,1.06
Lahore,2026-08-07 10:00:00+00:00,33.6,57,1.0
Lahore,2026-08-07 11:00:00+00:00,33.6,57,1.45
Lahore,2026-08-07 12:00:00+00:00,32.0,60,2.6
Lahore,2026-08-07 13:00:00+00:00,31.0,65,2.47
Lahore,2026-08-07 14:00:00+00:00,30.0,73,1.06
Lahore,2026-08-07 15:00:00+00:00,29.8,75,0.71
Lahore,2026-08-07 16:00:00+00:00,29.0,81,0.86
Lahore,2026-08-07 17:00:00+00:00,28.6,83,0.87
Lahore,2026-08-07 18:00:00+00:00,29.3,83,0.85
Lahore,2026-08-07 19:00:00+00:00,28.5,85,1.07
Lahore,2026-08-07 20:00:00+00:00,28.1,86,1.03
Lahore,2026-08-07 21:00:00+00:00,27.9,87,0.57
Lahore,2026-08-07 22:00:00+00:00,27.5,89,0.47
Lahore,2026-08-07 23:00:00+00:00,27.2,91,0.4
Lahore,2026-08-08 00:00:00+00:00,28.0,84,1.51
Lahore,2026-08-08 01:00:00+00:00,27.7,87,2.0
Lahore,2026-08-08 02:00:00+00:00,27.8,90,2.0
Lahore,2026-08-08 03:00:00+00:00,25.6,94,3.27
Lahore,2026-08-08 04:00:00+00:00,27.8,89,1.1
Lahore,2026-08-08 05:00:00+00:00,30.3,78,2.36
Lahore,2026-08-08 06:00:00+00:00,29.9,71,3.13
Lahore,2026-08-08 07:00:00+00:00,29.8,72,2.91
Lahore,2026-08-08 08:00:00+00:00,29.5,72,2.88
Lahore,2026-08-08 09:00:00+00:00,28.6,73,2.09
Lahore,2026-08-08 10:00:00+00:00,28.0,78,1.93
Lahore,2026-08-08 11:00:00+00:00,27.0,86,1.63
Lahore,2026-08-08 12:00:00+00:00,30.0,70,1.14
Lahore,2026-08-08 13:00:00+00:00,29.3,75,1.54
Lahore,2026-08-08 14:00:00+00:00,28.4,80,1.46
Lahore,2026-08-08 15:00:00+00:00,27.9,84,1.35
Lahore,2026-08-08 16:00:00+00:00,27.5,87,1.43
Lahore,2026-08-08 17:00:00+00:00,27.3,89,1.02
Lahore,2026-08-08 18:00:00+00:00,27.9,87,1.32
Lahore,2026-08-08 19:00:00+00:00,27.5,89,0.62
Lahore,2026-08-08 20:00:00+00:00,27.5,89,0.71
Lahore,2026-08-08 21:00:00+00:00,27.4,90,0.39
Lahore,2026-08-08 22:00:00+00:00,27.3,91,0.35
Lahore,2026-08-08 23:00:00+00:00,27.1,92,0.83
Lahore,2026-08-09 00:00:00+00:00,27.5,92,1.05
Lahore,2026-08-09 01:00:00+00:00,27.3,93,1.11
Lahore,2026-08-09 02:00:00+00:00,28.4,86,1.13
Lahore,2026-08-09 03:00:00+00:00,29.5,78,1.24
Lahore,2026-08-09 04:00:00+00:00,30.1,76,1.11
Lahore,2026-08-09 05:00:00+00:00,30.8,74,0.72
Lahore,2026-08-09 06:00:00+00:00,30.9,67,0.15
Lahore,2026-08-09 07:00:00+00:00,30.2,72,0.82
Lahore,2026-08-09 08:00:00+00:00,30.3,73,1.54
Lahore,2026-08-09 09:00:00+00:00,30.1,74,1.5
Lahore,2026-08-09 10:00:00+00:00,31.0,72,1.57
Lahore,2026-08-09 11:00:00+00:00,31.4,71,1.38
Lahore,2026-08-09 12:00:00+00:00,31.4,70,1.71
Lahore,2026-08-09 13:00:00+00:00,31.0,72,0.85
Lahore,2026-08-09 14:00:00+00:00,30.4,77,0.39
Lahore,2026-08-09 15:00:00+00:00,29.8,81,0.63
Lahore,2026-08-09 16:00:00+00:00,29.4,85,0.47
Lahore,2026-08-09 17:00:00+00:00,29.0,88,0.5
Lahore,2026-08-09 18:00:00+00:00,29.3,85,0.76
Lahore,2026-08-09 19:00:00+00:00,28.5,88,0.93
Lahore,2026-08-09 20:00:00+00:00,28.2,88,0.97
Lahore,2026-08-09 21:00:00+00:00,28.0,88,0.9
Lahore,2026-08-09 22:00:00+00:00,27.8,89,1.01
Lahore,2026-08-09 23:00:00+00:00,27.6,90,0.85
Lahore,2026-08-10 00:00:00+00:00,28.4,88,0.85
Lahore,2026-08-10 01:00:00+00:00,28.3,89,0.87
Lahore,2026-08-10 02:00:00+00:00,28.8,86,0.21
Lahore,2026-08-10 03:00:00+00:00,30.0,81,0.4
Lahore,2026-08-10 04:00:00+00:00,31.1,74,1.08
Lahore,2026-08-10 05:00:00+00:00,32.0,70,1.46
Lahore,2026-08-10 06:00:00+00:00,33.1,66,1.25
Lahore,2026-08-10 07:00:00+00:00,33.8,63,1.25
Lahore,2026-08-10 08:00:00+00:00,34.3,62,1.23
Lahore,2026-08-10 09:00:00+00:00,34.4,62,1.3
Lahore,2026-08-10 10:00:00+00:00,34.5,63,1.11
Lahore,2026-08-10 11:00:00+00:00,34.3,64,0.72
Lahore,2026-08-10 12:00:00+00:00,33.8,61,1.53
Lahore,2026-08-10 13:00:00+00:00,32.8,70,1.81
Lahore,2026-08-10 14:00:00+00:00,31.6,76,1.97
Lahore,2026-08-10 15:00:00+00:00,31.1,77,1.73
Lahore,2026-08-10 16:00:00+00:00,30.7,78,1.63
Lahore,2026-08-10 17:00:00+00:00,30.1,81,1.17
Lahore,2026-08-10 18:00:00+00:00,30.2,82,2.23
Lahore,2026-08-10 19:00:00+00:00,29.5,86,2.3
Lahore,2026-08-10 20:00:00+00:00,29.0,90,1.67
Lahore,2026-08-10 21:00:00+00:00,28.7,92,2.16
Lahore,2026-08-10 22:00:00+00:00,28.4,94,2.02
Lahore,2026-08-10 23:00:00+00:00,28.3,94,1.78
Lahore,2026-08-11 00:00:00+00:00,27.4,91,2.15
Lahore,2026-08-11 01:00:00+00:00,27.3,92,2.65
Lahore,2026-08-11 02:00:00+00:00,27.8,90,1.9
Lahore,2026-08-11 03:00:00+00:00,28.8,87,2.14
Lahore,2026-08-11 04:00:00+00:00,30.5,80,2.23
Lahore,2026-08-11 05:00:00+00:00,32.1,75,2.14
Lahore,2026-08-11 06:00:00+00:00,33.0,71,1.49
Lahore,2026-08-11 07:00:00+00:00,32.5,71,2.02
Lahore,2026-08-11 08:00:00+00:00,33.3,66,1.42
Lahore,2026-08-11 09:00:00+00:00,33.2,64,2.29
Lahore,2026-08-11 10:00:00+00:00,32.6,71,2.45
Lahore,2026-08-11 11:00:00+00:00,32.3,75,2.36
Lahore,2026-08-11 12:00:00+00:00,32.4,72,1.91
Lahore,2026-08-11 13:00:00+00:00,29.9,84,2.66
Lahore,2026-08-11 14:00:00+00:00,29.1,87,2.46
Lahore,2026-08-11 15:00:00+00:00,29.0,87,2.39
Lahore,2026-08-11 16:00:00+00:00,28.8,88,1.72
Lahore,2026-08-11 17:00:00+00:00,28.6,90,1.66
Lahore,2026-08-11 18:00:00+00:00,28.8,91,2.15
Lahore,2026-08-11 19:00:00+00:00,28.2,93,2.07
Lahore,2026-08-11 20:00:00+00:00,28.0,94,2.01
Lahore,2026-08-11 21:00:00+00:00,27.8,94,1.81
Lahore,2026-08-11 22:00:00+00:00,27.5,95,2.15
Lahore,2026-08-11 23:00:00+00:00,27.3,95,2.13
Lahore,2026-08-12 00:00:00+00:00,27.9,94,1.54
Lahore,2026-08-12 01:00:00+00:00,27.7,95,1.39
Lahore,2026-08-12 02:00:00+00:00,28.5,91,1.65
Lahore,2026-08-12 03:00:00+00:00,29.7,84,1.52
Lahore,2026-08-12 04:00:00+00:00,31.0,77,1.35
Lahore,2026-08-12 05:00:00+00:00,32.1,71,1.39
Lahore,2026-08-12 06:00:00+00:00,33.1,68,1.32
Lahore,2026-08-12 07:00:00+00:00,33.9,63,1.34
Lahore,2026-08-12 08:00:00+00:00,34.5,61,1.14
Lahore,2026-08-12 09:00:00+00:00,34.8,59,1.28
Lahore,2026-08-12 10:00:00+00:00,35.2,57,0.93
Lahore,2026-08-12 11:00:00+00:00,35.3,56,0.75
Lahore,2026-08-12 12:00:00+00:00,35.0,57,1.13
Lahore,2026-08-12 13:00:00+00:00,34.0,66,0.92
Lahore,2026-08-12 14:00:00+00:00,32.5,74,1.01
Lahore,2026-08-12 15:00:00+00:00,31.6,78,1.2
Lahore,2026-08-12 16:00:00+00:00,31.1,80,1.06
Lahore,2026-08-12 17:00:00+00:00,30.8,80,1.05
Lahore,2026-08-12 18:00:00+00:00,31.1,78,1.21
Lahore,2026-08-12 19:00:00+00:00,30.6,80,1.08
Lahore,2026-08-12 20:00:00+00:00,30.3,82,1.03
Lahore,2026-08-12 21:00:00+00:00,29.8,84,0.94
Lahore,2026-08-12 22:00:00+00:00,29.5,86,1.03
Lahore,2026-08-12 23:00:00+00:00,29.2,87,0.83
Lahore,2026-08-13 00:00:00+00:00,29.9,88,0.57
Lahore,2026-08-13 01:00:00+00:00,29.7,87,0.46
Lahore,2026-08-13 02:00:00+00:00,30.4,85,0.58
Lahore,2026-08-13 03:00:00+00:00,31.8,78,0.45
Lahore,2026-08-13 04:00:00+00:00,32.6,72,0.41
Lahore,2026-08-13 05:00:00+00:00,33.5,67,0.29
Lahore,2026-08-13 06:00:00+00:00,34.3,63,0.25
Lahore,2026-08-13 07:00:00+00:00,33.9,67,0.47
Lahore,2026-08-13 08:00:00+00:00,34.8,63,0.92
Lahore,2026-08-13 09:00:00+00:00,35.5,59,0.78
Lahore,2026-08-13 10:00:00+00:00,35.7,59,0.54
Lahore,2026-08-13 11:00:00+00:00,35.3,59,0.56
Lahore,2026-08-13 12:00:00+00:00,34.1,64,0.4
Lahore,2026-08-13 13:00:00+00:00,33.8,67,0.34
Lahore,2026-08-13 14:00:00+00:00,32.7,77,0.96
Lahore,2026-08-13 15:00:00+00:00,32.1,79,1.13
Lahore,2026-08-13 16:00:00+00:00,31.6,80,1.11
Lahore,2026-08-13 17:00:00+00:00,31.3,81,0.9
Lahore,2026-08-13 18:00:00+00:00,31.5,78,1.38
Lahore,2026-08-13 19:00:00+00:00,30.9,81,0.81
Lahore,2026-08-13 20:00:00+00:00,30.6,82,0.75
Lahore,2026-08-13 21:00:00+00:00,30.1,83,1.03
Lahore,2026-08-13 22:00:00+00:00,29.7,84,1.15
Lahore,2026-08-13 23:00:00+00:00,27.8,88,1.64
Lahore,2026-08-14 00:00:00+00:00,30.3,79,2.77
Lahore,2026-08-14 01:00:00+00:00,28.9,86,1.97
Lahore,2026-08-14 02:00:00+00:00,29.6,86,0.54
Lahore,2026-08-14 03:00:00+00:00,31.0,79,0.21
Lahore,2026-08-14 04:00:00+00:00,32.3,73,0.74
Lahore,2026-08-14 05:00:00+00:00,33.3,69,1.1
Lahore,2026-08-14 06:00:00+00:00,32.1,75,1.78
Lahore,2026-08-14 07:00:00+00:00,28.2,90,0.98
Lahore,2026-08-14 08:00:00+00:00,29.5,87,1.09
Lahore,2026-08-14 09:00:00+00:00,31.3,80,0.35
Lahore,2026-08-14 10:00:00+00:00,32.1,77,0.45
Lahore,2026-08-14 11:00:00+00:00,32.7,73,0.98
Lahore,2026-08-14 12:00:00+00:00,32.0,74,0.32
Lahore,2026-08-14 13:00:00+00:00,31.7,75,0.32
Lahore,2026-08-14 14:00:00+00:00,30.7,83,0.9
Lahore,2026-08-14 15:00:00+00:00,30.2,86,1.59
Lahore,2026-08-14 16:00:00+00:00,29.2,91,2.36
Lahore,2026-08-14 17:00:00+00:00,28.4,93,2.38
Lahore,2026-08-14 18:00:00+00:00,29.3,92,1.74
Lahore,2026-08-14 19:00:00+00:00,28.9,93,1.5
Lahore,2026-08-14 20:00:00+00:00,28.7,92,1.17
Lahore,2026-08-14 21:00:00+00:00,28.4,93,1.63
Lahore,2026-08-14 22:00:00+00:00,28.0,94,1.88
Lahore,2026-08-14 23:00:00+00:00,25.5,99,4.9
Lahore,2026-08-15 00:00:00+00:00,26.9,93,0.9
Lahore,2026-08-15 01:00:00+00:00,26.4,95,1.7
Lahore,2026-08-15 02:00:00+00:00,27.2,93,1.0
Lahore,2026-08-15 03:00:00+00:00,28.8,87,1.1
Lahore,2026-08-15 04:00:00+00:00,30.3,81,1.55
Lahore,2026-08-15 05:00:00+00:00,31.5,77,1.7
Lahore,2026-08-15 06:00:00+00:00,32.3,72,1.03
Lahore,2026-08-15 07:00:00+00:00,32.9,71,0.9
Lahore,2026-08-15 08:00:00+00:00,33.3,70,0.71
Lahore,2026-08-15 09:00:00+00:00,33.5,69,0.67
Lahore,2026-08-15 10:00:00+00:00,33.4,70,0.22
Lahore,2026-08-15 11:00:00+00:00,33.3,70,0.4
Lahore,2026-08-15 12:00:00+00:00,33.8,63,1.12
Lahore,2026-08-15 13:00:00+00:00,32.7,72,1.04
Lahore,2026-08-15 14:00:00+00:00,31.6,78,0.81
Lahore,2026-08-15 15:00:00+00:00,31.0,80,0.65
Lahore,2026-08-15 16:00:00+00:00,30.1,85,1.35
Lahore,2026-08-15 17:00:00+00:00,29.5,88,1.54
Lahore,2026-08-15 18:00:00+00:00,30.0,87,1.94
Lahore,2026-08-15 19:00:00+00:00,28.3,90,2.06
Lahore,2026-08-15 20:00:00+00:00,27.1,96,3.09
Lahore,2026-08-15 21:00:00+00:00,26.4,95,2.18
Lahore,2026-08-15 22:00:00+00:00,24.2,99,1.93
Lahore,2026-08-15 23:00:00+00:00,24.7,98,1.66
Lahore,2026-08-16 00:00:00+00:00,26.0,92,1.82
Lahore,2026-08-16 01:00:00+00:00,25.8,91,1.9
Lahore,2026-08-16 02:00:00+00:00,26.8,90,0.85
Lahore,2026-08-16 03:00:00+00:00,28.6,84,0.86
Lahore,2026-08-16 04:00:00+00:00,30.5,76,1.24
Lahore,2026-08-16 05:00:00+00:00,32.0,71,1.25
Lahore,2026-08-16 06:00:00+00:00,33.0,68,1.5
Lahore,2026-08-16 07:00:00+00:00,33.9,63,1.46
Lahore,2026-08-16 08:00:00+00:00,34.2,62,1.45
Lahore,2026-08-16 09:00:00+00:00,34.4,62,1.52
Lahore,2026-08-16 10:00:00+00:00,34.3,63,1.36
Lahore,2026-08-16 11:00:00+00:00,34.2,64,1.4
Lahore,2026-08-16 12:00:00+00:00,32.6,73,2.24
Lahore,2026-08-16 13:00:00+00:00,31.5,78,1.46
Lahore,2026-08-16 14:00:00+00:00,29.3,85,4.18
Lahore,2026-08-16 15:00:00+00:00,28.7,87,1.39
Lahore,2026-08-16 16:00:00+00:00,28.5,89,1.57
Lahore,2026-08-16 17:00:00+00:00,28.3,90,2.16
Lahore,2026-08-16 18:00:00+00:00,29.5,88,1.71
Lahore,2026-08-16 19:00:00+00:00,29.1,90,1.79
Lahore,2026-08-16 20:00:00+00:00,28.0,91,1.45
Lahore,2026-08-16 21:00:00+00:00,25.1,96,3.92
Lahore,2026-08-16 22:00:00+00:00,25.5,95,1.51
Lahore,2026-08-16 23:00:00+00:00,25.8,94,0.1
Lahore,2026-08-17 00:00:00+00:00,25.7,96,1.59
Lahore,2026-08-17 01:00:00+00:00,25.8,92,1.43
Lahore,2026-08-17 02:00:00+00:00,26.4,90,1.12
Lahore,2026-08-17 03:00:00+00:00,27.5,86,1.64
Lahore,2026-08-17 04:00:00+00:00,29.4,79,1.39
Lahore,2026-08-17 05:00:00+00:00,31.2,73,1.77
Lahore,2026-08-17 06:00:00+00:00,32.7,66,1.25
Lahore,2026-08-17 07:00:00+00:00,33.6,63,1.18
Lahore,2026-08-17 08:00:00+00:00,34.3,60,0.99
Lahore,2026-08-17 09:00:00+00:00,34.7,58,1.34
Lahore,2026-08-17 10:00:00+00:00,34.5,57,1.73
Lahore,2026-08-17 11:00:00+00:00,33.6,61,1.8
Lahore,2026-08-17 12:00:00+00:00,34.3,55,1.28
Lahore,2026-08-17 13:00:00+00:00,33.1,70,0.45
Lahore,2026-08-17 14:00:00+00:00,31.2,76,1.07
Lahore,2026-08-17 15:00:00+00:00,30.5,76,1.75
Lahore,2026-08-17 16:00:00+00:00,29.8,78,2.2
Lahore,2026-08-17 17:00:00+00:00,28.9,84,2.43
Lahore,2026-08-17 18:00:00+00:00,29.5,86,2.35
Lahore,2026-08-17 19:00:00+00:00,29.0,88,1.85
Lahore,2026-08-17 20:00:00+00:00,28.6,89,1.83
Lahore,2026-08-17 21:00:00+00:00,28.4,90,0.81
Lahore,2026-08-17 22:00:00+00:00,25.4,95,3.62
Lahore,2026-08-17 23:00:00+00:00,26.2,94,0.69
Lahore,2026-08-18 00:00:00+00:00,27.8,91,0.74
Lahore,2026-08-18 01:00:00+00:00,27.3,93,0.36
Lahore,2026-08-18 02:00:00+00:00,28.1,90,0.78
Lahore,2026-08-18 03:00:00+00:00,29.9,77,1.12
Lahore,2026-08-18 04:00:00+00:00,31.6,69,1.46
Lahore,2026-08-18 05:00:00+00:00,32.9,66,1.04
Lahore,2026-08-18 06:00:00+00:00,34.1,60,1.68
Lahore,2026-08-18 07:00:00+00:00,34.4,59,1.42
Lahore,2026-08-18 08:00:00+00:00,34.9,57,1.32
Lahore,2026-08-18 09:00:00+00:00,35.1,56,1.42
Lahore,2026-08-18 10:00:00+00:00,32.6,64,2.41
Lahore,2026-08-18 11:00:00+00:00,32.9,65,0.86
Lahore,2026-08-18 12:00:00+00:00,32.2,69,0.0
Lahore,2026-08-18 13:00:00+00:00,31.9,72,1.03
Lahore,2026-08-18 14:00:00+00:00,30.7,80,1.39
Lahore,2026-08-18 15:00:00+00:00,30.3,83,1.8
Lahore,2026-08-18 16:00:00+00:00,29.9,85,2.17
Lahore,2026-08-18 17:00:00+00:00,29.5,87,2.62
Lahore,2026-08-18 18:00:00+00:00,28.9,93,2.21
Lahore,2026-08-18 19:00:00+00:00,28.4,94,2.15
Lahore,2026-08-18 20:00:00+00:00,27.4,93,3.37
Lahore,2026-08-18 21:00:00+00:00,25.6,98,4.25
Lahore,2026-08-18 22:00:00+00:00,25.9,97,1.9
Lahore,2026-08-18 23:00:00+00:00,26.1,97,1.66
Lahore,2026-08-19 00:00:00+00:00,27.6,96,1.56
Lahore,2026-08-19 01:00:00+00:00,27.0,97,3.04
Lahore,2026-08-19 02:00:00+00:00,27.2,96,2.26
Lahore,2026-08-19 03:00:00+00:00,28.2,93,2.44
Lahore,2026-08-19 04:00:00+00:00,29.6,85,2.45
Lahore,2026-08-19 05:00:00+00:00,31.1,79,2.21
Lahore,2026-08-19 06:00:00+00:00,31.6,72,2.3
Lahore,2026-08-19 07:00:00+00:00,32.3,70,2.23
Lahore,2026-08-19 08:00:00+00:00,32.8,68,2.04
Lahore,2026-08-19 09:00:00+00:00,32.0,70,2.3
Lahore,2026-08-19 10:00:00+00:00,28.4,90,2.13
Lahore,2026-08-19 11:00:00+00:00,28.9,88,0.25
Lahore,2026-08-19 12:00:00+00:00,31.5,76,2.07
Lahore,2026-08-19 13:00:00+00:00,30.1,85,1.73
Lahore,2026-08-19 14:00:00+00:00,29.1,90,1.4
Lahore,2026-08-19 15:00:00+00:00,28.8,91,2.01
Lahore,2026-08-19 16:00:00+00:00,28.6,92,2.01
Lahore,2026-08-19 17:00:00+00:00,28.3,93,1.72
Lahore,2026-08-19 18:00:00+00:00,29.0,91,1.96
Lahore,2026-08-19 19:00:00+00:00,28.5,92,1.91
Lahore,2026-08-19 20:00:00+00:00,28.2,92,1.87
Lahore,2026-08-19 21:00:00+00:00,28.0,93,2.02
Lahore,2026-08-19 22:00:00+00:00,27.5,95,1.52
Lahore,2026-08-19 23:00:00+00:00,25.9,94,3.81
Lahore,2026-08-20 00:00:00+00:00,28.5,93,1.74
Lahore,2026-08-20 01:00:00+00:00,27.8,96,2.77
Lahore,2026-08-20 02:00:00+00:00,27.2,88,2.88
Lahore,2026-08-20 03:00:00+00:00,28.1,84,2.53
Lahore,2026-08-20 04:00:00+00:00,29.5,80,2.35
Lahore,2026-08-20 05:00:00+00:00,31.0,76,2.5
Lahore,2026-08-20 06:00:00+00:00,31.5,72,2.11
Lahore,2026-08-20 07:00:00+00:00,32.3,69,2.21
Lahore,2026-08-20 08:00:00+00:00,32.9,68,1.83
Lahore,2026-08-20 09:00:00+00:00,32.9,69,2.05
Lahore,2026-08-20 10:00:00+00:00,32.1,73,1.46
Lahore,2026-08-20 11:00:00+00:00,29.5,82,1.36
Lahore,2026-08-20 12:00:00+00:00,31.5,72,1.84
Lahore,2026-08-20 13:00:00+00:00,30.3,81,1.32
Lahore,2026-08-20 14:00:00+00:00,29.3,86,0.96
Lahore,2026-08-20 15:00:00+00:00,28.7,89,1.2
Lahore,2026-08-20 16:00:00+00:00,28.2,92,1.1
Lahore,2026-08-20 17:00:00+00:00,28.0,94,0.78
Lahore,2026-08-20 18:00:00+00:00,28.7,92,0.83
Lahore,2026-08-20 19:00:00+00:00,28.2,93,1.03
Lahore,2026-08-20 20:00:00+00:00,27.8,93,1.13
Lahore,2026-08-20 21:00:00+00:00,27.7,92,1.1
Lahore,2026-08-20 22:00:00+00:00,27.4,92,1.03
Lahore,2026-08-20 23:00:00+00:00,27.2,92,0.99
Lahore,2026-08-21 00:00:00+00:00,27.7,92,1.37
Lahore,2026-08-21 01:00:00+00:00,27.3,93,1.53
Lahore,2026-08-21 02:00:00+00:00,28.0,91,1.22
Lahore,2026-08-21 03:00:00+00:00,29.6,84,1.2
Lahore,2026-08-21 04:00:00+00:00,31.0,78,1.24
Lahore,2026-08-21 05:00:00+00:00,32.3,72,1.37
Lahore,2026-08-21 06:00:00+00:00,32.9,67,1.48
Lahore,2026-08-21 07:00:00+00:00,33.4,65,1.32
Lahore,2026-08-21 08:00:00+00:00,33.9,63,0.81
Lahore,2026-08-21 09:00:00+00:00,33.9,62,0.74
Lahore,2026-08-21 10:00:00+00:00,33.9,64,0.61
Lahore,2026-08-21 11:00:00+00:00,33.6,64,0.45
Lahore,2026-08-21 12:00:00+00:00,31.0,75,1.36
Lahore,2026-08-21 13:00:00+00:00,30.2,82,1.25
Lahore,2026-08-21 14:00:00+00:00,29.4,87,1.81
Lahore,2026-08-21 15:00:00+00:00,29.0,90,1.55
Lahore,2026-08-21 16:00:00+00:00,28.6,91,1.35
Lahore,2026-08-21 17:00:00+00:00,28.4,92,1.41
Lahore,2026-08-21 18:00:00+00:00,29.7,92,1.37
Lahore,2026-08-21 19:00:00+00:00,29.1,94,1.04
Lahore,2026-08-21 20:00:00+00:00,29.2,91,2.03
Lahore,2026-08-21 21:00:00+00:00,27.7,94,3.86
Lahore,2026-08-21 22:00:00+00:00,26.1,91,2.07
Lahore,2026-08-21 23:00:00+00:00,25.3,95,2.36
Lahore,2026-08-22 00:00:00+00:00,27.9,89,2.1
Lahore,2026-08-22 01:00:00+00:00,27.5,91,2.02
Lahore,2026-08-22 02:00:00+00:00,28.0,89,1.48
Lahore,2026-08-22 03:00:00+00:00,29.2,83,1.44
Lahore,2026-08-22 04:00:00+00:00,30.9,75,1.57
Lahore,2026-08-22 05:00:00+00:00,32.3,69,1.63
Lahore,2026-08-22 06:00:00+00:00,32.9,63,1.33
Lahore,2026-08-22 07:00:00+00:00,33.7,59,1.08
Lahore,2026-08-22 08:00:00+00:00,34.3,56,1.06
Lahore,2026-08-22 09:00:00+00:00,34.7,53,1.12
Lahore,2026-08-22 10:00:00+00:00,34.7,53,1.3
Lahore,2026-08-22 11:00:00+00:00,34.5,54,1.27
Lahore,2026-08-22 12:00:00+00:00,34.4,56,1.44
Lahore,2026-08-22 13:00:00+00:00,32.9,70,0.86
Lahore,2026-08-22 14:00:00+00:00,31.6,73,1.03
Lahore,2026-08-22 15:00:00+00:00,31.0,72,1.57
Lahore,2026-08-22 16:00:00+00:00,30.4,75,1.19
Lahore,2026-08-22 17:00:00+00:00,29.7,77,1.9
Lahore,2026-08-22 18:00:00+00:00,30.1,77,1.54
Lahore,2026-08-22 19:00:00+00:00,29.0,84,1.53
Lahore,2026-08-22 20:00:00+00:00,28.5,88,1.3
Lahore,2026-08-22 21:00:00+00:00,28.2,91,1.3
Lahore,2026-08-22 22:00:00+00:00,27.6,90,3.09
Lahore,2026-08-22 23:00:00+00:00,26.0,90,3.96
Lahore,2026-08-23 00:00:00+00:00,28.7,81,2.45
Lahore,2026-08-23 01:00:00+00:00,27.2,85,2.53
Lahore,2026-08-23 02:00:00+00:00,27.9,87,2.06
Lahore,2026-08-23 03:00:00+00:00,29.1,83,1.9
Lahore,2026-08-23 04:00:00+00:00,30.8,77,2.06
Lahore,2026-08-23 05:00:00+00:00,32.2,70,1.66
Lahore,2026-08-23 06:00:00+00:00,33.2,60,1.3
Lahore,2026-08-23 07:00:00+00:00,33.8,58,0.85
Lahore,2026-08-23 08:00:00+00:00,34.2,56,0.11
Lahore,2026-08-23 09:00:00+00:00,34.7,53,0.97
Lahore,2026-08-23 10:00:00+00:00,34.7,52,1.45
Lahore,2026-08-23 11:00:00+00:00,34.3,53,1.87
Lahore,2026-08-23 12:00:00+00:00,33.4,60,2.73
Lahore,2026-08-23 13:00:00+00:00,32.0,69,1.56
Lahore,2026-08-23 14:00:00+00:00,31.0,75,1.6
Lahore,2026-08-23 15:00:00+00:00,30.5,79,1.37
Lahore,2026-08-23 16:00:00+00:00,29.9,84,1.03
Lahore,2026-08-23 17:00:00+00:00,29.6,86,0.72
Lahore,2026-08-23 18:00:00+00:00,29.9,82,1.9
Lahore,2026-08-23 19:00:00+00:00,29.2,85,0.71
Lahore,2026-08-23 20:00:00+00:00,28.8,85,1.03
Lahore,2026-08-23 21:00:00+00:00,28.0,88,0.87
Lahore,2026-08-23 22:00:00+00:00,27.5,90,0.69
Lahore,2026-08-23 23:00:00+00:00,27.3,90,0.85
Lahore,2026-08-24 00:00:00+00:00,28.8,88,1.16
Lahore,2026-08-24 01:00:00+00:00,28.6,88,1.24
Lahore,2026-08-24 02:00:00+00:00,29.7,83,1.42
Lahore,2026-08-24 03:00:00+00:00,31.2,72,0.97
Lahore,2026-08-24 04:00:00+00:00,32.2,66,0.85
Lahore,2026-08-24 05:00:00+00:00,33.3,61,0.81
Lahore,2026-08-24 06:00:00+00:00,34.0,57,1.82
Lahore,2026-08-24 07:00:00+00:00,34.7,54,1.64
Lahore,2026-08-24 08:00:00+00:00,35.2,51,1.68
Lahore,2026-08-24 09:00:00+00:00,35.5,49,1.58
Lahore,2026-08-24 10:00:00+00:00,35.5,50,1.78
Lahore,2026-08-24 11:00:00+00:00,35.1,51,1.8
Lahore,2026-08-24 12:00:00+00:00,34.9,52,1.78
Lahore,2026-08-24 13:00:00+00:00,33.5,62,1.08
Lahore,2026-08-24 14:00:00+00:00,32.4,68,0.84
Lahore,2026-08-24 15:00:00+00:00,31.6,73,0.83
Lahore,2026-08-24 16:00:00+00:00,30.7,78,0.75
Lahore,2026-08-24 17:00:00+00:00,29.9,82,0.96
Lahore,2026-08-24 18:00:00+00:00,30.1,80,1.75
Lahore,2026-08-24 19:00:00+00:00,29.5,80,1.8
Lahore,2026-08-24 20:00:00+00:00,29.2,79,1.63
Lahore,2026-08-24 21:00:00+00:00,28.9,80,1.26
Lahore,2026-08-24 22:00:00+00:00,28.7,82,1.11
Lahore,2026-08-24 23:00:00+00:00,28.4,84,1.12
Lahore,2026-08-25 00:00:00+00:00,28.9,87,0.5
Lahore,2026-08-25 01:00:00+00:00,28.5,87,1.8
Lahore,2026-08-25 02:00:00+00:00,29.2,83,1.81
Lahore,2026-08-25 03:00:00+00:00,30.6,78,1.46
Lahore,2026-08-25 04:00:00+00:00,32.3,69,1.25
Lahore,2026-08-25 05:00:00+00:00,33.6,62,0.71
Lahore,2026-08-25 06:00:00+00:00,34.8,51,0.27
Lahore,2026-08-25 07:00:00+00:00,35.5,50,0.25
Lahore,2026-08-25 08:00:00+00:00,36.0,47,0.43
Lahore,2026-08-25 09:00:00+00:00,36.3,44,0.5
Lahore,2026-08-25 10:00:00+00:00,36.2,43,0.94
Lahore,2026-08-25 11:00:00+00:00,36.1,43,1.24
Lahore,2026-08-25 12:00:00+00:00,35.2,49,1.62
Lahore,2026-08-25 13:00:00+00:00,33.7,61,0.82
Lahore,2026-08-25 14:00:00+00:00,32.6,67,0.46
Lahore,2026-08-25 15:00:00+00:00,31.3,71,1.05
Lahore,2026-08-25 16:00:00+00:00,30.4,74,1.7
Lahore,2026-08-25 17:00:00+00:00,30.1,74,1.61
Lahore,2026-08-25 18:00:00+00:00,30.5,76,1.65
Lahore,2026-08-25 19:00:00+00:00,29.6,79,1.47
Lahore,2026-08-25 20:00:00+00:00,29.1,81,1.37
Lahore,2026-08-25 21:00:00+00:00,28.8,83,1.37
Lahore,2026-08-25 22:00:00+00:00,28.5,84,1.39
Lahore,2026-08-25 23:00:00+00:00,28.3,85,1.39
Lahore,2026-08-26 00:00:00+00:00,28.9,86,1.14
Lahore,2026-08-26 01:00:00+00:00,28.6,88,1.01
Lahore,2026-08-26 02:00:00+00:00,29.6,84,1.21
Lahore,2026-08-26 03:00:00+00:00,31.2,77,1.16
Lahore,2026-08-26 04:00:00+00:00,32.9,67,1.35
Lahore,2026-08-26 05:00:00+00:00,34.2,58,1.24
Lahore,2026-08-26 06:00:00+00:00,35.3,49,1.05
Lahore,2026-08-26 07:00:00+00:00,36.0,46,0.96
Lahore,2026-08-26 08:00:00+00:00,36.5,44,1.25
Lahore,2026-08-26 09:00:00+00:00,36.9,42,1.76
Lahore,2026-08-26 10:00:00+00:00,36.6,43,2.4
Lahore,2026-08-26 11:00:00+00:00,36.0,46,2.67
Lahore,2026-08-26 12:00:00+00:00,35.8,47,2.3
Lahore,2026-08-26 13:00:00+00:00,34.3,56,1.32
Lahore,2026-08-26 14:00:00+00:00,33.4,61,0.91
Lahore,2026-08-26 15:00:00+00:00,32.8,64,0.39
Lahore,2026-08-26 16:00:00+00:00,32.0,69,0.38
Lahore,2026-08-26 17:00:00+00:00,30.8,72,0.65
Lahore,2026-08-26 18:00:00+00:00,32.0,70,1.18
Lahore,2026-08-26 19:00:00+00:00,31.0,70,1.43
Lahore,2026-08-26 20:00:00+00:00,30.3,73,1.41
Lahore,2026-08-26 21:00:00+00:00,29.8,73,1.34
Lahore,2026-08-26 22:00:00+00:00,29.5,74,1.28
Lahore,2026-08-26 23:00:00+00:00,29.3,76,0.91
Lahore,2026-08-27 00:00:00+00:00,30.7,73,0.21
Lahore,2026-08-27 01:00:00+00:00,28.6,78,2.76
Lahore,2026-08-27 02:00:00+00:00,28.3,79,1.5
Lahore,2026-08-27 03:00:00+00:00,30.0,75,1.48
Lahore,2026-08-27 04:00:00+00:00,32.3,66,1.45
Lahore,2026-08-27 05:00:00+00:00,34.1,59,1.0
Lahore,2026-08-27 06:00:00+00:00,36.2,44,1.9
Lahore,2026-08-27 07:00:00+00:00,36.5,43,1.86
Lahore,2026-08-27 08:00:00+00:00,36.7,43,1.93
Lahore,2026-08-27 09:00:00+00:00,37.1,42,2.15
Lahore,2026-08-27 10:00:00+00:00,37.2,40,2.4
Lahore,2026-08-27 11:00:00+00:00,36.9,40,2.35
Lahore,2026-08-27 12:00:00+00:00,37.0,40,2.4
Lahore,2026-08-27 13:00:00+00:00,36.3,42,1.86
Lahore,2026-08-27 14:00:00+00:00,35.1,50,0.79
Lahore,2026-08-27 15:00:00+00:00,34.7,51,0.25
Lahore,2026-08-27 16:00:00+00:00,33.3,56,0.71
Lahore,2026-08-27 17:00:00+00:00,32.3,59,1.6
Lahore,2026-08-27 18:00:00+00:00,32.2,62,1.1
Lahore,2026-08-27 19:00:00+00:00,31.3,66,0.78
Lahore,2026-08-27 20:00:00+00:00,31.2,66,0.78
Lahore,2026-08-27 21:00:00+00:00,30.9,66,0.85
Lahore,2026-08-27 22:00:00+00:00,30.2,68,0.89
Lahore,2026-08-27 23:00:00+00:00,29.8,70,1.03
Lahore,2026-08-28 00:00:00+00:00,30.8,74,0.5
Lahore,2026-08-28 01:00:00+00:00,30.0,75,1.15
Lahore,2026-08-28 02:00:00+00:00,30.9,71,1.26
Lahore,2026-08-28 03:00:00+00:00,31.5,71,2.31
Lahore,2026-08-28 04:00:00+00:00,32.9,65,1.57
Lahore,2026-08-28 05:00:00+00:00,34.8,55,0.36
Lahore,2026-08-28 06:00:00+00:00,36.0,47,0.36
Lahore,2026-08-28 07:00:00+00:00,37.0,44,0.46
Lahore,2026-08-28 08:00:00+00:00,37.5,42,0.6
Lahore,2026-08-28 09:00:00+00:00,38.0,39,0.59
Lahore,2026-08-28 10:00:00+00:00,37.8,38,0.87
Lahore,2026-08-28 11:00:00+00:00,37.5,38,1.11
Lahore,2026-08-28 12:00:00+00:00,36.3,44,2.35
Lahore,2026-08-28 13:00:00+00:00,35.0,49,2.03
Lahore,2026-08-28 14:00:00+00:00,33.8,54,1.36
Lahore,2026-08-28 15:00:00+00:00,33.5,59,0.91
Lahore,2026-08-28 16:00:00+00:00,33.4,60,0.05
Lahore,2026-08-28 17:00:00+00:00,32.2,66,0.45
Lahore,2026-08-28 18:00:00+00:00,32.0,71,1.07
Lahore,2026-08-28 19:00:00+00:00,31.0,73,1.17
Lahore,2026-08-28 20:00:00+00:00,30.8,73,0.78
Lahore,2026-08-28 21:00:00+00:00,30.6,73,0.49
Lahore,2026-08-28 22:00:00+00:00,30.2,74,0.25
Lahore,2026-08-28 23:00:00+00:00,29.5,78,0.45
Lahore,2026-08-29 00:00:00+00:00,30.4,78,0.95
Lahore,2026-08-29 01:00:00+00:00,29.7,80,1.05
Lahore,2026-08-29 02:00:00+00:00,30.7,76,0.49
Lahore,2026-08-29 03:00:00+00:00,32.3,69,0.46
Lahore,2026-08-29 04:00:00+00:00,34.0,58,0.46
Lahore,2026-08-29 05:00:00+00:00,35.2,52,0.62
Lahore,2026-08-29 06:00:00+00:00,36.0,48,1.15
Lahore,2026-08-29 07:00:00+00:00,35.8,50,1.46
Lahore,2026-08-29 08:00:00+00:00,36.1,49,1.7
Lahore,2026-08-29 09:00:00+00:00,36.4,47,1.79
Lahore,2026-08-29 10:00:00+00:00,36.5,46,1.9
Lahore,2026-08-29 11:00:00+00:00,36.2,46,2.05
Lahore,2026-08-29 12:00:00+00:00,36.3,44,1.75
Lahore,2026-08-29 13:00:00+00:00,35.2,49,1.38
Lahore,2026-08-29 14:00:00+00:00,33.9,57,0.94
Lahore,2026-08-29 15:00:00+00:00,33.4,62,0.55
Lahore,2026-08-29 16:00:00+00:00,32.4,65,1.03
Lahore,2026-08-29 17:00:00+00:00,31.6,71,1.35
Lahore,2026-08-29 18:00:00+00:00,32.2,71,0.81
Lahore,2026-08-29 19:00:00+00:00,31.3,72,0.42
Lahore,2026-08-29 20:00:00+00:00,31.1,73,0.35
Lahore,2026-08-29 21:00:00+00:00,30.5,74,0.74
Lahore,2026-08-29 22:00:00+00:00,30.1,75,0.5
Lahore,2026-08-29 23:00:00+00:00,29.4,78,0.54
Lahore,2026-08-30 00:00:00+00:00,30.2,77,0.67
Lahore,2026-08-30 01:00:00+00:00,29.4,79,1.06
Lahore,2026-08-30 02:00:00+00:00,30.3,76,1.41
Lahore,2026-08-30 03:00:00+00:00,32.0,69,1.52
Lahore,2026-08-30 04:00:00+00:00,33.7,59,1.69
Lahore,2026-08-30 05:00:00+00:00,35.5,48,1.61
Lahore,2026-08-30 06:00:00+00:00,36.2,44,1.92
Lahore,2026-08-30 07:00:00+00:00,36.5,44,2.34
Lahore,2026-08-30 08:00:00+00:00,36.8,44,2.67
Lahore,2026-08-30 09:00:00+00:00,36.8,43,2.71
Lahore,2026-08-30 10:00:00+00:00,36.8,43,2.63
Lahore,2026-08-30 11:00:00+00:00,36.5,43,2.45
Lahore,2026-08-30 12:00:00+00:00,35.4,47,2.44
Lahore,2026-08-30 13:00:00+00:00,34.4,52,1.61
Lahore,2026-08-30 14:00:00+00:00,33.3,60,0.8
Lahore,2026-08-30 15:00:00+00:00,33.1,62,0.11
Lahore,2026-08-30 16:00:00+00:00,31.8,67,0.76
Lahore,2026-08-30 17:00:00+00:00,31.1,70,0.91
Lahore,2026-08-30 18:00:00+00:00,31.7,70,0.91
Lahore,2026-08-30 19:00:00+00:00,30.9,71,0.84
Lahore,2026-08-30 20:00:00+00:00,30.3,74,0.71
Lahore,2026-08-30 21:00:00+00:00,29.7,76,0.56
Lahore,2026-08-30 22:00:00+00:00,29.2,78,0.95
Lahore,2026-08-30 23:00:00+00:00,28.9,78,1.6
Lahore,2026-08-31 00:00:00+00:00,28.0,84,2.5
Lahore,2026-08-31 01:00:00+00:00,27.4,87,2.11
Lahore,2026-08-31 02:00:00+00:00,28.1,84,1.99
Lahore,2026-08-31 03:00:00+00:00,29.7,77,1.97
Lahore,2026-08-31 04:00:00+00:00,31.7,68,1.85
Lahore,2026-08-31 05:00:00+00:00,33.6,57,1.73
Lahore,2026-08-31 06:00:00+00:00,35.2,48,1.75
Lahore,2026-08-31 07:00:00+00:00,36.5,43,2.07
Lahore,2026-08-31 08:00:00+00:00,37.0,41,2.27
Lahore,2026-08-31 09:00:00+00:00,37.4,40,2.16
Lahore,2026-08-31 10:00:00+00:00,36.8,42,2.21
Peshawar,2026-08-01 11:00:00+00:00,33.2,62,1.41
Peshawar,2026-08-01 12:00:00+00:00,33.5,59,2.26
Peshawar,2026-08-01 13:00:00+00:00,32.1,70,1.29
Peshawar,2026-08-01 14:00:00+00:00,30.6,80,0.65
Peshawar,2026-08-01 15:00:00+00:00,29.5,83,1.14
Peshawar,2026-08-01 16:00:00+00:00,29.1,82,0.99
Peshawar,2026-08-01 17:00:00+00:00,28.7,81,1.38
Peshawar,2026-08-01 18:00:00+00:00,29.0,80,0.96
Peshawar,2026-08-01 19:00:00+00:00,28.6,82,0.68
Peshawar,2026-08-01 20:00:00+00:00,28.0,83,1.27
Peshawar,2026-08-01 21:00:00+00:00,27.4,87,1.35
Peshawar,2026-08-01 22:00:00+00:00,26.3,91,2.44
Peshawar,2026-08-01 23:00:00+00:00,25.4,93,3.77
Peshawar,2026-08-02 00:00:00+00:00,26.5,92,0.83
Peshawar,2026-08-02 01:00:00+00:00,26.4,93,1.21
Peshawar,2026-08-02 02:00:00+00:00,26.6,93,2.05
Peshawar,2026-08-02 03:00:00+00:00,27.1,89,2.06
Peshawar,2026-08-02 04:00:00+00:00,27.9,85,0.43
Peshawar,2026-08-02 05:00:00+00:00,29.5,77,0.49
Peshawar,2026-08-02 06:00:00+00:00,30.2,75,0.71
Peshawar,2026-08-02 07:00:00+00:00,31.4,71,0.83
Peshawar,2026-08-02 08:00:00+00:00,32.2,69,1.2
Peshawar,2026-08-02 09:00:00+00:00,32.7,66,1.17
Peshawar,2026-08-02 10:00:00+00:00,33.2,64,1.17
Peshawar,2026-08-02 11:00:00+00:00,33.0,65,1.66
Peshawar,2026-08-02 12:00:00+00:00,32.8,70,1.98
Peshawar,2026-08-02 13:00:00+00:00,32.1,75,1.48
Peshawar,2026-08-02 14:00:00+00:00,31.1,83,0.4
Peshawar,2026-08-02 15:00:00+00:00,30.1,87,0.21
Peshawar,2026-08-02 16:00:00+00:00,29.5,90,0.32
Peshawar,2026-08-02 17:00:00+00:00,29.0,91,0.43
Peshawar,2026-08-02 18:00:00+00:00,29.6,87,0.4
Peshawar,2026-08-02 19:00:00+00:00,28.9,90,0.45
Peshawar,2026-08-02 20:00:00+00:00,26.9,94,2.64
Peshawar,2026-08-02 21:00:00+00:00,25.8,96,1.95
Peshawar,2026-08-02 22:00:00+00:00,25.7,95,0.76
Peshawar,2026-08-02 23:00:00+00:00,25.7,93,1.02
Peshawar,2026-08-03 00:00:00+00:00,27.9,87,0.84
Peshawar,2026-08-03 01:00:00+00:00,27.4,90,1.25
Peshawar,2026-08-03 02:00:00+00:00,28.3,88,0.92
Peshawar,2026-08-03 03:00:00+00:00,29.2,83,1.36
Peshawar,2026-08-03 04:00:00+00:00,30.5,75,1.94
Peshawar,2026-08-03 05:00:00+00:00,31.0,71,3.2
Peshawar,2026-08-03 06:00:00+00:00,32.2,64,1.34
Peshawar,2026-08-03 07:00:00+00:00,32.7,64,1.91
Peshawar,2026-08-03 08:00:00+00:00,32.9,65,2.09
Peshawar,2026-08-03 09:00:00+00:00,32.7,68,2.11
Peshawar,2026-08-03 10:00:00+00:00,32.6,69,2.16
Peshawar,2026-08-03 11:00:00+00:00,32.3,71,2.39
Peshawar,2026-08-03 12:00:00+00:00,30.3,79,2.17
Peshawar,2026-08-03 13:00:00+00:00,29.1,85,0.89
Peshawar,2026-08-03 14:00:00+00:00,28.2,91,2.04
Peshawar,2026-08-03 15:00:00+00:00,27.4,93,3.0
Peshawar,2026-08-03 16:00:00+00:00,27.3,94,1.84
Peshawar,2026-08-03 17:00:00+00:00,26.1,94,1.7
Peshawar,2026-08-03 18:00:00+00:00,26.6,98,1.07
Peshawar,2026-08-03 19:00:00+00:00,25.5,97,1.88
Peshawar,2026-08-03 20:00:00+00:00,24.3,98,1.96
Peshawar,2026-08-03 21:00:00+00:00,24.2,98,0.43
Peshawar,2026-08-03 22:00:00+00:00,24.2,96,1.87
Peshawar,2026-08-03 23:00:00+00:00,24.3,97,0.49
Peshawar,2026-08-04 00:00:00+00:00,25.5,94,1.35
Peshawar,2026-08-04 01:00:00+00:00,25.4,96,0.34
Peshawar,2026-08-04 02:00:00+00:00,25.6,96,1.03
Peshawar,2026-08-04 03:00:00+00:00,26.4,93,1.07
Peshawar,2026-08-04 04:00:00+00:00,28.0,83,0.55
Peshawar,2026-08-04 05:00:00+00:00,29.4,76,1.0
Peshawar,2026-08-04 06:00:00+00:00,30.3,73,0.7
Peshawar,2026-08-04 07:00:00+00:00,31.4,70,0.96
Peshawar,2026-08-04 08:00:00+00:00,32.4,66,1.29
Peshawar,2026-08-04 09:00:00+00:00,33.0,64,1.52
Peshawar,2026-08-04 10:00:00+00:00,33.3,63,1.99
Peshawar,2026-08-04 11:00:00+00:00,32.9,65,2.35
Peshawar,2026-08-04 12:00:00+00:00,33.4,61,1.27
Peshawar,2026-08-04 13:00:00+00:00,32.1,71,1.7
Peshawar,2026-08-04 14:00:00+00:00,30.7,77,1.87
Peshawar,2026-08-04 15:00:00+00:00,29.8,77,2.32
Peshawar,2026-08-04 16:00:00+00:00,29.3,78,1.49
Peshawar,2026-08-04 17:00:00+00:00,28.8,81,1.03
Peshawar,2026-08-04 18:00:00+00:00,29.3,82,0.9
Peshawar,2026-08-04 19:00:00+00:00,28.8,82,1.2
Peshawar,2026-08-04 20:00:00+00:00,27.8,86,1.56
Peshawar,2026-08-04 21:00:00+00:00,27.1,89,0.57
Peshawar,2026-08-04 22:00:00+00:00,26.6,93,0.25
Peshawar,2026-08-04 23:00:00+00:00,26.5,93,0.6
Peshawar,2026-08-05 00:00:00+00:00,27.5,83,1.46
Peshawar,2026-08-05 01:00:00+00:00,26.8,89,2.78
Peshawar,2026-08-05 02:00:00+00:00,27.1,92,1.68
Peshawar,2026-08-05 03:00:00+00:00,28.7,84,1.26
Peshawar,2026-08-05 04:00:00+00:00,30.1,79,1.0
Peshawar,2026-08-05 05:00:00+00:00,31.5,72,0.38
Peshawar,2026-08-05 06:00:00+00:00,32.9,63,0.82
Peshawar,2026-08-05 07:00:00+00:00,33.7,61,0.76
Peshawar,2026-08-05 08:00:00+00:00,34.2,61,1.53
Peshawar,2026-08-05 09:00:00+00:00,34.6,61,1.75
Peshawar,2026-08-05 10:00:00+00:00,34.6,60,1.86
Peshawar,2026-08-05 11:00:00+00:00,34.2,58,2.69
Peshawar,2026-08-05 12:00:00+00:00,34.4,59,2.23
Peshawar,2026-08-05 13:00:00+00:00,33.0,68,1.5
Peshawar,2026-08-05 14:00:00+00:00,31.2,73,1.46
Peshawar,2026-08-05 15:00:00+00:00,30.3,77,1.15
Peshawar,2026-08-05 16:00:00+00:00,29.7,78,0.91
Peshawar,2026-08-05 17:00:00+00:00,29.0,79,1.7
Peshawar,2026-08-05 18:00:00+00:00,29.4,86,0.42
Peshawar,2026-08-05 19:00:00+00:00,29.0,86,0.45
Peshawar,2026-08-05 20:00:00+00:00,28.1,87,2.98
Peshawar,2026-08-05 21:00:00+00:00,26.7,85,4.76
Peshawar,2026-08-05 22:00:00+00:00,23.5,93,0.85
Peshawar,2026-08-05 23:00:00+00:00,23.5,96,2.29
Peshawar,2026-08-06 00:00:00+00:00,26.0,93,1.12
Peshawar,2026-08-06 01:00:00+00:00,25.4,97,1.99
Peshawar,2026-08-06 02:00:00+00:00,26.1,93,2.15
Peshawar,2026-08-06 03:00:00+00:00,27.5,79,0.8
Peshawar,2026-08-06 04:00:00+00:00,28.9,74,0.75
Peshawar,2026-08-06 05:00:00+00:00,30.2,70,1.3
Peshawar,2026-08-06 06:00:00+00:00,31.1,63,1.22
Peshawar,2026-08-06 07:00:00+00:00,32.1,63,0.82
Peshawar,2026-08-06 08:00:00+00:00,32.8,63,1.05
Peshawar,2026-08-06 09:00:00+00:00,33.3,62,1.32
Peshawar,2026-08-06 10:00:00+00:00,33.5,61,1.67
Peshawar,2026-08-06 11:00:00+00:00,33.6,60,2.14
Peshawar,2026-08-06 12:00:00+00:00,33.5,59,2.33
Peshawar,2026-08-06 13:00:00+00:00,32.2,69,2.17
Peshawar,2026-08-06 14:00:00+00:00,30.4,75,2.87
Peshawar,2026-08-06 15:00:00+00:00,29.5,76,2.85
Peshawar,2026-08-06 16:00:00+00:00,28.8,79,1.17
Peshawar,2026-08-06 17:00:00+00:00,28.4,81,0.64
Peshawar,2026-08-06 18:00:00+00:00,28.8,80,0.87
Peshawar,2026-08-06 19:00:00+00:00,26.5,86,2.98
Peshawar,2026-08-06 20:00:00+00:00,24.7,93,2.47
Peshawar,2026-08-06 21:00:00+00:00,24.5,94,0.5
Peshawar,2026-08-06 22:00:00+00:00,24.0,95,1.87
Peshawar,2026-08-06 23:00:00+00:00,23.5,96,2.87
Peshawar,2026-08-07 00:00:00+00:00,24.8,94,0.4
Peshawar,2026-08-07 01:00:00+00:00,24.8,97,0.71
Peshawar,2026-08-07 02:00:00+00:00,25.6,89,1.65
Peshawar,2026-08-07 03:00:00+00:00,26.7,86,1.5
Peshawar,2026-08-07 04:00:00+00:00,28.2,80,1.3
Peshawar,2026-08-07 05:00:00+00:00,29.7,74,0.75
Peshawar,2026-08-07 06:00:00+00:00,31.1,64,1.06
Peshawar,2026-08-07 07:00:00+00:00,32.3,60,1.45
Peshawar,2026-08-07 08:00:00+00:00,32.9,58,1.5
Peshawar,2026-08-07 09:00:00+00:00,33.6,54,1.31
Peshawar,2026-08-07 10:00:00+00:00,33.6,54,1.28
Peshawar,2026-08-07 11:00:00+00:00,33.3,58,1.8
Peshawar,2026-08-07 12:00:00+00:00,32.5,62,2.83
Peshawar,2026-08-07 13:00:00+00:00,31.5,69,1.76
Peshawar,2026-08-07 14:00:00+00:00,30.4,72,1.93
Peshawar,2026-08-07 15:00:00+00:00,29.4,75,1.71
Peshawar,2026-08-07 16:00:00+00:00,28.6,80,1.45
Peshawar,2026-08-07 17:00:00+00:00,28.1,83,1.8
Peshawar,2026-08-07 18:00:00+00:00,28.3,83,0.9
Peshawar,2026-08-07 19:00:00+00:00,27.7,85,0.79
Peshawar,2026-08-07 20:00:00+00:00,27.5,82,1.55
Peshawar,2026-08-07 21:00:00+00:00,27.1,83,1.1
Peshawar,2026-08-07 22:00:00+00:00,27.0,84,0.5
Peshawar,2026-08-07 23:00:00+00:00,26.5,84,0.72
Peshawar,2026-08-08 00:00:00+00:00,26.5,81,1.1
Peshawar,2026-08-08 01:00:00+00:00,25.3,86,1.86
Peshawar,2026-08-08 02:00:00+00:00,26.1,85,1.23
Peshawar,2026-08-08 03:00:00+00:00,27.9,77,0.05
Peshawar,2026-08-08 04:00:00+00:00,29.5,72,0.22
Peshawar,2026-08-08 05:00:00+00:00,30.8,69,0.61
Peshawar,2026-08-08 06:00:00+00:00,32.2,64,0.68
Peshawar,2026-08-08 07:00:00+00:00,32.9,62,1.24
Peshawar,2026-08-08 08:00:00+00:00,33.4,59,1.28
Peshawar,2026-08-08 09:00:00+00:00,34.1,54,1.39
Peshawar,2026-08-08 10:00:00+00:00,34.5,53,1.27
Peshawar,2026-08-08 11:00:00+00:00,33.6,57,2.07
Peshawar,2026-08-08 12:00:00+00:00,34.1,59,2.06
Peshawar,2026-08-08 13:00:00+00:00,32.2,70,1.45
Peshawar,2026-08-08 14:00:00+00:00,30.9,78,0.56
Peshawar,2026-08-08 15:00:00+00:00,29.7,80,1.17
Peshawar,2026-08-08 16:00:00+00:00,28.8,81,1.63
Peshawar,2026-08-08 17:00:00+00:00,28.3,83,2.0
Peshawar,2026-08-08 18:00:00+00:00,28.4,82,2.03
Peshawar,2026-08-08 19:00:00+00:00,27.9,83,1.5
Peshawar,2026-08-08 20:00:00+00:00,27.7,86,0.3
Peshawar,2026-08-08 21:00:00+00:00,27.4,87,0.07
Peshawar,2026-08-08 22:00:00+00:00,27.1,89,0.3
Peshawar,2026-08-08 23:00:00+00:00,27.1,88,0.16
Peshawar,2026-08-09 00:00:00+00:00,27.1,88,0.78
Peshawar,2026-08-09 01:00:00+00:00,26.8,89,1.11
Peshawar,2026-08-09 02:00:00+00:00,27.6,88,1.15
Peshawar,2026-08-09 03:00:00+00:00,28.8,82,1.55
Peshawar,2026-08-09 04:00:00+00:00,30.5,71,1.21
Peshawar,2026-08-09 05:00:00+00:00,32.0,64,0.68
Peshawar,2026-08-09 06:00:00+00:00,32.8,60,0.96
Peshawar,2026-08-09 07:00:00+00:00,33.7,58,1.05
Peshawar,2026-08-09 08:00:00+00:00,34.3,53,1.35
Peshawar,2026-08-09 09:00:00+00:00,34.5,55,1.32
Peshawar,2026-08-09 10:00:00+00:00,34.6,55,1.32
Peshawar,2026-08-09 11:00:00+00:00,34.1,57,2.08
Peshawar,2026-08-09 12:00:00+00:00,34.4,57,2.05
Peshawar,2026-08-09 13:00:00+00:00,32.9,66,1.69
Peshawar,2026-08-09 14:00:00+00:00,31.8,71,0.42
Peshawar,2026-08-09 15:00:00+00:00,30.9,75,0.5
Peshawar,2026-08-09 16:00:00+00:00,29.9,80,0.63
Peshawar,2026-08-09 17:00:00+00:00,29.2,82,0.97
Peshawar,2026-08-09 18:00:00+00:00,29.7,80,0.98
Peshawar,2026-08-09 19:00:00+00:00,29.1,81,0.5
Peshawar,2026-08-09 20:00:00+00:00,28.4,82,0.93
Peshawar,2026-08-09 21:00:00+00:00,27.9,82,1.3
Peshawar,2026-08-09 22:00:00+00:00,27.2,85,1.32
Peshawar,2026-08-09 23:00:00+00:00,26.6,89,0.92
Peshawar,2026-08-10 00:00:00+00:00,26.9,88,0.42
Peshawar,2026-08-10 01:00:00+00:00,26.7,87,1.19
Peshawar,2026-08-10 02:00:00+00:00,27.9,83,1.47
Peshawar,2026-08-10 03:00:00+00:00,29.2,79,1.7
Peshawar,2026-08-10 04:00:00+00:00,30.3,77,1.9
Peshawar,2026-08-10 05:00:00+00:00,31.6,74,1.68
Peshawar,2026-08-10 06:00:00+00:00,32.8,68,0.94
Peshawar,2026-08-10 07:00:00+00:00,33.5,64,0.65
Peshawar,2026-08-10 08:00:00+00:00,34.2,62,0.61
Peshawar,2026-08-10 09:00:00+00:00,34.9,60,0.54
Peshawar,2026-08-10 10:00:00+00:00,35.4,57,0.87
Peshawar,2026-08-10 11:00:00+00:00,35.3,57,1.33
Peshawar,2026-08-10 12:00:00+00:00,34.9,58,1.23
Peshawar,2026-08-10 13:00:00+00:00,33.5,69,1.21
Peshawar,2026-08-10 14:00:00+00:00,32.1,73,1.49
Peshawar,2026-08-10 15:00:00+00:00,31.4,74,2.0
Peshawar,2026-08-10 16:00:00+00:00,30.4,79,1.08
Peshawar,2026-08-10 17:00:00+00:00,29.6,81,2.18
Peshawar,2026-08-10 18:00:00+00:00,29.7,79,1.94
Peshawar,2026-08-10 19:00:00+00:00,29.0,82,0.91
Peshawar,2026-08-10 20:00:00+00:00,28.6,82,1.1
Peshawar,2026-08-10 21:00:00+00:00,28.1,83,1.25
Peshawar,2026-08-10 22:00:00+00:00,27.4,81,3.0
Peshawar,2026-08-10 23:00:00+00:00,25.8,87,3.73
Peshawar,2026-08-11 00:00:00+00:00,27.8,89,1.05
Peshawar,2026-08-11 01:00:00+00:00,28.1,87,1.07
Peshawar,2026-08-11 02:00:00+00:00,28.6,87,1.3
Peshawar,2026-08-11 03:00:00+00:00,29.6,79,1.82
Peshawar,2026-08-11 04:00:00+00:00,30.9,73,2.0
Peshawar,2026-08-11 05:00:00+00:00,32.2,68,1.41
Peshawar,2026-08-11 06:00:00+00:00,32.7,65,0.3
Peshawar,2026-08-11 07:00:00+00:00,34.2,62,0.6
Peshawar,2026-08-11 08:00:00+00:00,34.7,60,0.72
Peshawar,2026-08-11 09:00:00+00:00,35.8,54,0.73
Peshawar,2026-08-11 10:00:00+00:00,36.1,53,1.08
Peshawar,2026-08-11 11:00:00+00:00,35.6,56,1.41
Peshawar,2026-08-11 12:00:00+00:00,35.5,55,0.05
Peshawar,2026-08-11 13:00:00+00:00,34.3,66,1.14
Peshawar,2026-08-11 14:00:00+00:00,32.5,75,1.82
Peshawar,2026-08-11 15:00:00+00:00,31.3,78,1.6
Peshawar,2026-08-11 16:00:00+00:00,30.5,81,0.95
Peshawar,2026-08-11 17:00:00+00:00,30.3,79,1.41
Peshawar,2026-08-11 18:00:00+00:00,30.2,79,0.76
Peshawar,2026-08-11 19:00:00+00:00,28.2,87,1.46
Peshawar,2026-08-11 20:00:00+00:00,26.8,91,4.16
Peshawar,2026-08-11 21:00:00+00:00,25.4,96,3.31
Peshawar,2026-08-11 22:00:00+00:00,25.1,97,2.7
Peshawar,2026-08-11 23:00:00+00:00,24.8,97,2.76
Peshawar,2026-08-12 00:00:00+00:00,24.5,97,2.22
Peshawar,2026-08-12 01:00:00+00:00,24.7,96,1.71
Peshawar,2026-08-12 02:00:00+00:00,25.0,96,2.26
Peshawar,2026-08-12 03:00:00+00:00,25.8,93,1.55
Peshawar,2026-08-12 04:00:00+00:00,26.9,86,1.49
Peshawar,2026-08-12 05:00:00+00:00,28.1,79,1.06
Peshawar,2026-08-12 06:00:00+00:00,28.5,76,0.62
Peshawar,2026-08-12 07:00:00+00:00,30.1,70,0.36
Peshawar,2026-08-12 08:00:00+00:00,31.1,67,0.7
Peshawar,2026-08-12 09:00:00+00:00,32.1,62,0.89
Peshawar,2026-08-12 10:00:00+00:00,32.4,63,0.91
Peshawar,2026-08-12 11:00:00+00:00,32.4,64,1.35
Peshawar,2026-08-12 12:00:00+00:00,32.3,64,0.85
Peshawar,2026-08-12 13:00:00+00:00,31.3,70,1.16
Peshawar,2026-08-12 14:00:00+00:00,29.6,82,0.76
Peshawar,2026-08-12 15:00:00+00:00,28.8,84,1.35
Peshawar,2026-08-12 16:00:00+00:00,28.1,88,0.71
Peshawar,2026-08-12 17:00:00+00:00,27.8,90,0.32
Peshawar,2026-08-12 18:00:00+00:00,28.0,92,0.29
Peshawar,2026-08-12 19:00:00+00:00,27.5,92,0.87
Peshawar,2026-08-12 20:00:00+00:00,27.3,90,0.76
Peshawar,2026-08-12 21:00:00+00:00,27.3,90,0.22
Peshawar,2026-08-12 22:00:00+00:00,27.0,91,0.22
Peshawar,2026-08-12 23:00:00+00:00,26.9,90,0.4
Peshawar,2026-08-13 00:00:00+00:00,27.3,88,0.16
Peshawar,2026-08-13 01:00:00+00:00,27.0,89,0.25
Peshawar,2026-08-13 02:00:00+00:00,27.8,86,0.64
Peshawar,2026-08-13 03:00:00+00:00,29.5,78,0.21
Peshawar,2026-08-13 04:00:00+00:00,31.2,70,0.28
Peshawar,2026-08-13 05:00:00+00:00,32.6,64,0.43
Peshawar,2026-08-13 06:00:00+00:00,33.7,60,0.99
Peshawar,2026-08-13 07:00:00+00:00,34.6,58,1.3
Peshawar,2026-08-13 08:00:00+00:00,35.4,56,1.32
Peshawar,2026-08-13 09:00:00+00:00,35.8,55,1.54
Peshawar,2026-08-13 10:00:00+00:00,35.9,54,1.28
Peshawar,2026-08-13 11:00:00+00:00,35.8,55,0.97
Peshawar,2026-08-13 12:00:00+00:00,35.3,57,1.89
Peshawar,2026-08-13 13:00:00+00:00,33.6,67,1.6
Peshawar,2026-08-13 14:00:00+00:00,32.2,75,1.13
Peshawar,2026-08-13 15:00:00+00:00,31.3,77,1.5
Peshawar,2026-08-13 16:00:00+00:00,30.5,78,1.82
Peshawar,2026-08-13 17:00:00+00:00,29.9,77,2.0
Peshawar,2026-08-13 18:00:00+00:00,30.3,76,1.07
Peshawar,2026-08-13 19:00:00+00:00,29.7,78,1.25
Peshawar,2026-08-13 20:00:00+00:00,28.6,82,2.44
Peshawar,2026-08-13 21:00:00+00:00,27.9,85,1.97
Peshawar,2026-08-13 22:00:00+00:00,26.7,87,2.39
Peshawar,2026-08-13 23:00:00+00:00,25.3,95,2.84
Peshawar,2026-08-14 00:00:00+00:00,28.2,87,0.87
Peshawar,2026-08-14 01:00:00+00:00,27.2,87,2.55
Peshawar,2026-08-14 02:00:00+00:00,26.1,93,0.65
Peshawar,2026-08-14 03:00:00+00:00,27.0,92,1.18
Peshawar,2026-08-14 04:00:00+00:00,28.3,86,1.66
Peshawar,2026-08-14 05:00:00+00:00,30.2,78,1.96
Peshawar,2026-08-14 06:00:00+00:00,30.3,76,1.8
Peshawar,2026-08-14 07:00:00+00:00,31.0,74,1.75
Peshawar,2026-08-14 08:00:00+00:00,31.8,72,0.74
Peshawar,2026-08-14 09:00:00+00:00,33.0,68,1.26
Peshawar,2026-08-14 10:00:00+00:00,33.5,65,1.98
Peshawar,2026-08-14 11:00:00+00:00,33.0,68,2.88
Peshawar,2026-08-14 12:00:00+00:00,33.4,68,3.06
Peshawar,2026-08-14 13:00:00+00:00,32.1,75,3.8
Peshawar,2026-08-14 14:00:00+00:00,31.0,77,4.36
Peshawar,2026-08-14 15:00:00+00:00,28.9,76,5.66
Peshawar,2026-08-14 16:00:00+00:00,25.6,87,2.55
Peshawar,2026-08-14 17:00:00+00:00,25.2,91,2.38
Peshawar,2026-08-14 18:00:00+00:00,27.5,82,0.67
Peshawar,2026-08-14 19:00:00+00:00,26.9,88,0.3
Peshawar,2026-08-14 20:00:00+00:00,26.5,90,0.58
Peshawar,2026-08-14 21:00:00+00:00,26.4,91,0.72
Peshawar,2026-08-14 22:00:00+00:00,26.3,91,0.59
Peshawar,2026-08-14 23:00:00+00:00,26.3,92,0.05
Peshawar,2026-08-15 00:00:00+00:00,26.8,94,0.73
Peshawar,2026-08-15 01:00:00+00:00,25.8,98,2.39
Peshawar,2026-08-15 02:00:00+00:00,26.0,95,2.02
Peshawar,2026-08-15 03:00:00+00:00,27.1,84,1.76
Peshawar,2026-08-15 04:00:00+00:00,28.1,77,1.51
Peshawar,2026-08-15 05:00:00+00:00,29.6,72,0.63
Peshawar,2026-08-15 06:00:00+00:00,31.7,64,0.82
Peshawar,2026-08-15 07:00:00+00:00,32.3,63,1.4
Peshawar,2026-08-15 08:00:00+00:00,32.8,63,1.25
Peshawar,2026-08-15 09:00:00+00:00,33.4,62,1.51
Peshawar,2026-08-15 10:00:00+00:00,34.1,62,1.2
Peshawar,2026-08-15 11:00:00+00:00,33.8,63,2.11
Peshawar,2026-08-15 12:00:00+00:00,33.5,63,2.39
Peshawar,2026-08-15 13:00:00+00:00,32.1,71,2.32
Peshawar,2026-08-15 14:00:00+00:00,30.8,78,1.24
Peshawar,2026-08-15 15:00:00+00:00,30.2,78,1.27
Peshawar,2026-08-15 16:00:00+00:00,29.4,82,1.22
Peshawar,2026-08-15 17:00:00+00:00,28.8,83,1.7
Peshawar,2026-08-15 18:00:00+00:00,29.2,84,0.96
Peshawar,2026-08-15 19:00:00+00:00,28.7,83,2.07
Peshawar,2026-08-15 20:00:00+00:00,27.9,83,2.01
Peshawar,2026-08-15 21:00:00+00:00,27.9,84,1.0
Peshawar,2026-08-15 22:00:00+00:00,27.9,84,0.57
Peshawar,2026-08-15 23:00:00+00:00,27.9,84,0.6
Peshawar,2026-08-16 00:00:00+00:00,26.4,95,1.82
Peshawar,2026-08-16 01:00:00+00:00,26.2,95,3.29
Peshawar,2026-08-16 02:00:00+00:00,26.8,92,2.29
Peshawar,2026-08-16 03:00:00+00:00,27.9,85,1.0
Peshawar,2026-08-16 04:00:00+00:00,29.6,77,0.69
Peshawar,2026-08-16 05:00:00+00:00,31.3,70,0.45
Peshawar,2026-08-16 06:00:00+00:00,32.5,65,0.5
Peshawar,2026-08-16 07:00:00+00:00,33.6,61,1.15
Peshawar,2026-08-16 08:00:00+00:00,34.2,60,1.75
Peshawar,2026-08-16 09:00:00+00:00,34.7,58,1.92
Peshawar,2026-08-16 10:00:00+00:00,34.8,57,2.2
Peshawar,2026-08-16 11:00:00+00:00,34.5,57,2.79
Peshawar,2026-08-16 12:00:00+00:00,34.2,60,3.65
Peshawar,2026-08-16 13:00:00+00:00,33.0,67,2.73
Peshawar,2026-08-16 14:00:00+00:00,31.5,71,2.47
Peshawar,2026-08-16 15:00:00+00:00,30.8,71,1.9
Peshawar,2026-08-16 16:00:00+00:00,30.1,74,1.2
Peshawar,2026-08-16 17:00:00+00:00,29.6,76,1.45
Peshawar,2026-08-16 18:00:00+00:00,30.0,77,1.07
Peshawar,2026-08-16 19:00:00+00:00,29.2,81,1.8
Peshawar,2026-08-16 20:00:00+00:00,28.3,83,2.85
Peshawar,2026-08-16 21:00:00+00:00,26.0,92,3.33
Peshawar,2026-08-16 22:00:00+00:00,26.0,93,1.57
Peshawar,2026-08-16 23:00:00+00:00,25.8,96,1.05
Peshawar,2026-08-17 00:00:00+00:00,25.9,97,1.38
Peshawar,2026-08-17 01:00:00+00:00,25.7,99,1.03
Peshawar,2026-08-17 02:00:00+00:00,26.5,97,0.05
Peshawar,2026-08-17 03:00:00+00:00,28.0,87,0.67
Peshawar,2026-08-17 04:00:00+00:00,29.8,77,0.25
Peshawar,2026-08-17 05:00:00+00:00,31.1,73,1.15
Peshawar,2026-08-17 06:00:00+00:00,32.0,70,1.2
Peshawar,2026-08-17 07:00:00+00:00,32.6,66,1.65
Peshawar,2026-08-17 08:00:00+00:00,33.4,63,1.36
Peshawar,2026-08-17 09:00:00+00:00,34.1,61,1.65
Peshawar,2026-08-17 10:00:00+00:00,34.4,60,1.65
Peshawar,2026-08-17 11:00:00+00:00,34.6,59,1.55
Peshawar,2026-08-17 12:00:00+00:00,33.8,64,3.47
Peshawar,2026-08-17 13:00:00+00:00,32.4,73,3.1
Peshawar,2026-08-17 14:00:00+00:00,31.1,77,2.91
Peshawar,2026-08-17 15:00:00+00:00,30.5,77,2.68
Peshawar,2026-08-17 16:00:00+00:00,29.8,79,2.22
Peshawar,2026-08-17 17:00:00+00:00,28.6,85,2.33
Peshawar,2026-08-17 18:00:00+00:00,27.6,92,2.48
Peshawar,2026-08-17 19:00:00+00:00,27.2,93,2.14
Peshawar,2026-08-17 20:00:00+00:00,26.8,92,2.86
Peshawar,2026-08-17 21:00:00+00:00,25.8,95,2.65
Peshawar,2026-08-17 22:00:00+00:00,24.8,98,2.22
Peshawar,2026-08-17 23:00:00+00:00,24.8,98,0.85
Peshawar,2026-08-18 00:00:00+00:00,25.2,99,1.1
Peshawar,2026-08-18 01:00:00+00:00,25.2,98,1.83
Peshawar,2026-08-18 02:00:00+00:00,26.1,95,1.47
Peshawar,2026-08-18 03:00:00+00:00,26.7,91,0.43
Peshawar,2026-08-18 04:00:00+00:00,27.8,85,0.25
Peshawar,2026-08-18 05:00:00+00:00,29.6,76,0.5
Peshawar,2026-08-18 06:00:00+00:00,30.3,76,1.39
Peshawar,2026-08-18 07:00:00+00:00,31.3,72,1.05
Peshawar,2026-08-18 08:00:00+00:00,31.9,70,1.66
Peshawar,2026-08-18 09:00:00+00:00,32.0,69,2.02
Peshawar,2026-08-18 10:00:00+00:00,32.5,67,2.12
Peshawar,2026-08-18 11:00:00+00:00,32.6,66,2.82
Peshawar,2026-08-18 12:00:00+00:00,32.7,65,2.91
Peshawar,2026-08-18 13:00:00+00:00,31.8,73,1.6
Peshawar,2026-08-18 14:00:00+00:00,30.5,80,1.19
Peshawar,2026-08-18 15:00:00+00:00,30.1,79,2.39
Peshawar,2026-08-18 16:00:00+00:00,29.4,81,2.37
Peshawar,2026-08-18 17:00:00+00:00,28.0,88,2.7
Peshawar,2026-08-18 18:00:00+00:00,27.1,93,1.4
Peshawar,2026-08-18 19:00:00+00:00,26.9,95,1.84
Peshawar,2026-08-18 20:00:00+00:00,26.5,93,2.89
Peshawar,2026-08-18 21:00:00+00:00,25.7,95,2.64
Peshawar,2026-08-18 22:00:00+00:00,25.3,95,1.66
Peshawar,2026-08-18 23:00:00+00:00,24.7,96,2.55
Peshawar,2026-08-19 00:00:00+00:00,26.4,96,0.78
Peshawar,2026-08-19 01:00:00+00:00,26.3,95,0.32
Peshawar,2026-08-19 02:00:00+00:00,26.8,95,0.5
Peshawar,2026-08-19 03:00:00+00:00,27.5,90,1.06
Peshawar,2026-08-19 04:00:00+00:00,28.1,89,1.46
Peshawar,2026-08-19 05:00:00+00:00,28.8,85,2.04
Peshawar,2026-08-19 06:00:00+00:00,27.9,83,3.42
Peshawar,2026-08-19 07:00:00+00:00,29.9,74,2.26
Peshawar,2026-08-19 08:00:00+00:00,31.3,69,2.44
Peshawar,2026-08-19 09:00:00+00:00,31.7,69,2.67
Peshawar,2026-08-19 10:00:00+00:00,31.5,70,3.11
Peshawar,2026-08-19 11:00:00+00:00,31.2,72,3.95
Peshawar,2026-08-19 12:00:00+00:00,31.7,71,3.38
Peshawar,2026-08-19 13:00:00+00:00,30.5,79,2.6
Peshawar,2026-08-19 14:00:00+00:00,28.5,88,2.57
Peshawar,2026-08-19 15:00:00+00:00,27.1,92,2.15
Peshawar,2026-08-19 16:00:00+00:00,25.5,97,3.24
Peshawar,2026-08-19 17:00:00+00:00,25.3,99,2.49
Peshawar,2026-08-19 18:00:00+00:00,25.3,97,2.71
Peshawar,2026-08-19 19:00:00+00:00,24.9,97,3.0
Peshawar,2026-08-19 20:00:00+00:00,24.2,99,2.2
Peshawar,2026-08-19 21:00:00+00:00,24.3,97,2.53
Peshawar,2026-08-19 22:00:00+00:00,24.5,97,2.64
Peshawar,2026-08-19 23:00:00+00:00,24.5,97,2.36
Peshawar,2026-08-20 00:00:00+00:00,24.9,97,1.84
Peshawar,2026-08-20 01:00:00+00:00,24.7,98,1.66
Peshawar,2026-08-20 02:00:00+00:00,24.9,96,1.44
Peshawar,2026-08-20 03:00:00+00:00,25.8,92,0.92
Peshawar,2026-08-20 04:00:00+00:00,27.4,84,0.56
Peshawar,2026-08-20 05:00:00+00:00,28.8,76,0.65
Peshawar,2026-08-20 06:00:00+00:00,28.9,74,1.84
Peshawar,2026-08-20 07:00:00+00:00,29.0,74,1.77
Peshawar,2026-08-20 08:00:00+00:00,30.0,71,1.54
Peshawar,2026-08-20 09:00:00+00:00,30.5,71,1.39
Peshawar,2026-08-20 10:00:00+00:00,30.8,70,2.6
Peshawar,2026-08-20 11:00:00+00:00,30.6,71,3.1
Peshawar,2026-08-20 12:00:00+00:00,30.5,73,3.29
Peshawar,2026-08-20 13:00:00+00:00,29.5,80,2.44
Peshawar,2026-08-20 14:00:00+00:00,28.4,84,2.54
Peshawar,2026-08-20 15:00:00+00:00,27.6,87,2.65
Peshawar,2026-08-20 16:00:00+00:00,27.0,90,2.5
Peshawar,2026-08-20 17:00:00+00:00,26.5,91,2.52
Peshawar,2026-08-20 18:00:00+00:00,26.6,91,1.57
Peshawar,2026-08-20 19:00:00+00:00,26.4,93,1.61
Peshawar,2026-08-20 20:00:00+00:00,26.3,94,0.72
Peshawar,2026-08-20 21:00:00+00:00,25.8,97,1.27
Peshawar,2026-08-20 22:00:00+00:00,25.7,97,0.25
Peshawar,2026-08-20 23:00:00+00:00,25.4,99,0.1
Peshawar,2026-08-21 00:00:00+00:00,25.7,99,0.46
Peshawar,2026-08-21 01:00:00+00:00,25.4,99,1.01
Peshawar,2026-08-21 02:00:00+00:00,26.0,97,1.01
Peshawar,2026-08-21 03:00:00+00:00,27.4,89,0.78
Peshawar,2026-08-21 04:00:00+00:00,28.7,84,0.46
Peshawar,2026-08-21 05:00:00+00:00,30.1,77,0.65
Peshawar,2026-08-21 06:00:00+00:00,31.3,70,0.99
Peshawar,2026-08-21 07:00:00+00:00,32.0,68,1.16
Peshawar,2026-08-21 08:00:00+00:00,32.7,66,1.08
Peshawar,2026-08-21 09:00:00+00:00,33.2,64,1.61
Peshawar,2026-08-21 10:00:00+00:00,33.2,65,2.15
Peshawar,2026-08-21 11:00:00+00:00,32.8,67,2.69
Peshawar,2026-08-21 12:00:00+00:00,32.8,68,2.68
Peshawar,2026-08-21 13:00:00+00:00,31.6,76,2.52
Peshawar,2026-08-21 14:00:00+00:00,30.2,81,2.12
Peshawar,2026-08-21 15:00:00+00:00,29.4,82,1.87
Peshawar,2026-08-21 16:00:00+00:00,28.7,84,1.37
Peshawar,2026-08-21 17:00:00+00:00,28.2,84,2.8
Peshawar,2026-08-21 18:00:00+00:00,27.5,88,3.36
Peshawar,2026-08-21 19:00:00+00:00,25.4,91,3.47
Peshawar,2026-08-21 20:00:00+00:00,24.7,95,2.79
Peshawar,2026-08-21 21:00:00+00:00,24.8,95,2.34
Peshawar,2026-08-21 22:00:00+00:00,24.8,94,1.45
Peshawar,2026-08-21 23:00:00+00:00,24.3,96,1.48
Peshawar,2026-08-22 00:00:00+00:00,25.9,96,1.08
Peshawar,2026-08-22 01:00:00+00:00,25.5,96,0.55
Peshawar,2026-08-22 02:00:00+00:00,26.1,91,0.82
Peshawar,2026-08-22 03:00:00+00:00,26.4,89,1.36
Peshawar,2026-08-22 04:00:00+00:00,27.7,81,1.3
Peshawar,2026-08-22 05:00:00+00:00,28.9,74,1.09
Peshawar,2026-08-22 06:00:00+00:00,30.6,66,0.78
Peshawar,2026-08-22 07:00:00+00:00,31.4,65,1.77
Peshawar,2026-08-22 08:00:00+00:00,31.9,64,1.71
Peshawar,2026-08-22 09:00:00+00:00,32.4,65,1.37
Peshawar,2026-08-22 10:00:00+00:00,32.5,66,1.3
Peshawar,2026-08-22 11:00:00+00:00,32.1,69,1.85
Peshawar,2026-08-22 12:00:00+00:00,31.6,67,2.26
Peshawar,2026-08-22 13:00:00+00:00,30.6,73,1.98
Peshawar,2026-08-22 14:00:00+00:00,29.5,80,0.86
Peshawar,2026-08-22 15:00:00+00:00,29.2,81,0.68
Peshawar,2026-08-22 16:00:00+00:00,28.8,81,0.38
Peshawar,2026-08-22 17:00:00+00:00,28.2,83,0.11
Peshawar,2026-08-22 18:00:00+00:00,25.8,93,2.07
Peshawar,2026-08-22 19:00:00+00:00,24.3,96,2.19
Peshawar,2026-08-22 20:00:00+00:00,24.4,93,0.89
Peshawar,2026-08-22 21:00:00+00:00,24.2,94,1.27
Peshawar,2026-08-22 22:00:00+00:00,23.9,96,0.47
Peshawar,2026-08-22 23:00:00+00:00,23.6,98,1.19
Peshawar,2026-08-23 00:00:00+00:00,25.3,89,0.25
Peshawar,2026-08-23 01:00:00+00:00,24.6,93,1.61
Peshawar,2026-08-23 02:00:00+00:00,25.2,92,1.32
Peshawar,2026-08-23 03:00:00+00:00,27.0,82,0.69
Peshawar,2026-08-23 04:00:00+00:00,28.8,74,1.12
Peshawar,2026-08-23 05:00:00+00:00,30.2,69,1.49
Peshawar,2026-08-23 06:00:00+00:00,30.7,61,0.99
Peshawar,2026-08-23 07:00:00+00:00,32.0,58,0.42
Peshawar,2026-08-23 08:00:00+00:00,32.8,52,1.49
Peshawar,2026-08-23 09:00:00+00:00,33.2,51,2.07
Peshawar,2026-08-23 10:00:00+00:00,32.8,51,2.21
Peshawar,2026-08-23 11:00:00+00:00,32.8,49,1.43
Peshawar,2026-08-23 12:00:00+00:00,32.7,55,1.15
Peshawar,2026-08-23 13:00:00+00:00,31.1,67,1.08
Peshawar,2026-08-23 14:00:00+00:00,29.3,75,0.36
Peshawar,2026-08-23 15:00:00+00:00,28.1,79,1.12
Peshawar,2026-08-23 16:00:00+00:00,27.7,82,0.76
Peshawar,2026-08-23 17:00:00+00:00,27.0,84,0.57
Peshawar,2026-08-23 18:00:00+00:00,27.1,84,0.9
Peshawar,2026-08-23 19:00:00+00:00,26.6,84,1.1
Peshawar,2026-08-23 20:00:00+00:00,26.5,80,1.03
Peshawar,2026-08-23 21:00:00+00:00,26.3,79,0.72
Peshawar,2026-08-23 22:00:00+00:00,25.7,81,0.76
Peshawar,2026-08-23 23:00:00+00:00,25.2,82,0.45
Peshawar,2026-08-24 00:00:00+00:00,24.9,82,0.92
Peshawar,2026-08-24 01:00:00+00:00,24.7,82,0.69
Peshawar,2026-08-24 02:00:00+00:00,25.7,78,1.2
Peshawar,2026-08-24 03:00:00+00:00,27.4,78,0.76
Peshawar,2026-08-24 04:00:00+00:00,29.1,73,0.74
Peshawar,2026-08-24 05:00:00+00:00,30.8,65,0.4
Peshawar,2026-08-24 06:00:00+00:00,32.0,59,0.21
Peshawar,2026-08-24 07:00:00+00:00,33.4,53,0.6
Peshawar,2026-08-24 08:00:00+00:00,34.3,50,0.61
Peshawar,2026-08-24 09:00:00+00:00,35.0,47,0.65
Peshawar,2026-08-24 10:00:00+00:00,35.1,48,0.76
Peshawar,2026-08-24 11:00:00+00:00,34.7,48,0.86
Peshawar,2026-08-24 12:00:00+00:00,34.1,51,0.99
Peshawar,2026-08-24 13:00:00+00:00,31.8,71,0.51
Peshawar,2026-08-24 14:00:00+00:00,29.7,77,0.58
Peshawar,2026-08-24 15:00:00+00:00,29.0,80,0.67
Peshawar,2026-08-24 16:00:00+00:00,28.4,81,0.54
Peshawar,2026-08-24 17:00:00+00:00,28.0,81,0.34
Peshawar,2026-08-24 18:00:00+00:00,28.0,82,0.76
Peshawar,2026-08-24 19:00:00+00:00,27.5,81,0.36
Peshawar,2026-08-24 20:00:00+00:00,27.2,82,0.15
Peshawar,2026-08-24 21:00:00+00:00,26.5,85,0.46
Peshawar,2026-08-24 22:00:00+00:00,26.1,87,0.21
Peshawar,2026-08-24 23:00:00+00:00,25.8,88,0.05
Peshawar,2026-08-25 00:00:00+00:00,25.5,89,0.88
Peshawar,2026-08-25 01:00:00+00:00,25.3,87,0.93
Peshawar,2026-08-25 02:00:00+00:00,26.4,81,1.29
Peshawar,2026-08-25 03:00:00+00:00,28.0,75,0.87
Peshawar,2026-08-25 04:00:00+00:00,30.1,65,1.08
Peshawar,2026-08-25 05:00:00+00:00,31.7,60,1.08
Peshawar,2026-08-25 06:00:00+00:00,32.7,60,0.94
Peshawar,2026-08-25 07:00:00+00:00,33.8,57,1.07
Peshawar,2026-08-25 08:00:00+00:00,34.4,54,1.13
Peshawar,2026-08-25 09:00:00+00:00,34.8,52,0.91
Peshawar,2026-08-25 10:00:00+00:00,35.0,51,0.94
Peshawar,2026-08-25 11:00:00+00:00,34.7,53,1.2
Peshawar,2026-08-25 12:00:00+00:00,34.4,57,1.6
Peshawar,2026-08-25 13:00:00+00:00,32.7,70,1.05
Peshawar,2026-08-25 14:00:00+00:00,30.9,75,2.17
Peshawar,2026-08-25 15:00:00+00:00,29.9,77,2.06
Peshawar,2026-08-25 16:00:00+00:00,29.2,78,1.98
Peshawar,2026-08-25 17:00:00+00:00,28.6,78,1.67
Peshawar,2026-08-25 18:00:00+00:00,28.4,80,0.97
Peshawar,2026-08-25 19:00:00+00:00,28.2,81,0.25
Peshawar,2026-08-25 20:00:00+00:00,28.0,82,0.25
Peshawar,2026-08-25 21:00:00+00:00,27.8,83,0.05
Peshawar,2026-08-25 22:00:00+00:00,27.3,86,0.07
Peshawar,2026-08-25 23:00:00+00:00,26.7,89,0.4
Peshawar,2026-08-26 00:00:00+00:00,26.9,83,1.19
Peshawar,2026-08-26 01:00:00+00:00,26.3,85,0.85
Peshawar,2026-08-26 02:00:00+00:00,27.2,80,0.57
Peshawar,2026-08-26 03:00:00+00:00,28.8,74,0.39
Peshawar,2026-08-26 04:00:00+00:00,30.6,66,0.81
Peshawar,2026-08-26 05:00:00+00:00,32.0,63,0.97
Peshawar,2026-08-26 06:00:00+00:00,33.0,61,0.78
Peshawar,2026-08-26 07:00:00+00:00,33.8,59,0.94
Peshawar,2026-08-26 08:00:00+00:00,34.5,57,1.56
Peshawar,2026-08-26 09:00:00+00:00,35.1,55,1.54
Peshawar,2026-08-26 10:00:00+00:00,35.2,54,1.33
Peshawar,2026-08-26 11:00:00+00:00,35.0,54,1.49
Peshawar,2026-08-26 12:00:00+00:00,35.1,54,0.98
Peshawar,2026-08-26 13:00:00+00:00,33.5,67,0.97
Peshawar,2026-08-26 14:00:00+00:00,31.8,74,1.65
Peshawar,2026-08-26 15:00:00+00:00,30.9,75,2.12
Peshawar,2026-08-26 16:00:00+00:00,30.0,77,1.2
Peshawar,2026-08-26 17:00:00+00:00,29.8,78,0.36
Peshawar,2026-08-26 18:00:00+00:00,29.7,80,0.62
Peshawar,2026-08-26 19:00:00+00:00,29.4,80,0.3
Peshawar,2026-08-26 20:00:00+00:00,29.2,81,0.21
Peshawar,2026-08-26 21:00:00+00:00,28.6,83,0.35
Peshawar,2026-08-26 22:00:00+00:00,27.9,86,0.35
Peshawar,2026-08-26 23:00:00+00:00,27.4,88,0.41
Peshawar,2026-08-27 00:00:00+00:00,27.9,85,0.72
Peshawar,2026-08-27 01:00:00+00:00,27.3,87,0.5
Peshawar,2026-08-27 02:00:00+00:00,28.0,84,0.34
Peshawar,2026-08-27 03:00:00+00:00,30.0,75,0.36
Peshawar,2026-08-27 04:00:00+00:00,32.1,66,0.45
Peshawar,2026-08-27 05:00:00+00:00,33.6,61,0.95
Peshawar,2026-08-27 06:00:00+00:00,34.6,55,0.68
Peshawar,2026-08-27 07:00:00+00:00,35.4,53,0.87
Peshawar,2026-08-27 08:00:00+00:00,35.9,51,0.98
Peshawar,2026-08-27 09:00:00+00:00,36.3,50,1.23
Peshawar,2026-08-27 10:00:00+00:00,36.1,51,1.62
Peshawar,2026-08-27 11:00:00+00:00,35.8,52,1.43
Peshawar,2026-08-27 12:00:00+00:00,35.9,53,1.25
Peshawar,2026-08-27 13:00:00+00:00,34.0,69,0.95
Peshawar,2026-08-27 14:00:00+00:00,32.3,74,2.56
Peshawar,2026-08-27 15:00:00+00:00,31.3,73,2.66
Peshawar,2026-08-27 16:00:00+00:00,30.6,73,2.04
Peshawar,2026-08-27 17:00:00+00:00,30.0,74,1.12
Peshawar,2026-08-27 18:00:00+00:00,29.9,79,0.14
Peshawar,2026-08-27 19:00:00+00:00,29.3,80,0.6
Peshawar,2026-08-27 20:00:00+00:00,29.2,81,0.6
Peshawar,2026-08-27 21:00:00+00:00,29.0,81,0.25
Peshawar,2026-08-27 22:00:00+00:00,28.7,82,0.0
Peshawar,2026-08-27 23:00:00+00:00,28.3,85,0.05
Peshawar,2026-08-28 00:00:00+00:00,28.4,83,0.32
Peshawar,2026-08-28 01:00:00+00:00,28.0,85,0.22
Peshawar,2026-08-28 02:00:00+00:00,28.6,81,1.19
Peshawar,2026-08-28 03:00:00+00:00,30.0,75,0.7
Peshawar,2026-08-28 04:00:00+00:00,31.4,72,1.27
Peshawar,2026-08-28 05:00:00+00:00,32.7,70,1.13
Peshawar,2026-08-28 06:00:00+00:00,32.9,67,0.99
Peshawar,2026-08-28 07:00:00+00:00,33.6,65,0.86
Peshawar,2026-08-28 08:00:00+00:00,34.8,60,0.46
Peshawar,2026-08-28 09:00:00+00:00,35.6,56,0.7
Peshawar,2026-08-28 10:00:00+00:00,35.8,54,1.32
Peshawar,2026-08-28 11:00:00+00:00,35.5,54,1.96
Peshawar,2026-08-28 12:00:00+00:00,35.2,56,2.35
Peshawar,2026-08-28 13:00:00+00:00,33.7,66,1.56
Peshawar,2026-08-28 14:00:00+00:00,32.3,70,2.5
Peshawar,2026-08-28 15:00:00+00:00,31.2,73,2.27
Peshawar,2026-08-28 16:00:00+00:00,30.3,76,1.78
Peshawar,2026-08-28 17:00:00+00:00,29.7,78,1.31
Peshawar,2026-08-28 18:00:00+00:00,30.1,79,1.11
Peshawar,2026-08-28 19:00:00+00:00,29.4,81,1.46
Peshawar,2026-08-28 20:00:00+00:00,28.9,83,1.0
Peshawar,2026-08-28 21:00:00+00:00,28.6,84,1.06
Peshawar,2026-08-28 22:00:00+00:00,28.3,85,1.41
Peshawar,2026-08-28 23:00:00+00:00,27.9,86,1.65
Peshawar,2026-08-29 00:00:00+00:00,28.1,87,1.48
Peshawar,2026-08-29 01:00:00+00:00,26.1,90,3.49
Peshawar,2026-08-29 02:00:00+00:00,26.5,90,3.35
Peshawar,2026-08-29 03:00:00+00:00,27.1,86,1.91
Peshawar,2026-08-29 04:00:00+00:00,28.9,75,1.8
Peshawar,2026-08-29 05:00:00+00:00,30.8,70,1.44
Peshawar,2026-08-29 06:00:00+00:00,32.6,64,0.5
Peshawar,2026-08-29 07:00:00+00:00,33.7,60,0.89
Peshawar,2026-08-29 08:00:00+00:00,33.9,61,1.22
Peshawar,2026-08-29 09:00:00+00:00,34.2,61,1.3
Peshawar,2026-08-29 10:00:00+00:00,34.7,60,1.52
Peshawar,2026-08-29 11:00:00+00:00,34.4,62,1.88
Peshawar,2026-08-29 12:00:00+00:00,34.3,61,2.0
Peshawar,2026-08-29 13:00:00+00:00,33.2,69,2.05
Peshawar,2026-08-29 14:00:00+00:00,31.9,74,2.38
Peshawar,2026-08-29 15:00:00+00:00,31.2,76,2.02
Peshawar,2026-08-29 16:00:00+00:00,30.6,78,0.96
Peshawar,2026-08-29 17:00:00+00:00,30.1,81,0.74
Peshawar,2026-08-29 18:00:00+00:00,30.7,80,0.89
Peshawar,2026-08-29 19:00:00+00:00,29.6,81,2.51
Peshawar,2026-08-29 20:00:00+00:00,28.4,83,3.21
Peshawar,2026-08-29 21:00:00+00:00,27.3,93,1.98
Peshawar,2026-08-29 22:00:00+00:00,27.1,93,1.14
Peshawar,2026-08-29 23:00:00+00:00,26.6,90,2.57
Peshawar,2026-08-30 00:00:00+00:00,26.8,95,0.86
Peshawar,2026-08-30 01:00:00+00:00,26.9,95,0.1
Peshawar,2026-08-30 02:00:00+00:00,27.6,93,0.11
Peshawar,2026-08-30 03:00:00+00:00,29.0,84,0.51
Peshawar,2026-08-30 04:00:00+00:00,30.7,76,0.46
Peshawar,2026-08-30 05:00:00+00:00,32.0,72,0.78
Peshawar,2026-08-30 06:00:00+00:00,32.5,68,0.3
Peshawar,2026-08-30 07:00:00+00:00,33.7,63,0.21
Peshawar,2026-08-30 08:00:00+00:00,34.7,59,1.0
Peshawar,2026-08-30 09:00:00+00:00,34.9,57,1.77
Peshawar,2026-08-30 10:00:00+00:00,34.9,57,1.8
Peshawar,2026-08-30 11:00:00+00:00,34.8,58,2.1
Peshawar,2026-08-30 12:00:00+00:00,34.8,57,2.76
Peshawar,2026-08-30 13:00:00+00:00,33.2,66,2.42
Peshawar,2026-08-30 14:00:00+00:00,31.9,70,2.61
Peshawar,2026-08-30 15:00:00+00:00,31.2,72,2.36
Peshawar,2026-08-30 16:00:00+00:00,30.5,74,2.09
Peshawar,2026-08-30 17:00:00+00:00,29.8,76,1.35
Peshawar,2026-08-30 18:00:00+00:00,30.1,76,0.67
Peshawar,2026-08-30 19:00:00+00:00,29.4,77,1.55
Peshawar,2026-08-30 20:00:00+00:00,28.8,76,2.7
Peshawar,2026-08-30 21:00:00+00:00,28.3,78,2.8
Peshawar,2026-08-30 22:00:00+00:00,28.1,79,1.76
Peshawar,2026-08-30 23:00:00+00:00,28.1,77,2.49
Peshawar,2026-08-31 00:00:00+00:00,27.7,77,2.33
Peshawar,2026-08-31 01:00:00+00:00,27.3,81,1.52
Peshawar,2026-08-31 02:00:00+00:00,27.8,81,1.49
Peshawar,2026-08-31 03:00:00+00:00,29.2,76,0.99
Peshawar,2026-08-31 04:00:00+00:00,30.8,68,1.52
Peshawar,2026-08-31 05:00:00+00:00,32.0,65,1.5
Peshawar,2026-08-31 06:00:00+00:00,32.7,63,1.07
Peshawar,2026-08-31 07:00:00+00:00,33.4,60,1.05
Peshawar,2026-08-31 08:00:00+00:00,34.0,58,0.85
Peshawar,2026-08-31 09:00:00+00:00,34.6,55,1.42
Peshawar,2026-08-31 10:00:00+00:00,34.9,53,1.9
Quetta,2026-08-01 11:00:00+00:00,35.7,12,3.7
Quetta,2026-08-01 12:00:00+00:00,35.5,12,3.05
Quetta,2026-08-01 13:00:00+00:00,34.7,14,2.83
Quetta,2026-08-01 14:00:00+00:00,33.7,15,2.16
Quetta,2026-08-01 15:00:00+00:00,31.5,17,1.05
Quetta,2026-08-01 16:00:00+00:00,28.3,45,3.18
Quetta,2026-08-01 17:00:00+00:00,25.4,66,3.62
Quetta,2026-08-01 18:00:00+00:00,25.0,68,2.23
Quetta,2026-08-01 19:00:00+00:00,24.4,70,2.63
Quetta,2026-08-01 20:00:00+00:00,24.3,71,2.17
Quetta,2026-08-01 21:00:00+00:00,24.3,71,1.87
Quetta,2026-08-01 22:00:00+00:00,24.2,72,2.01
Quetta,2026-08-01 23:00:00+00:00,23.8,73,1.9
Quetta,2026-08-02 00:00:00+00:00,24.5,72,1.22
Quetta,2026-08-02 01:00:00+00:00,23.3,78,0.92
Quetta,2026-08-02 02:00:00+00:00,23.8,76,1.3
Quetta,2026-08-02 03:00:00+00:00,26.2,62,0.85
Quetta,2026-08-02 04:00:00+00:00,29.3,38,0.25
Quetta,2026-08-02 05:00:00+00:00,31.7,23,1.39
Quetta,2026-08-02 06:00:00+00:00,32.7,19,1.35
Quetta,2026-08-02 07:00:00+00:00,34.3,16,1.97
Quetta,2026-08-02 08:00:00+00:00,35.4,13,2.59
Quetta,2026-08-02 09:00:00+00:00,36.3,11,3.47
Quetta,2026-08-02 10:00:00+00:00,36.7,11,3.3
Quetta,2026-08-02 11:00:00+00:00,36.3,11,1.66
Quetta,2026-08-02 12:00:00+00:00,35.8,11,2.55
Quetta,2026-08-02 13:00:00+00:00,34.2,12,1.38
Quetta,2026-08-02 14:00:00+00:00,31.7,23,1.66
Quetta,2026-08-02 15:00:00+00:00,28.1,51,3.97
Quetta,2026-08-02 16:00:00+00:00,25.9,62,3.86
Quetta,2026-08-02 17:00:00+00:00,25.4,64,3.56
Quetta,2026-08-02 18:00:00+00:00,25.0,65,2.91
Quetta,2026-08-02 19:00:00+00:00,24.4,68,2.44
Quetta,2026-08-02 20:00:00+00:00,24.5,69,2.0
Quetta,2026-08-02 21:00:00+00:00,24.3,70,2.01
Quetta,2026-08-02 22:00:00+00:00,23.7,74,1.85
Quetta,2026-08-02 23:00:00+00:00,24.0,73,1.76
Quetta,2026-08-03 00:00:00+00:00,23.4,76,0.86
Quetta,2026-08-03 01:00:00+00:00,22.6,80,1.12
Quetta,2026-08-03 02:00:00+00:00,23.8,74,1.68
Quetta,2026-08-03 03:00:00+00:00,25.2,67,1.86
Quetta,2026-08-03 04:00:00+00:00,27.9,52,1.71
Quetta,2026-08-03 05:00:00+00:00,31.3,31,0.76
Quetta,2026-08-03 06:00:00+00:00,32.8,21,1.15
Quetta,2026-08-03 07:00:00+00:00,34.3,16,1.75
Quetta,2026-08-03 08:00:00+00:00,35.1,13,2.01
Quetta,2026-08-03 09:00:00+00:00,35.8,11,3.42
Quetta,2026-08-03 10:00:00+00:00,36.1,10,4.27
Quetta,2026-08-03 11:00:00+00:00,35.9,11,4.15
Quetta,2026-08-03 12:00:00+00:00,35.2,12,4.4
Quetta,2026-08-03 13:00:00+00:00,34.2,12,3.51
Quetta,2026-08-03 14:00:00+00:00,32.9,12,1.92
Quetta,2026-08-03 15:00:00+00:00,30.8,16,0.18
Quetta,2026-08-03 16:00:00+00:00,28.9,32,1.68
Quetta,2026-08-03 17:00:00+00:00,26.7,54,2.17
Quetta,2026-08-03 18:00:00+00:00,25.4,67,2.58
Quetta,2026-08-03 19:00:00+00:00,24.3,74,2.25
Quetta,2026-08-03 20:00:00+00:00,23.7,77,1.69
Quetta,2026-08-03 21:00:00+00:00,23.1,79,1.63
Quetta,2026-08-03 22:00:00+00:00,22.6,82,2.21
Quetta,2026-08-03 23:00:00+00:00,21.7,86,1.61
Quetta,2026-08-04 00:00:00+00:00,22.2,81,0.96
Quetta,2026-08-04 01:00:00+00:00,21.6,82,0.81
Quetta,2026-08-04 02:00:00+00:00,23.1,71,1.12
Quetta,2026-08-04 03:00:00+00:00,26.1,56,0.72
Quetta,2026-08-04 04:00:00+00:00,29.3,28,1.47
Quetta,2026-08-04 05:00:00+00:00,31.3,15,2.98
Quetta,2026-08-04 06:00:00+00:00,32.3,13,3.72
Quetta,2026-08-04 07:00:00+00:00,33.4,12,3.88
Quetta,2026-08-04 08:00:00+00:00,34.2,11,3.7
Quetta,2026-08-04 09:00:00+00:00,34.6,10,3.67
Quetta,2026-08-04 10:00:00+00:00,34.6,10,3.71
Quetta,2026-08-04 11:00:00+00:00,34.2,11,3.64
Quetta,2026-08-04 12:00:00+00:00,33.4,11,3.05
Quetta,2026-08-04 13:00:00+00:00,32.3,12,2.41
Quetta,2026-08-04 14:00:00+00:00,31.0,14,0.76
Quetta,2026-08-04 15:00:00+00:00,29.2,16,0.95
Quetta,2026-08-04 16:00:00+00:00,28.2,18,0.65
Quetta,2026-08-04 17:00:00+00:00,27.3,19,1.31
Quetta,2026-08-04 18:00:00+00:00,26.3,25,1.24
Quetta,2026-08-04 19:00:00+00:00,24.5,44,1.68
Quetta,2026-08-04 20:00:00+00:00,23.0,64,2.15
Quetta,2026-08-04 21:00:00+00:00,22.1,76,1.88
Quetta,2026-08-04 22:00:00+00:00,21.4,81,1.77
Quetta,2026-08-04 23:00:00+00:00,20.7,86,1.43
Quetta,2026-08-05 00:00:00+00:00,20.6,87,0.99
Quetta,2026-08-05 01:00:00+00:00,20.1,89,0.97
Quetta,2026-08-05 02:00:00+00:00,21.8,79,1.39
Quetta,2026-08-05 03:00:00+00:00,25.3,56,0.8
Quetta,2026-08-05 04:00:00+00:00,28.9,31,1.19
Quetta,2026-08-05 05:00:00+00:00,30.9,19,2.91
Quetta,2026-08-05 06:00:00+00:00,32.0,16,2.63
Quetta,2026-08-05 07:00:00+00:00,33.0,15,2.37
Quetta,2026-08-05 08:00:00+00:00,33.8,13,2.34
Quetta,2026-08-05 09:00:00+00:00,34.3,13,2.54
Quetta,2026-08-05 10:00:00+00:00,34.2,13,3.11
Quetta,2026-08-05 11:00:00+00:00,33.9,13,3.72
Quetta,2026-08-05 12:00:00+00:00,32.9,13,3.61
Quetta,2026-08-05 13:00:00+00:00,32.1,14,3.03
Quetta,2026-08-05 14:00:00+00:00,30.9,14,2.04
Quetta,2026-08-05 15:00:00+00:00,29.4,16,0.8
Quetta,2026-08-05 16:00:00+00:00,28.4,18,0.29
Quetta,2026-08-05 17:00:00+00:00,27.5,18,1.03
Quetta,2026-08-05 18:00:00+00:00,27.1,20,1.12
Quetta,2026-08-05 19:00:00+00:00,26.1,21,0.98
Quetta,2026-08-05 20:00:00+00:00,25.2,22,1.09
Quetta,2026-08-05 21:00:00+00:00,24.3,24,1.07
Quetta,2026-08-05 22:00:00+00:00,23.6,25,0.72
Quetta,2026-08-05 23:00:00+00:00,23.2,26,0.6
Quetta,2026-08-06 00:00:00+00:00,23.6,28,0.22
Quetta,2026-08-06 01:00:00+00:00,22.9,29,0.21
Quetta,2026-08-06 02:00:00+00:00,24.2,28,0.11
Quetta,2026-08-06 03:00:00+00:00,26.8,21,0.71
Quetta,2026-08-06 04:00:00+00:00,28.9,16,1.3
Quetta,2026-08-06 05:00:00+00:00,30.9,12,1.6
Quetta,2026-08-06 06:00:00+00:00,32.3,9,2.17
Quetta,2026-08-06 07:00:00+00:00,33.6,8,2.77
Quetta,2026-08-06 08:00:00+00:00,34.4,7,3.02
Quetta,2026-08-06 09:00:00+00:00,34.9,7,3.27
Quetta,2026-08-06 10:00:00+00:00,34.8,8,3.31
Quetta,2026-08-06 11:00:00+00:00,34.3,8,3.6
Quetta,2026-08-06 12:00:00+00:00,33.3,9,3.74
Quetta,2026-08-06 13:00:00+00:00,32.0,10,3.4
Quetta,2026-08-06 14:00:00+00:00,30.6,11,2.04
Quetta,2026-08-06 15:00:00+00:00,29.1,15,0.22
Quetta,2026-08-06 16:00:00+00:00,27.9,14,0.43
Quetta,2026-08-06 17:00:00+00:00,27.1,15,0.25
Quetta,2026-08-06 18:00:00+00:00,26.9,15,0.38
Quetta,2026-08-06 19:00:00+00:00,25.8,16,0.71
Quetta,2026-08-06 20:00:00+00:00,24.5,19,1.42
Quetta,2026-08-06 21:00:00+00:00,23.0,36,1.71
Quetta,2026-08-06 22:00:00+00:00,21.5,57,1.36
Quetta,2026-08-06 23:00:00+00:00,20.7,69,0.89
Quetta,2026-08-07 00:00:00+00:00,21.1,65,0.42
Quetta,2026-08-07 01:00:00+00:00,20.5,67,0.54
Quetta,2026-08-07 02:00:00+00:00,21.9,62,0.96
Quetta,2026-08-07 03:00:00+00:00,25.1,45,0.75
Quetta,2026-08-07 04:00:00+00:00,27.9,31,0.97
Quetta,2026-08-07 05:00:00+00:00,30.1,18,1.96
Quetta,2026-08-07 06:00:00+00:00,31.1,12,1.89
Quetta,2026-08-07 07:00:00+00:00,32.4,11,2.22
Quetta,2026-08-07 08:00:00+00:00,33.1,10,2.65
Quetta,2026-08-07 09:00:00+00:00,33.6,10,3.16
Quetta,2026-08-07 10:00:00+00:00,33.7,10,3.39
Quetta,2026-08-07 11:00:00+00:00,33.4,10,3.22
Quetta,2026-08-07 12:00:00+00:00,32.7,11,3.85
Quetta,2026-08-07 13:00:00+00:00,31.4,11,3.71
Quetta,2026-08-07 14:00:00+00:00,30.1,11,2.79
Quetta,2026-08-07 15:00:00+00:00,28.6,12,1.17
Quetta,2026-08-07 16:00:00+00:00,27.9,14,0.3
Quetta,2026-08-07 17:00:00+00:00,26.3,21,1.3
Quetta,2026-08-07 18:00:00+00:00,25.6,25,1.33
Quetta,2026-08-07 19:00:00+00:00,23.8,41,1.39
Quetta,2026-08-07 20:00:00+00:00,22.3,55,1.45
Quetta,2026-08-07 21:00:00+00:00,21.1,64,1.54
Quetta,2026-08-07 22:00:00+00:00,20.4,70,1.63
Quetta,2026-08-07 23:00:00+00:00,19.8,76,1.52
Quetta,2026-08-08 00:00:00+00:00,19.4,76,1.12
Quetta,2026-08-08 01:00:00+00:00,18.9,79,1.16
Quetta,2026-08-08 02:00:00+00:00,20.3,73,1.46
Quetta,2026-08-08 03:00:00+00:00,24.5,49,0.76
Quetta,2026-08-08 04:00:00+00:00,27.4,34,0.07
Quetta,2026-08-08 05:00:00+00:00,29.2,28,0.5
Quetta,2026-08-08 06:00:00+00:00,30.5,20,0.38
Quetta,2026-08-08 07:00:00+00:00,32.5,15,0.97
Quetta,2026-08-08 08:00:00+00:00,33.5,11,1.75
Quetta,2026-08-08 09:00:00+00:00,34.2,8,2.38
Quetta,2026-08-08 10:00:00+00:00,34.3,8,3.07
Quetta,2026-08-08 11:00:00+00:00,33.9,8,3.0
Quetta,2026-08-08 12:00:00+00:00,33.3,8,3.37
Quetta,2026-08-08 13:00:00+00:00,32.0,9,4.06
Quetta,2026-08-08 14:00:00+00:00,30.6,10,2.89
Quetta,2026-08-08 15:00:00+00:00,28.6,14,0.35
Quetta,2026-08-08 16:00:00+00:00,27.2,19,1.14
Quetta,2026-08-08 17:00:00+00:00,25.9,38,2.33
Quetta,2026-08-08 18:00:00+00:00,24.9,45,1.55
Quetta,2026-08-08 19:00:00+00:00,23.7,50,1.59
Quetta,2026-08-08 20:00:00+00:00,23.0,53,1.76
Quetta,2026-08-08 21:00:00+00:00,22.3,58,1.73
Quetta,2026-08-08 22:00:00+00:00,21.6,65,1.52
Quetta,2026-08-08 23:00:00+00:00,20.9,71,1.41
Quetta,2026-08-09 00:00:00+00:00,20.4,76,1.19
Quetta,2026-08-09 01:00:00+00:00,19.5,82,1.1
Quetta,2026-08-09 02:00:00+00:00,20.7,76,1.32
Quetta,2026-08-09 03:00:00+00:00,24.5,51,0.83
Quetta,2026-08-09 04:00:00+00:00,27.1,35,0.45
Quetta,2026-08-09 05:00:00+00:00,29.3,23,0.45
Quetta,2026-08-09 06:00:00+00:00,30.6,18,0.82
Quetta,2026-08-09 07:00:00+00:00,32.2,15,1.78
Quetta,2026-08-09 08:00:00+00:00,33.1,14,2.65
Quetta,2026-08-09 09:00:00+00:00,33.6,12,3.6
Quetta,2026-08-09 10:00:00+00:00,33.6,10,3.91
Quetta,2026-08-09 11:00:00+00:00,33.1,11,4.56
Quetta,2026-08-09 12:00:00+00:00,32.6,12,5.02
Quetta,2026-08-09 13:00:00+00:00,31.2,13,4.84
Quetta,2026-08-09 14:00:00+00:00,29.6,14,3.59
Quetta,2026-08-09 15:00:00+00:00,28.2,16,1.14
Quetta,2026-08-09 16:00:00+00:00,27.6,18,0.11
Quetta,2026-08-09 17:00:00+00:00,26.4,18,1.08
Quetta,2026-08-09 18:00:00+00:00,25.7,22,1.03
Quetta,2026-08-09 19:00:00+00:00,24.3,28,0.97
Quetta,2026-08-09 20:00:00+00:00,23.1,36,1.08
Quetta,2026-08-09 21:00:00+00:00,22.0,44,1.52
Quetta,2026-08-09 22:00:00+00:00,21.2,48,1.38
Quetta,2026-08-09 23:00:00+00:00,20.7,51,1.19
Quetta,2026-08-10 00:00:00+00:00,21.0,48,0.58
Quetta,2026-08-10 01:00:00+00:00,20.7,46,0.64
Quetta,2026-08-10 02:00:00+00:00,22.4,40,0.57
Quetta,2026-08-10 03:00:00+00:00,25.1,31,0.4
Quetta,2026-08-10 04:00:00+00:00,27.6,24,1.22
Quetta,2026-08-10 05:00:00+00:00,29.5,16,2.19
Quetta,2026-08-10 06:00:00+00:00,30.6,13,2.26
Quetta,2026-08-10 07:00:00+00:00,31.7,12,2.3
Quetta,2026-08-10 08:00:00+00:00,32.4,11,2.18
Quetta,2026-08-10 09:00:00+00:00,33.0,10,2.1
Quetta,2026-08-10 10:00:00+00:00,33.2,10,2.42
Quetta,2026-08-10 11:00:00+00:00,32.8,10,3.24
Quetta,2026-08-10 12:00:00+00:00,32.3,10,3.72
Quetta,2026-08-10 13:00:00+00:00,31.3,11,3.0
Quetta,2026-08-10 14:00:00+00:00,29.8,12,1.72
Quetta,2026-08-10 15:00:00+00:00,27.8,15,0.5
Quetta,2026-08-10 16:00:00+00:00,26.8,15,0.64
Quetta,2026-08-10 17:00:00+00:00,25.8,16,0.89
Quetta,2026-08-10 18:00:00+00:00,26.0,19,0.61
Quetta,2026-08-10 19:00:00+00:00,24.9,19,0.45
Quetta,2026-08-10 20:00:00+00:00,23.8,21,0.59
Quetta,2026-08-10 21:00:00+00:00,23.2,22,0.56
Quetta,2026-08-10 22:00:00+00:00,22.8,23,0.68
Quetta,2026-08-10 23:00:00+00:00,22.4,23,0.6
Quetta,2026-08-11 00:00:00+00:00,22.4,23,0.36
Quetta,2026-08-11 01:00:00+00:00,22.0,24,0.25
Quetta,2026-08-11 02:00:00+00:00,23.0,23,0.53
Quetta,2026-08-11 03:00:00+00:00,25.6,18,0.76
Quetta,2026-08-11 04:00:00+00:00,28.4,14,0.63
Quetta,2026-08-11 05:00:00+00:00,30.4,11,1.2
Quetta,2026-08-11 06:00:00+00:00,31.5,11,1.72
Quetta,2026-08-11 07:00:00+00:00,32.7,10,1.9
Quetta,2026-08-11 08:00:00+00:00,33.5,9,2.03
Quetta,2026-08-11 09:00:00+00:00,34.2,9,2.1
Quetta,2026-08-11 10:00:00+00:00,34.4,9,2.42
Quetta,2026-08-11 11:00:00+00:00,34.2,9,2.62
Quetta,2026-08-11 12:00:00+00:00,33.5,9,2.91
Quetta,2026-08-11 13:00:00+00:00,32.5,9,3.11
Quetta,2026-08-11 14:00:00+00:00,31.1,10,2.88
Quetta,2026-08-11 15:00:00+00:00,29.1,11,1.3
Quetta,2026-08-11 16:00:00+00:00,28.0,12,0.64
Quetta,2026-08-11 17:00:00+00:00,26.9,14,0.82
Quetta,2026-08-11 18:00:00+00:00,26.2,18,0.93
Quetta,2026-08-11 19:00:00+00:00,24.6,30,1.49
Quetta,2026-08-11 20:00:00+00:00,22.9,45,1.68
Quetta,2026-08-11 21:00:00+00:00,21.5,57,1.76
Quetta,2026-08-11 22:00:00+00:00,20.7,62,1.83
Quetta,2026-08-11 23:00:00+00:00,20.3,65,1.87
Quetta,2026-08-12 00:00:00+00:00,19.9,65,1.41
Quetta,2026-08-12 01:00:00+00:00,19.4,69,1.35
Quetta,2026-08-12 02:00:00+00:00,20.8,65,1.16
Quetta,2026-08-12 03:00:00+00:00,24.1,56,0.81
Quetta,2026-08-12 04:00:00+00:00,27.4,37,0.81
Quetta,2026-08-12 05:00:00+00:00,30.3,18,1.25
Quetta,2026-08-12 06:00:00+00:00,31.9,12,1.89
Quetta,2026-08-12 07:00:00+00:00,33.3,10,1.89
Quetta,2026-08-12 08:00:00+00:00,34.2,9,2.1
Quetta,2026-08-12 09:00:00+00:00,34.9,9,2.45
Quetta,2026-08-12 10:00:00+00:00,35.2,9,3.02
Quetta,2026-08-12 11:00:00+00:00,35.1,9,3.7
Quetta,2026-08-12 12:00:00+00:00,34.9,9,3.58
Quetta,2026-08-12 13:00:00+00:00,33.9,10,1.7
Quetta,2026-08-12 14:00:00+00:00,31.5,18,1.46
Quetta,2026-08-12 15:00:00+00:00,28.9,39,2.9
Quetta,2026-08-12 16:00:00+00:00,27.3,46,3.34
Quetta,2026-08-12 17:00:00+00:00,26.4,50,2.77
Quetta,2026-08-12 18:00:00+00:00,25.8,53,2.38
Quetta,2026-08-12 19:00:00+00:00,24.9,59,2.82
Quetta,2026-08-12 20:00:00+00:00,23.7,65,1.41
Quetta,2026-08-12 21:00:00+00:00,22.6,70,1.63
Quetta,2026-08-12 22:00:00+00:00,21.8,73,1.87
Quetta,2026-08-12 23:00:00+00:00,21.1,76,1.38
Quetta,2026-08-13 00:00:00+00:00,20.8,82,0.68
Quetta,2026-08-13 01:00:00+00:00,20.5,84,0.72
Quetta,2026-08-13 02:00:00+00:00,21.9,75,1.19
Quetta,2026-08-13 03:00:00+00:00,25.3,50,0.81
Quetta,2026-08-13 04:00:00+00:00,28.0,39,0.6
Quetta,2026-08-13 05:00:00+00:00,30.5,26,0.96
Quetta,2026-08-13 06:00:00+00:00,31.9,19,1.26
Quetta,2026-08-13 07:00:00+00:00,33.3,14,2.13
Quetta,2026-08-13 08:00:00+00:00,34.4,12,2.39
Quetta,2026-08-13 09:00:00+00:00,35.1,10,2.34
Quetta,2026-08-13 10:00:00+00:00,35.5,11,2.44
Quetta,2026-08-13 11:00:00+00:00,35.4,11,2.72
Quetta,2026-08-13 12:00:00+00:00,35.5,11,2.34
Quetta,2026-08-13 13:00:00+00:00,34.2,12,0.81
Quetta,2026-08-13 14:00:00+00:00,31.6,21,1.73
Quetta,2026-08-13 15:00:00+00:00,28.5,46,3.17
Quetta,2026-08-13 16:00:00+00:00,26.9,52,3.08
Quetta,2026-08-13 17:00:00+00:00,26.0,55,1.88
Quetta,2026-08-13 18:00:00+00:00,25.8,56,1.81
Quetta,2026-08-13 19:00:00+00:00,25.0,60,1.65
Quetta,2026-08-13 20:00:00+00:00,23.8,65,1.54
Quetta,2026-08-13 21:00:00+00:00,22.8,70,1.69
Quetta,2026-08-13 22:00:00+00:00,22.0,75,1.57
Quetta,2026-08-13 23:00:00+00:00,21.3,78,0.97
Quetta,2026-08-14 00:00:00+00:00,21.3,76,0.61
Quetta,2026-08-14 01:00:00+00:00,21.1,72,0.63
Quetta,2026-08-14 02:00:00+00:00,22.8,61,0.69
Quetta,2026-08-14 03:00:00+00:00,26.1,42,0.82
Quetta,2026-08-14 04:00:00+00:00,28.9,32,0.96
Quetta,2026-08-14 05:00:00+00:00,31.5,18,1.48
Quetta,2026-08-14 06:00:00+00:00,33.2,13,2.2
Quetta,2026-08-14 07:00:00+00:00,34.5,10,2.46
Quetta,2026-08-14 08:00:00+00:00,35.2,9,2.4
Quetta,2026-08-14 09:00:00+00:00,35.7,8,2.35
Quetta,2026-08-14 10:00:00+00:00,36.0,8,2.5
Quetta,2026-08-14 11:00:00+00:00,36.0,7,3.34
Quetta,2026-08-14 12:00:00+00:00,35.4,7,3.63
Quetta,2026-08-14 13:00:00+00:00,34.6,7,3.47
Quetta,2026-08-14 14:00:00+00:00,32.7,8,1.53
Quetta,2026-08-14 15:00:00+00:00,30.0,20,1.91
Quetta,2026-08-14 16:00:00+00:00,26.7,54,3.17
Quetta,2026-08-14 17:00:00+00:00,25.6,58,2.42
Quetta,2026-08-14 18:00:00+00:00,25.3,58,2.09
Quetta,2026-08-14 19:00:00+00:00,24.6,60,1.98
Quetta,2026-08-14 20:00:00+00:00,23.7,64,1.9
Quetta,2026-08-14 21:00:00+00:00,22.6,70,1.6
Quetta,2026-08-14 22:00:00+00:00,21.5,78,2.07
Quetta,2026-08-14 23:00:00+00:00,20.7,84,2.01
Quetta,2026-08-15 00:00:00+00:00,20.4,87,0.98
Quetta,2026-08-15 01:00:00+00:00,20.1,86,0.83
Quetta,2026-08-15 02:00:00+00:00,21.8,72,1.04
Quetta,2026-08-15 03:00:00+00:00,25.8,44,0.96
Quetta,2026-08-15 04:00:00+00:00,28.4,35,0.68
Quetta,2026-08-15 05:00:00+00:00,31.0,22,1.15
Quetta,2026-08-15 06:00:00+00:00,32.5,15,1.5
Quetta,2026-08-15 07:00:00+00:00,34.0,12,2.21
Quetta,2026-08-15 08:00:00+00:00,34.8,10,2.67
Quetta,2026-08-15 09:00:00+00:00,35.5,9,3.15
Quetta,2026-08-15 10:00:00+00:00,35.9,9,3.42
Quetta,2026-08-15 11:00:00+00:00,35.8,8,3.26
Quetta,2026-08-15 12:00:00+00:00,35.3,8,3.1
Quetta,2026-08-15 13:00:00+00:00,34.4,8,2.06
Quetta,2026-08-15 14:00:00+00:00,31.9,10,0.97
Quetta,2026-08-15 15:00:00+00:00,29.1,31,2.02
Quetta,2026-08-15 16:00:00+00:00,26.3,61,2.63
Quetta,2026-08-15 17:00:00+00:00,24.9,69,2.22
Quetta,2026-08-15 18:00:00+00:00,24.5,71,1.74
Quetta,2026-08-15 19:00:00+00:00,23.6,74,1.88
Quetta,2026-08-15 20:00:00+00:00,22.9,76,2.07
Quetta,2026-08-15 21:00:00+00:00,22.0,82,1.98
Quetta,2026-08-15 22:00:00+00:00,21.1,87,1.66
Quetta,2026-08-15 23:00:00+00:00,20.6,90,1.39
Quetta,2026-08-16 00:00:00+00:00,20.6,86,1.31
Quetta,2026-08-16 01:00:00+00:00,20.5,82,0.83
Quetta,2026-08-16 02:00:00+00:00,21.9,71,0.68
Quetta,2026-08-16 03:00:00+00:00,25.6,53,0.67
Quetta,2026-08-16 04:00:00+00:00,28.7,39,0.62
Quetta,2026-08-16 05:00:00+00:00,31.5,21,1.57
Quetta,2026-08-16 06:00:00+00:00,33.7,14,2.66
Quetta,2026-08-16 07:00:00+00:00,34.9,11,2.93
Quetta,2026-08-16 08:00:00+00:00,35.5,10,2.44
Quetta,2026-08-16 09:00:00+00:00,35.9,9,2.12
Quetta,2026-08-16 10:00:00+00:00,35.9,9,2.4
Quetta,2026-08-16 11:00:00+00:00,35.6,9,2.29
Quetta,2026-08-16 12:00:00+00:00,34.9,9,3.12
Quetta,2026-08-16 13:00:00+00:00,33.7,9,3.06
Quetta,2026-08-16 14:00:00+00:00,32.0,10,1.29
Quetta,2026-08-16 15:00:00+00:00,30.6,12,0.69
Quetta,2026-08-16 16:00:00+00:00,29.6,12,1.25
Quetta,2026-08-16 17:00:00+00:00,28.0,25,1.95
Quetta,2026-08-16 18:00:00+00:00,26.1,44,2.68
Quetta,2026-08-16 19:00:00+00:00,23.9,62,2.19
Quetta,2026-08-16 20:00:00+00:00,22.7,73,2.18
Quetta,2026-08-16 21:00:00+00:00,22.1,81,2.02
Quetta,2026-08-16 22:00:00+00:00,21.5,88,1.96
Quetta,2026-08-16 23:00:00+00:00,20.9,91,1.83
Quetta,2026-08-17 00:00:00+00:00,20.5,90,1.39
Quetta,2026-08-17 01:00:00+00:00,20.2,84,1.13
Quetta,2026-08-17 02:00:00+00:00,21.8,69,1.42
Quetta,2026-08-17 03:00:00+00:00,25.7,48,0.82
Quetta,2026-08-17 04:00:00+00:00,28.7,36,0.68
Quetta,2026-08-17 05:00:00+00:00,31.7,18,1.52
Quetta,2026-08-17 06:00:00+00:00,33.4,12,1.7
Quetta,2026-08-17 07:00:00+00:00,34.9,10,2.55
Quetta,2026-08-17 08:00:00+00:00,35.6,9,2.84
Quetta,2026-08-17 09:00:00+00:00,36.0,8,2.52
Quetta,2026-08-17 10:00:00+00:00,36.3,8,2.66
Quetta,2026-08-17 11:00:00+00:00,36.0,8,3.23
Quetta,2026-08-17 12:00:00+00:00,35.0,9,4.39
Quetta,2026-08-17 13:00:00+00:00,33.7,9,4.76
Quetta,2026-08-17 14:00:00+00:00,32.5,10,3.3
Quetta,2026-08-17 15:00:00+00:00,30.9,11,1.26
Quetta,2026-08-17 16:00:00+00:00,29.3,14,0.52
Quetta,2026-08-17 17:00:00+00:00,27.6,26,1.54
Quetta,2026-08-17 18:00:00+00:00,26.6,33,1.48
Quetta,2026-08-17 19:00:00+00:00,24.7,46,1.54
Quetta,2026-08-17 20:00:00+00:00,23.6,51,1.34
Quetta,2026-08-17 21:00:00+00:00,23.0,52,0.93
Quetta,2026-08-17 22:00:00+00:00,22.6,50,0.83
Quetta,2026-08-17 23:00:00+00:00,22.3,49,0.72
Quetta,2026-08-18 00:00:00+00:00,22.5,51,0.36
Quetta,2026-08-18 01:00:00+00:00,21.8,51,0.39
Quetta,2026-08-18 02:00:00+00:00,23.1,47,0.46
Quetta,2026-08-18 03:00:00+00:00,26.2,36,0.9
Quetta,2026-08-18 04:00:00+00:00,29.6,23,1.42
Quetta,2026-08-18 05:00:00+00:00,31.7,14,2.3
Quetta,2026-08-18 06:00:00+00:00,33.0,11,2.92
Quetta,2026-08-18 07:00:00+00:00,34.2,10,3.21
Quetta,2026-08-18 08:00:00+00:00,35.0,10,3.11
Quetta,2026-08-18 09:00:00+00:00,35.5,9,2.76
Quetta,2026-08-18 10:00:00+00:00,35.5,9,2.3
Quetta,2026-08-18 11:00:00+00:00,35.2,9,2.04
Quetta,2026-08-18 12:00:00+00:00,34.6,10,2.1
Quetta,2026-08-18 13:00:00+00:00,33.6,11,2.28
Quetta,2026-08-18 14:00:00+00:00,31.6,13,1.2
Quetta,2026-08-18 15:00:00+00:00,30.1,19,0.25
Quetta,2026-08-18 16:00:00+00:00,29.2,19,0.25
Quetta,2026-08-18 17:00:00+00:00,28.0,21,0.6
Quetta,2026-08-18 18:00:00+00:00,27.2,22,1.16
Quetta,2026-08-18 19:00:00+00:00,25.9,26,1.41
Quetta,2026-08-18 20:00:00+00:00,24.1,37,1.52
Quetta,2026-08-18 21:00:00+00:00,22.7,48,1.3
Quetta,2026-08-18 22:00:00+00:00,22.0,54,1.04
Quetta,2026-08-18 23:00:00+00:00,21.8,55,1.2
Quetta,2026-08-19 00:00:00+00:00,21.5,60,0.81
Quetta,2026-08-19 01:00:00+00:00,21.3,57,0.81
Quetta,2026-08-19 02:00:00+00:00,22.6,50,0.75
Quetta,2026-08-19 03:00:00+00:00,26.3,39,0.59
Quetta,2026-08-19 04:00:00+00:00,29.5,27,0.92
Quetta,2026-08-19 05:00:00+00:00,31.9,15,1.53
Quetta,2026-08-19 06:00:00+00:00,33.2,12,1.42
Quetta,2026-08-19 07:00:00+00:00,34.7,11,1.88
Quetta,2026-08-19 08:00:00+00:00,35.5,10,2.21
Quetta,2026-08-19 09:00:00+00:00,35.9,10,2.6
Quetta,2026-08-19 10:00:00+00:00,36.4,9,3.35
Quetta,2026-08-19 11:00:00+00:00,36.3,9,2.55
Quetta,2026-08-19 12:00:00+00:00,35.7,10,1.21
Quetta,2026-08-19 13:00:00+00:00,34.7,11,1.35
Quetta,2026-08-19 14:00:00+00:00,33.2,14,1.59
Quetta,2026-08-19 15:00:00+00:00,31.4,21,1.53
Quetta,2026-08-19 16:00:00+00:00,29.3,39,3.14
Quetta,2026-08-19 17:00:00+00:00,27.9,46,2.29
Quetta,2026-08-19 18:00:00+00:00,26.8,52,1.59
Quetta,2026-08-19 19:00:00+00:00,25.5,58,1.92
Quetta,2026-08-19 20:00:00+00:00,24.5,63,2.2
Quetta,2026-08-19 21:00:00+00:00,23.4,69,1.93
Quetta,2026-08-19 22:00:00+00:00,22.5,74,1.57
Quetta,2026-08-19 23:00:00+00:00,21.8,78,1.49
Quetta,2026-08-20 00:00:00+00:00,21.6,73,1.44
Quetta,2026-08-20 01:00:00+00:00,21.3,70,0.99
Quetta,2026-08-20 02:00:00+00:00,22.6,61,1.17
Quetta,2026-08-20 03:00:00+00:00,26.6,41,0.69
Quetta,2026-08-20 04:00:00+00:00,29.4,33,0.72
Quetta,2026-08-20 05:00:00+00:00,31.9,22,1.0
Quetta,2026-08-20 06:00:00+00:00,33.1,16,1.32
Quetta,2026-08-20 07:00:00+00:00,34.6,13,2.11
Quetta,2026-08-20 08:00:00+00:00,35.4,12,2.7
Quetta,2026-08-20 09:00:00+00:00,36.3,11,3.24
Quetta,2026-08-20 10:00:00+00:00,36.8,10,2.45
Quetta,2026-08-20 11:00:00+00:00,36.6,10,1.11
Quetta,2026-08-20 12:00:00+00:00,34.2,18,3.33
Quetta,2026-08-20 13:00:00+00:00,32.5,25,4.23
Quetta,2026-08-20 14:00:00+00:00,30.8,37,3.7
Quetta,2026-08-20 15:00:00+00:00,28.1,54,3.75
Quetta,2026-08-20 16:00:00+00:00,26.6,60,2.15
Quetta,2026-08-20 17:00:00+00:00,26.0,61,2.2
Quetta,2026-08-20 18:00:00+00:00,26.2,61,2.21
Quetta,2026-08-20 19:00:00+00:00,25.1,66,2.17
Quetta,2026-08-20 20:00:00+00:00,24.0,71,1.96
Quetta,2026-08-20 21:00:00+00:00,22.9,77,2.17
Quetta,2026-08-20 22:00:00+00:00,22.0,82,2.25
Quetta,2026-08-20 23:00:00+00:00,21.6,85,1.71
Quetta,2026-08-21 00:00:00+00:00,21.6,82,1.21
Quetta,2026-08-21 01:00:00+00:00,21.2,81,0.89
Quetta,2026-08-21 02:00:00+00:00,22.3,72,1.46
Quetta,2026-08-21 03:00:00+00:00,26.2,49,1.1
Quetta,2026-08-21 04:00:00+00:00,29.2,37,0.54
Quetta,2026-08-21 05:00:00+00:00,32.1,24,0.8
Quetta,2026-08-21 06:00:00+00:00,33.7,16,1.24
Quetta,2026-08-21 07:00:00+00:00,35.4,12,1.94
Quetta,2026-08-21 08:00:00+00:00,36.2,11,2.44
Quetta,2026-08-21 09:00:00+00:00,36.6,10,2.56
Quetta,2026-08-21 10:00:00+00:00,36.8,10,2.42
Quetta,2026-08-21 11:00:00+00:00,36.6,9,2.46
Quetta,2026-08-21 12:00:00+00:00,35.7,10,3.25
Quetta,2026-08-21 13:00:00+00:00,34.7,10,3.44
Quetta,2026-08-21 14:00:00+00:00,33.2,10,2.22
Quetta,2026-08-21 15:00:00+00:00,31.5,12,0.56
Quetta,2026-08-21 16:00:00+00:00,29.7,18,1.62
Quetta,2026-08-21 17:00:00+00:00,27.1,39,2.15
Quetta,2026-08-21 18:00:00+00:00,25.3,54,2.39
Quetta,2026-08-21 19:00:00+00:00,23.8,63,2.08
Quetta,2026-08-21 20:00:00+00:00,23.1,66,2.21
Quetta,2026-08-21 21:00:00+00:00,22.5,72,2.2
Quetta,2026-08-21 22:00:00+00:00,22.1,73,1.88
Quetta,2026-08-21 23:00:00+00:00,21.8,72,1.75
Quetta,2026-08-22 00:00:00+00:00,21.9,67,1.56
Quetta,2026-08-22 01:00:00+00:00,21.6,63,1.46
Quetta,2026-08-22 02:00:00+00:00,23.0,54,1.74
Quetta,2026-08-22 03:00:00+00:00,27.1,39,1.66
Quetta,2026-08-22 04:00:00+00:00,30.6,25,1.47
Quetta,2026-08-22 05:00:00+00:00,33.3,16,0.86
Quetta,2026-08-22 06:00:00+00:00,34.5,11,1.9
Quetta,2026-08-22 07:00:00+00:00,35.7,11,2.72
Quetta,2026-08-22 08:00:00+00:00,36.4,10,3.18
Quetta,2026-08-22 09:00:00+00:00,36.6,10,3.8
Quetta,2026-08-22 10:00:00+00:00,36.2,9,4.03
Quetta,2026-08-22 11:00:00+00:00,35.7,9,3.83
Quetta,2026-08-22 12:00:00+00:00,34.9,9,3.68
Quetta,2026-08-22 13:00:00+00:00,33.6,10,2.8
Quetta,2026-08-22 14:00:00+00:00,31.4,12,1.15
Quetta,2026-08-22 15:00:00+00:00,30.4,24,0.27
Quetta,2026-08-22 16:00:00+00:00,29.9,18,0.22
Quetta,2026-08-22 17:00:00+00:00,28.7,14,1.31
Quetta,2026-08-22 18:00:00+00:00,28.1,17,1.71
Quetta,2026-08-22 19:00:00+00:00,25.4,38,3.06
Quetta,2026-08-22 20:00:00+00:00,23.5,58,2.33
Quetta,2026-08-22 21:00:00+00:00,22.6,65,2.12
Quetta,2026-08-22 22:00:00+00:00,21.9,70,2.48
Quetta,2026-08-22 23:00:00+00:00,21.3,74,2.04
Quetta,2026-08-23 00:00:00+00:00,20.8,77,1.49
Quetta,2026-08-23 01:00:00+00:00,20.5,78,1.04
Quetta,2026-08-23 02:00:00+00:00,21.6,72,1.17
Quetta,2026-08-23 03:00:00+00:00,24.9,53,0.59
Quetta,2026-08-23 04:00:00+00:00,27.4,34,0.59
Quetta,2026-08-23 05:00:00+00:00,29.7,25,1.26
Quetta,2026-08-23 06:00:00+00:00,31.0,18,1.44
Quetta,2026-08-23 07:00:00+00:00,32.8,15,2.11
Quetta,2026-08-23 08:00:00+00:00,33.6,14,2.87
Quetta,2026-08-23 09:00:00+00:00,34.1,13,3.75
Quetta,2026-08-23 10:00:00+00:00,34.4,12,3.85
Quetta,2026-08-23 11:00:00+00:00,34.6,11,2.92
Quetta,2026-08-23 12:00:00+00:00,33.2,13,2.06
Quetta,2026-08-23 13:00:00+00:00,31.5,16,2.11
Quetta,2026-08-23 14:00:00+00:00,29.3,27,2.14
Quetta,2026-08-23 15:00:00+00:00,26.4,54,3.46
Quetta,2026-08-23 16:00:00+00:00,24.7,60,3.27
Quetta,2026-08-23 17:00:00+00:00,24.1,62,2.48
Quetta,2026-08-23 18:00:00+00:00,23.9,63,2.51
Quetta,2026-08-23 19:00:00+00:00,23.1,71,2.91
Quetta,2026-08-23 20:00:00+00:00,22.3,76,2.64
Quetta,2026-08-23 21:00:00+00:00,21.6,80,2.33
Quetta,2026-08-23 22:00:00+00:00,20.9,84,2.21
Quetta,2026-08-23 23:00:00+00:00,20.3,88,1.53
Quetta,2026-08-24 00:00:00+00:00,19.8,93,1.06
Quetta,2026-08-24 01:00:00+00:00,19.2,95,1.42
Quetta,2026-08-24 02:00:00+00:00,20.1,87,1.39
Quetta,2026-08-24 03:00:00+00:00,23.4,63,0.35
Quetta,2026-08-24 04:00:00+00:00,26.1,45,1.01
Quetta,2026-08-24 05:00:00+00:00,28.6,28,1.49
Quetta,2026-08-24 06:00:00+00:00,30.3,20,1.89
Quetta,2026-08-24 07:00:00+00:00,31.6,18,2.29
Quetta,2026-08-24 08:00:00+00:00,32.2,17,2.7
Quetta,2026-08-24 09:00:00+00:00,33.2,16,2.93
Quetta,2026-08-24 10:00:00+00:00,33.0,15,0.54
Quetta,2026-08-24 11:00:00+00:00,32.5,16,0.4
Quetta,2026-08-24 12:00:00+00:00,32.5,15,0.81
Quetta,2026-08-24 13:00:00+00:00,31.6,16,0.85
Quetta,2026-08-24 14:00:00+00:00,30.1,18,0.11
Quetta,2026-08-24 15:00:00+00:00,28.4,28,2.04
Quetta,2026-08-24 16:00:00+00:00,26.6,40,2.17
Quetta,2026-08-24 17:00:00+00:00,25.3,45,1.41
Quetta,2026-08-24 18:00:00+00:00,24.9,48,1.23
Quetta,2026-08-24 19:00:00+00:00,23.5,55,1.63
Quetta,2026-08-24 20:00:00+00:00,22.5,62,1.81
Quetta,2026-08-24 21:00:00+00:00,21.8,68,1.53
Quetta,2026-08-24 22:00:00+00:00,21.1,73,1.13
Quetta,2026-08-24 23:00:00+00:00,20.6,74,0.9
Quetta,2026-08-25 00:00:00+00:00,20.7,71,0.76
Quetta,2026-08-25 01:00:00+00:00,20.4,68,0.67
Quetta,2026-08-25 02:00:00+00:00,21.7,60,0.43
Quetta,2026-08-25 03:00:00+00:00,24.7,47,0.05
Quetta,2026-08-25 04:00:00+00:00,27.7,28,0.85
Quetta,2026-08-25 05:00:00+00:00,29.8,19,1.92
Quetta,2026-08-25 06:00:00+00:00,31.3,15,2.21
Quetta,2026-08-25 07:00:00+00:00,32.5,13,2.28
Quetta,2026-08-25 08:00:00+00:00,33.3,12,2.12
Quetta,2026-08-25 09:00:00+00:00,33.6,12,1.84
Quetta,2026-08-25 10:00:00+00:00,33.9,11,2.16
Quetta,2026-08-25 11:00:00+00:00,34.2,10,2.57
Quetta,2026-08-25 12:00:00+00:00,34.1,10,2.48
Quetta,2026-08-25 13:00:00+00:00,33.2,10,2.08
Quetta,2026-08-25 14:00:00+00:00,30.9,13,1.01
Quetta,2026-08-25 15:00:00+00:00,28.8,18,0.98
Quetta,2026-08-25 16:00:00+00:00,26.8,42,2.24
Quetta,2026-08-25 17:00:00+00:00,24.6,61,2.06
Quetta,2026-08-25 18:00:00+00:00,23.7,65,2.2
Quetta,2026-08-25 19:00:00+00:00,22.7,68,1.83
Quetta,2026-08-25 20:00:00+00:00,21.9,71,1.68
Quetta,2026-08-25 21:00:00+00:00,21.6,71,1.52
Quetta,2026-08-25 22:00:00+00:00,21.2,72,1.03
Quetta,2026-08-25 23:00:00+00:00,20.8,70,0.56
Quetta,2026-08-26 00:00:00+00:00,21.2,59,0.43
Quetta,2026-08-26 01:00:00+00:00,21.2,51,0.47
Quetta,2026-08-26 02:00:00+00:00,22.3,45,0.39
Quetta,2026-08-26 03:00:00+00:00,24.9,35,0.34
Quetta,2026-08-26 04:00:00+00:00,28.0,24,0.65
Quetta,2026-08-26 05:00:00+00:00,30.2,17,1.58
Quetta,2026-08-26 06:00:00+00:00,31.7,13,2.3
Quetta,2026-08-26 07:00:00+00:00,33.2,11,2.46
Quetta,2026-08-26 08:00:00+00:00,34.1,10,2.66
Quetta,2026-08-26 09:00:00+00:00,34.5,9,2.62
Quetta,2026-08-26 10:00:00+00:00,34.5,9,2.55
Quetta,2026-08-26 11:00:00+00:00,34.1,9,2.95
Quetta,2026-08-26 12:00:00+00:00,33.3,9,3.26
Quetta,2026-08-26 13:00:00+00:00,32.0,10,3.12
Quetta,2026-08-26 14:00:00+00:00,30.1,12,1.51
Quetta,2026-08-26 15:00:00+00:00,28.4,13,1.03
Quetta,2026-08-26 16:00:00+00:00,27.8,14,0.27
Quetta,2026-08-26 17:00:00+00:00,26.4,15,0.54
Quetta,2026-08-26 18:00:00+00:00,26.4,15,0.25
Quetta,2026-08-26 19:00:00+00:00,24.9,17,0.58
Quetta,2026-08-26 20:00:00+00:00,23.7,18,0.59
Quetta,2026-08-26 21:00:00+00:00,22.7,19,0.63
Quetta,2026-08-26 22:00:00+00:00,22.0,20,0.56
Quetta,2026-08-26 23:00:00+00:00,21.5,20,0.34
Quetta,2026-08-27 00:00:00+00:00,22.0,25,0.25
Quetta,2026-08-27 01:00:00+00:00,21.4,27,0.11
Quetta,2026-08-27 02:00:00+00:00,22.0,27,0.27
Quetta,2026-08-27 03:00:00+00:00,24.7,20,0.79
Quetta,2026-08-27 04:00:00+00:00,27.7,15,0.85
Quetta,2026-08-27 05:00:00+00:00,30.0,11,2.48
Quetta,2026-08-27 06:00:00+00:00,31.1,11,3.47
Quetta,2026-08-27 07:00:00+00:00,31.9,10,3.66
Quetta,2026-08-27 08:00:00+00:00,32.6,10,3.58
Quetta,2026-08-27 09:00:00+00:00,33.0,9,3.48
Quetta,2026-08-27 10:00:00+00:00,32.9,9,3.74
Quetta,2026-08-27 11:00:00+00:00,32.5,9,3.8
Quetta,2026-08-27 12:00:00+00:00,32.1,9,3.32
Quetta,2026-08-27 13:00:00+00:00,31.0,9,3.15
Quetta,2026-08-27 14:00:00+00:00,29.0,10,1.9
Quetta,2026-08-27 15:00:00+00:00,27.3,12,1.01
Quetta,2026-08-27 16:00:00+00:00,26.6,13,0.22
Quetta,2026-08-27 17:00:00+00:00,25.5,14,0.18
Quetta,2026-08-27 18:00:00+00:00,25.1,19,0.11
Quetta,2026-08-27 19:00:00+00:00,24.0,15,0.05
Quetta,2026-08-27 20:00:00+00:00,23.1,16,0.05
Quetta,2026-08-27 21:00:00+00:00,22.3,17,0.2
Quetta,2026-08-27 22:00:00+00:00,21.7,17,0.29
Quetta,2026-08-27 23:00:00+00:00,21.1,18,0.36
Quetta,2026-08-28 00:00:00+00:00,20.7,20,0.54
Quetta,2026-08-28 01:00:00+00:00,20.1,20,0.46
Quetta,2026-08-28 02:00:00+00:00,21.1,20,0.46
Quetta,2026-08-28 03:00:00+00:00,24.1,15,0.67
Quetta,2026-08-28 04:00:00+00:00,26.8,13,0.96
Quetta,2026-08-28 05:00:00+00:00,28.9,11,1.57
Quetta,2026-08-28 06:00:00+00:00,30.4,10,2.32
Quetta,2026-08-28 07:00:00+00:00,31.5,9,2.47
Quetta,2026-08-28 08:00:00+00:00,32.3,9,2.33
Quetta,2026-08-28 09:00:00+00:00,32.8,8,2.29
Quetta,2026-08-28 10:00:00+00:00,33.0,8,2.51
Quetta,2026-08-28 11:00:00+00:00,32.9,8,2.79
Quetta,2026-08-28 12:00:00+00:00,32.3,9,3.72
Quetta,2026-08-28 13:00:00+00:00,30.8,10,3.64
Quetta,2026-08-28 14:00:00+00:00,28.8,11,1.81
Quetta,2026-08-28 15:00:00+00:00,27.3,13,0.45
Quetta,2026-08-28 16:00:00+00:00,26.4,13,0.25
Quetta,2026-08-28 17:00:00+00:00,25.1,14,0.34
Quetta,2026-08-28 18:00:00+00:00,24.8,15,0.2
Quetta,2026-08-28 19:00:00+00:00,23.9,16,0.4
Quetta,2026-08-28 20:00:00+00:00,23.1,16,0.3
Quetta,2026-08-28 21:00:00+00:00,22.2,17,0.16
Quetta,2026-08-28 22:00:00+00:00,21.3,18,0.38
Quetta,2026-08-28 23:00:00+00:00,21.0,18,0.16
Quetta,2026-08-29 00:00:00+00:00,21.1,19,0.11
Quetta,2026-08-29 01:00:00+00:00,20.1,20,0.32
Quetta,2026-08-29 02:00:00+00:00,20.6,20,0.67
Quetta,2026-08-29 03:00:00+00:00,23.7,16,0.79
Quetta,2026-08-29 04:00:00+00:00,26.5,12,0.39
Quetta,2026-08-29 05:00:00+00:00,28.9,10,0.73
Quetta,2026-08-29 06:00:00+00:00,30.6,8,2.09
Quetta,2026-08-29 07:00:00+00:00,32.0,8,2.41
Quetta,2026-08-29 08:00:00+00:00,33.0,7,2.5
Quetta,2026-08-29 09:00:00+00:00,33.6,7,2.75
Quetta,2026-08-29 10:00:00+00:00,33.5,7,3.21
Quetta,2026-08-29 11:00:00+00:00,33.0,8,3.58
Quetta,2026-08-29 12:00:00+00:00,32.3,9,3.47
Quetta,2026-08-29 13:00:00+00:00,31.1,9,3.18
Quetta,2026-08-29 14:00:00+00:00,29.0,10,1.61
Quetta,2026-08-29 15:00:00+00:00,27.3,12,0.99
Quetta,2026-08-29 16:00:00+00:00,26.4,13,0.63
Quetta,2026-08-29 17:00:00+00:00,25.0,15,1.01
Quetta,2026-08-29 18:00:00+00:00,24.5,17,1.03
Quetta,2026-08-29 19:00:00+00:00,23.5,18,0.47
Quetta,2026-08-29 20:00:00+00:00,22.7,19,0.43
Quetta,2026-08-29 21:00:00+00:00,21.9,20,0.45
Quetta,2026-08-29 22:00:00+00:00,21.2,21,0.49
Quetta,2026-08-29 23:00:00+00:00,20.9,21,0.38
Quetta,2026-08-30 00:00:00+00:00,21.3,20,0.14
Quetta,2026-08-30 01:00:00+00:00,20.5,21,0.35
Quetta,2026-08-30 02:00:00+00:00,21.2,20,0.81
Quetta,2026-08-30 03:00:00+00:00,24.3,16,0.94
Quetta,2026-08-30 04:00:00+00:00,27.5,13,0.4
Quetta,2026-08-30 05:00:00+00:00,29.7,11,1.05
Quetta,2026-08-30 06:00:00+00:00,31.3,9,2.06
Quetta,2026-08-30 07:00:00+00:00,32.9,8,2.44
Quetta,2026-08-30 08:00:00+00:00,33.8,7,2.65
Quetta,2026-08-30 09:00:00+00:00,34.3,7,2.09
Quetta,2026-08-30 10:00:00+00:00,34.7,7,1.79
Quetta,2026-08-30 11:00:00+00:00,34.7,7,2.82
Quetta,2026-08-30 12:00:00+00:00,34.1,7,3.8
Quetta,2026-08-30 13:00:00+00:00,32.5,8,4.52
Quetta,2026-08-30 14:00:00+00:00,30.5,9,2.96
Quetta,2026-08-30 15:00:00+00:00,28.6,10,1.17
Quetta,2026-08-30 16:00:00+00:00,27.0,16,1.14
Quetta,2026-08-30 17:00:00+00:00,25.3,30,1.52
Quetta,2026-08-30 18:00:00+00:00,24.0,41,1.3
Quetta,2026-08-30 19:00:00+00:00,22.4,54,1.35
Quetta,2026-08-30 20:00:00+00:00,21.6,60,0.97
Quetta,2026-08-30 21:00:00+00:00,21.0,59,0.76
Quetta,2026-08-30 22:00:00+00:00,20.6,58,0.7
Quetta,2026-08-30 23:00:00+00:00,20.2,58,0.63
Quetta,2026-08-31 00:00:00+00:00,19.8,57,0.54
Quetta,2026-08-31 01:00:00+00:00,19.6,55,0.57
Quetta,2026-08-31 02:00:00+00:00,20.7,48,0.75
Quetta,2026-08-31 03:00:00+00:00,24.1,35,0.71
Quetta,2026-08-31 04:00:00+00:00,27.6,22,0.79
Quetta,2026-08-31 05:00:00+00:00,30.2,12,1.55
Quetta,2026-08-31 06:00:00+00:00,31.9,9,2.44
Quetta,2026-08-31 07:00:00+00:00,33.1,8,2.63
Quetta,2026-08-31 08:00:00+00:00,34.0,8,2.55
Quetta,2026-08-31 09:00:00+00:00,34.6,8,2.16
Quetta,2026-08-31 10:00:00+00:00,34.9,8,2.18
