city,timestamp,aqi,pm2_5,pm10,co,no2,o3,so2,nh3,no,temperature,humidity,wind_speed,hour,day_of_week,day_of_month,month,aqi_lag_1,aqi_lag_3,aqi_lag_6,aqi_lag_24,aqi_rolling_3,aqi_rolling_6,aqi_rolling_24
Islamabad,2026-07-25 00:00:00+00:00,3,35.88,42.68,754.76,19.81,22.89,0.99,37.41,0.02,25.4,79,2.01,0,5,25,7,3.0,3.0,3.0,3.0,3.0,3.0,2.7916666666666665
Islamabad,2026-07-25 01:00:00+00:00,3,33.24,39.39,648.69,14.8,40.93,1.38,37.27,0.01,25.2,83,0.95,1,5,25,7,3.0,3.0,3.0,3.0,3.0,3.0,2.7916666666666665
Islamabad,2026-07-25 02:00:00+00:00,3,33.07,38.63,617.3,12.84,47.54,1.85,33.37,0.28,26.5,79,0.27,2,5,25,7,3.0,3.0,3.0,3.0,3.0,3.0,2.7916666666666665
Islamabad,2026-07-25 03:00:00+00:00,3,33.93,38.67,621.02,12.27,51.92,2.15,24.86,0.53,27.0,76,0.89,3,5,25,7,3.0,3.0,3.0,3.0,3.0,3.0,2.7916666666666665
Islamabad,2026-07-25 04:00:00+00:00,3,32.12,35.33,520.27,7.78,76.14,2.42,8.73,0.23,26.9,77,1.71,4,5,25,7,3.0,3.0,3.0,2.0,3.0,3.0,2.7916666666666665
Islamabad,2026-07-25 05:00:00+00:00,3,33.91,36.25,503.71,5.78,90.02,2.19,6.99,0.35,27.2,80,2.46,5,5,25,7,3.0,3.0,3.0,2.0,3.0,3.0,2.833333333333333
Islamabad,2026-07-25 06:00:00+00:00,3,36.57,38.54,514.57,4.46,101.87,1.81,6.94,0.34,25.9,90,2.35,6,5,25,7,3.0,3.0,3.0,3.0,3.0,3.0,2.875
Islamabad,2026-07-25 07:00:00+00:00,3,29.72,31.1,483.3,3.01,114.91,1.22,5.02,0.22,25.4,94,2.34,7,5,25,7,3.0,3.0,3.0,3.0,3.0,3.0,2.875
Islamabad,2026-07-25 08:00:00+00:00,3,29.62,30.86,495.59,3.04,113.94,1.03,4.95,0.2,25.2,93,1.8,8,5,25,7,3.0,3.0,3.0,3.0,3.0,3.0,2.875
Islamabad,2026-07-25 09:00:00+00:00,3,31.72,32.97,526.45,3.6,109.2,1.03,5.11,0.21,25.3,93,1.45,9,5,25,7,3.0,3.0,3.0,3.0,3.0,3.0,2.875
Islamabad,2026-07-25 10:00:00+00:00,3,32.56,33.89,545.18,4.13,104.62,1.05,5.38,0.22,25.7,93,1.15,10,5,25,7,3.0,3.0,3.0,3.0,3.0,3.0,2.875
Islamabad,2026-07-25 11:00:00+00:00,3,32.82,34.2,556.47,4.62,101.22,1.07,5.98,0.25,26.1,87,1.36,11,5,25,7,3.0,3.0,3.0,3.0,3.0,3.0,2.875
Islamabad,2026-07-25 12:00:00+00:00,3,32.92,34.31,564.68,5.31,98.27,1.07,6.61,0.28,27.6,77,2.52,12,5,25,7,3.0,3.0,3.0,3.0,3.0,3.0,2.875
Islamabad,2026-07-25 13:00:00+00:00,3,33.14,34.67,576.07,6.39,95.1,1.06,7.54,0.21,27.3,81,1.63,13,5,25,7,3.0,3.0,3.0,2.0,3.0,3.0,2.875
Islamabad,2026-07-25 14:00:00+00:00,3,32.95,34.68,586.35,7.42,89.53,1.06,8.28,0.05,26.6,85,1.02,14,5,25,7,3.0,3.0,3.0,2.0,3.0,3.0,2.9166666666666665
Islamabad,2026-07-25 15:00:00+00:00,3,32.45,34.31,591.27,7.42,85.89,1.02,8.32,0.0,26.0,88,0.82,15,5,25,7,3.0,3.0,3.0,2.0,3.0,3.0,2.958333333333333
Islamabad,2026-07-25 16:00:00+00:00,3,32.65,34.73,594.96,7.29,81.55,0.99,8.65,0.0,25.7,91,0.6,16,5,25,7,3.0,3.0,3.0,3.0,3.0,3.0,3.0
Islamabad,2026-07-25 17:00:00+00:00,3,34.18,36.67,605.85,7.55,76.29,0.97,9.49,0.0,25.6,92,0.28,17,5,25,7,3.0,3.0,3.0,3.0,3.0,3.0,3.0
Islamabad,2026-07-25 18:00:00+00:00,3,34.97,37.74,609.99,7.7,72.03,0.92,9.92,0.0,26.2,91,0.41,18,5,25,7,3.0,3.0,3.0,3.0,3.0,3.0,3.0
Islamabad,2026-07-25 19:00:00+00:00,3,34.97,37.84,608.63,7.78,67.25,0.88,10.33,0.0,25.6,93,0.35,19,5,25,7,3.0,3.0,3.0,3.0,3.0,3.0,3.0
Islamabad,2026-07-25 20:00:00+00:00,3,34.8,37.71,609.23,7.72,62.66,0.89,11.04,0.0,25.6,91,0.41,20,5,25,7,3.0,3.0,3.0,3.0,3.0,3.0,3.0
Islamabad,2026-07-25 21:00:00+00:00,3,34.2,37.12,603.71,7.46,59.01,0.97,11.87,0.0,25.2,91,0.63,21,5,25,7,3.0,3.0,3.0,3.0,3.0,3.0,3.0
Islamabad,2026-07-25 22:00:00+00:00,3,33.26,36.18,596.89,7.26,55.8,1.04,12.61,0.0,24.9,92,0.25,22,5,25,7,3.0,3.0,3.0,3.0,3.0,3.0,3.0
Islamabad,2026-07-25 23:00:00+00:00,3,32.49,35.43,590.13,7.04,53.02,1.04,12.66,0.0,24.9,91,0.46,23,5,25,7,3.0,3.0,3.0,3.0,3.0,3.0,3.0
Islamabad,2026-07-26 00:00:00+00:00,3,32.06,35.05,584.02,6.9,50.6,1.02,12.77,0.0,25.3,92,0.93,0,6,26,7,3.0,3.0,3.0,3.0,3.0,3.0,3.0
Islamabad,2026-07-26 01:00:00+00:00,3,30.47,33.61,573.83,6.81,48.05,0.98,12.26,0.0,25.2,93,0.65,1,6,26,7,3.0,3.0,3.0,3.0,3.0,3.0,3.0
Islamabad,2026-07-26 02:00:00+00:00,3,28.17,31.74,570.45,6.98,47.23,1.0,11.13,0.24,25.2,91,2.23,2,6,26,7,3.0,3.0,3.0,3.0,3.0,3.0,3.0
Islamabad,2026-07-26 03:00:00+00:00,3,26.92,30.92,567.77,6.72,53.4,1.06,10.37,0.81,26.4,86,1.17,3,6,26,7,3.0,3.0,3.0,3.0,3.0,3.0,3.0
Islamabad,2026-07-26 04:00:00+00:00,2,24.97,28.86,499.45,4.74,76.94,1.26,7.71,0.59,28.4,73,0.81,4,6,26,7,3.0,3.0,3.0,3.0,3.0,3.0,3.0
Islamabad,2026-07-26 05:00:00+00:00,3,26.14,30.06,470.66,3.9,90.0,1.36,8.17,0.35,28.5,72,1.46,5,6,26,7,2.0,3.0,3.0,3.0,2.6666666666666665,2.833333333333333,2.958333333333333
Islamabad,2026-07-26 06:00:00+00:00,3,28.11,32.11,459.91,3.59,97.76,1.42,9.2,0.2,29.4,65,0.6,6,6,26,7,3.0,3.0,3.0,3.0,2.6666666666666665,2.833333333333333,2.958333333333333
Islamabad,2026-07-26 07:00:00+00:00,3,17.63,19.95,375.5,2.04,108.03,1.06,5.28,0.1,29.7,65,0.7,7,6,26,7,3.0,2.0,3.0,3.0,2.6666666666666665,2.833333333333333,2.958333333333333
Islamabad,2026-07-26 08:00:00+00:00,3,12.58,14.14,330.62,1.38,110.28,0.74,4.24,0.1,30.4,64,0.92,8,6,26,7,3.0,3.0,3.0,3.0,3.0,2.833333333333333,2.958333333333333
Islamabad,2026-07-26 09:00:00+00:00,3,11.93,13.33,312.97,1.17,111.16,0.63,4.29,0.11,31.0,63,1.35,9,6,26,7,3.0,3.0,3.0,3.0,3.0,2.833333333333333,2.958333333333333
Islamabad,2026-07-26 10:00:00+00:00,3,11.41,12.81,300.99,1.08,112.48,0.59,4.3,0.12,32.0,60,1.53,10,6,26,7,3.0,3.0,2.0,3.0,3.0,2.833333333333333,2.958333333333333
Islamabad,2026-07-26 11:00:00+00:00,3,11.16,12.7,292.29,1.17,112.33,0.6,4.7,0.13,32.1,59,2.16,11,6,26,7,3.0,3.0,3.0,3.0,3.0,3.0,2.958333333333333
Islamabad,2026-07-26 12:00:00+00:00,3,11.05,12.82,288.91,1.47,112.17,0.63,5.25,0.14,31.8,59,1.75,12,6,26,7,3.0,3.0,3.0,3.0,3.0,3.0,2.958333333333333
Islamabad,2026-07-26 13:00:00+00:00,2,12.54,15.01,348.33,5.79,97.51,0.81,14.55,0.38,30.7,67,1.81,13,6,26,7,3.0,3.0,3.0,3.0,3.0,3.0,2.958333333333333
Islamabad,2026-07-26 14:00:00+00:00,2,15.0,18.52,446.33,12.57,75.65,1.03,28.56,0.2,29.2,73,2.14,14,6,26,7,2.0,3.0,3.0,3.0,2.6666666666666665,2.833333333333333,2.9166666666666665
Islamabad,2026-07-26 15:00:00+00:00,2,17.34,21.95,528.42,16.72,61.97,1.21,40.96,0.0,28.2,76,2.16,15,6,26,7,2.0,3.0,3.0,3.0,2.333333333333333,2.6666666666666665,2.875
Islamabad,2026-07-26 16:00:00+00:00,2,19.83,25.5,588.65,19.05,53.64,1.33,49.23,0.0,27.7,78,2.09,16,6,26,7,2.0,2.0,3.0,3.0,2.0,2.5,2.833333333333333
Islamabad,2026-07-26 17:00:00+00:00,2,22.64,29.39,637.2,20.07,46.78,1.32,50.72,0.0,27.4,79,1.84,17,6,26,7,2.0,2.0,3.0,3.0,2.0,2.333333333333333,2.7916666666666665
Islamabad,2026-07-26 18:00:00+00:00,2,24.66,32.57,668.5,20.21,41.4,1.19,45.21,0.0,27.8,78,1.84,18,6,26,7,2.0,2.0,3.0,3.0,2.0,2.1666666666666665,2.75
Islamabad,2026-07-26 19:00:00+00:00,3,25.32,34.65,672.53,19.02,38.58,0.95,35.4,0.0,27.3,80,1.45,19,6,26,7,2.0,2.0,2.0,3.0,2.0,2.0,2.708333333333333
Islamabad,2026-07-26 20:00:00+00:00,3,26.22,37.36,671.64,17.63,36.45,0.83,31.89,0.0,26.9,82,1.17,20,6,26,7,3.0,2.0,2.0,3.0,2.333333333333333,2.1666666666666665,2.708333333333333
Islamabad,2026-07-26 21:00:00+00:00,3,27.42,40.44,670.75,16.44,34.0,0.77,31.48,0.0,26.4,85,1.1,21,6,26,7,3.0,2.0,2.0,3.0,2.6666666666666665,2.333333333333333,2.708333333333333
Islamabad,2026-07-26 22:00:00+00:00,3,28.19,43.1,665.74,15.47,32.04,0.77,34.73,0.0,26.1,87,0.76,22,6,26,7,3.0,3.0,2.0,3.0,3.0,2.5,2.708333333333333
Islamabad,2026-07-26 23:00:00+00:00,3,29.9,46.78,662.65,14.98,31.37,0.85,42.93,0.0,26.1,86,0.49,23,6,26,7,3.0,3.0,2.0,3.0,3.0,2.6666666666666665,2.708333333333333
Islamabad,2026-07-27 00:00:00+00:00,3,32.23,50.94,665.59,15.19,31.42,1.0,54.56,0.0,26.3,85,0.3,0,0,27,7,3.0,3.0,2.0,3.0,3.0,2.833333333333333,2.708333333333333
Islamabad,2026-07-27 01:00:00+00:00,3,33.78,53.98,677.18,15.88,30.82,1.15,63.48,0.03,26.4,85,0.43,1,0,27,7,3.0,3.0,3.0,3.0,3.0,3.0,2.708333333333333
Islamabad,2026-07-27 02:00:00+00:00,3,34.09,55.88,707.38,15.58,30.3,1.19,56.0,1.15,27.6,79,0.5,2,0,27,7,3.0,3.0,3.0,3.0,3.0,3.0,2.708333333333333
Islamabad,2026-07-27 03:00:00+00:00,3,33.02,56.82,746.16,14.66,37.86,1.19,44.66,3.2,28.9,74,0.25,3,0,27,7,3.0,3.0,3.0,3.0,3.0,3.0,2.708333333333333
Islamabad,2026-07-27 04:00:00+00:00,3,19.75,37.21,394.19,3.79,108.96,1.19,11.31,0.29,30.4,66,0.58,4,0,27,7,3.0,3.0,3.0,2.0,3.0,3.0,2.708333333333333
Islamabad,2026-07-27 05:00:00+00:00,3,15.93,27.43,336.89,2.25,112.06,1.08,8.1,0.13,31.5,60,1.2,5,0,27,7,3.0,3.0,3.0,3.0,3.0,3.0,2.75
Islamabad,2026-07-27 06:00:00+00:00,3,14.27,23.67,319.34,1.83,111.23,0.95,7.45,0.1,32.3,57,1.34,6,0,27,7,3.0,3.0,3.0,3.0,3.0,3.0,2.75
Islamabad,2026-07-27 07:00:00+00:00,3,12.39,20.42,302.62,1.47,109.38,0.75,6.74,0.08,33.1,55,1.35,7,0,27,7,3.0,3.0,3.0,3.0,3.0,3.0,2.75
Islamabad,2026-07-27 08:00:00+00:00,3,10.75,17.86,286.06,1.19,105.86,0.55,6.17,0.09,33.5,54,1.11,8,0,27,7,3.0,3.0,3.0,3.0,3.0,3.0,2.75
Islamabad,2026-07-27 09:00:00+00:00,3,10.36,17.38,280.43,1.09,104.83,0.46,6.11,0.1,33.5,54,1.05,9,0,27,7,3.0,3.0,3.0,3.0,3.0,3.0,2.75
Islamabad,2026-07-27 10:00:00+00:00,3,10.86,18.51,281.92,1.08,106.05,0.43,6.51,0.12,33.6,55,0.9,10,0,27,7,3.0,3.0,3.0,3.0,3.0,3.0,2.75
Islamabad,2026-07-27 11:00:00+00:00,3,11.97,20.95,286.9,1.23,107.99,0.44,7.38,0.14,33.6,55,0.6,11,0,27,7,3.0,3.0,3.0,3.0,3.0,3.0,2.75
Islamabad,2026-07-27 12:00:00+00:00,3,13.14,23.88,295.48,1.58,109.79,0.47,8.36,0.16,33.6,54,0.8,12,0,27,7,3.0,3.0,3.0,3.0,3.0,3.0,2.75
Islamabad,2026-07-27 13:00:00+00:00,3,15.14,27.84,342.31,4.6,102.65,0.62,13.52,0.28,32.6,62,1.01,13,0,27,7,3.0,3.0,3.0,2.0,3.0,3.0,2.75
Islamabad,2026-07-27 14:00:00+00:00,2,18.07,33.19,419.55,9.46,88.21,0.84,21.73,0.11,31.0,73,1.02,14,0,27,7,3.0,3.0,3.0,2.0,3.0,3.0,2.7916666666666665
Islamabad,2026-07-27 15:00:00+00:00,2,21.49,39.43,484.36,12.05,77.23,0.99,28.85,0.0,29.6,78,1.01,15,0,27,7,2.0,3.0,3.0,2.0,2.6666666666666665,2.833333333333333,2.7916666666666665
Islamabad,2026-07-27 16:00:00+00:00,2,24.9,44.92,531.42,13.26,68.98,1.06,33.26,0.0,29.0,80,1.44,16,0,27,7,2.0,3.0,3.0,2.0,2.333333333333333,2.6666666666666665,2.7916666666666665
Islamabad,2026-07-27 17:00:00+00:00,3,28.16,50.0,567.51,13.63,63.79,1.08,34.25,0.0,28.5,78,1.21,17,0,27,7,2.0,2.0,3.0,2.0,2.0,2.5,2.7916666666666665
Islamabad,2026-07-27 18:00:00+00:00,3,30.75,54.52,583.82,13.46,60.78,1.03,32.95,0.0,28.7,81,0.81,18,0,27,7,3.0,2.0,3.0,2.0,2.333333333333333,2.5,2.833333333333333
Islamabad,2026-07-27 19:00:00+00:00,3,32.59,57.76,587.7,13.37,57.24,0.98,35.43,0.0,27.9,81,0.94,19,0,27,7,3.0,2.0,3.0,3.0,2.6666666666666665,2.5,2.875
Islamabad,2026-07-27 20:00:00+00:00,3,34.77,60.16,611.37,14.4,51.75,1.08,46.25,0.0,27.6,81,1.77,20,0,27,7,3.0,3.0,2.0,3.0,3.0,2.5,2.875
Islamabad,2026-07-27 21:00:00+00:00,3,38.14,63.11,634.77,15.4,47.46,1.24,58.23,0.0,26.7,88,1.17,21,0,27,7,3.0,3.0,2.0,3.0,3.0,2.6666666666666665,2.875
Islamabad,2026-07-27 22:00:00+00:00,3,41.2,65.75,656.06,16.17,44.01,1.41,69.7,0.0,26.3,85,2.17,22,0,27,7,3.0,3.0,2.0,3.0,3.0,2.833333333333333,2.875
Islamabad,2026-07-27 23:00:00+00:00,3,43.81,67.92,676.58,16.52,40.29,1.51,77.07,0.0,26.2,83,2.32,23,0,27,7,3.0,3.0,3.0,3.0,3.0,3.0,2.875
Islamabad,2026-07-28 00:00:00+00:00,3,45.89,69.11,703.14,16.67,34.77,1.47,74.44,0.0,26.9,85,1.32,0,1,28,7,3.0,3.0,3.0,3.0,3.0,3.0,2.875
Islamabad,2026-07-28 01:00:00+00:00,3,45.47,67.33,731.84,16.49,28.16,1.17,47.69,0.03,26.4,87,1.64,1,1,28,7,3.0,3.0,3.0,3.0,3.0,3.0,2.875
Islamabad,2026-07-28 02:00:00+00:00,3,43.63,64.3,781.82,15.65,25.84,1.13,37.29,1.42,27.2,82,0.74,2,1,28,7,3.0,3.0,3.0,3.0,3.0,3.0,2.875
Islamabad,2026-07-28 03:00:00+00:00,3,45.54,65.34,843.48,13.98,32.14,1.26,35.0,4.35,28.4,77,0.59,3,1,28,7,3.0,3.0,3.0,3.0,3.0,3.0,2.875
Islamabad,2026-07-28 04:00:00+00:00,3,47.59,66.4,655.44,7.38,88.39,3.23,19.22,1.33,30.3,67,0.78,4,1,28,7,3.0,3.0,3.0,3.0,3.0,3.0,2.875
Islamabad,2026-07-28 05:00:00+00:00,4,57.44,73.87,638.87,5.14,118.93,3.37,16.93,0.59,31.8,63,1.71,5,1,28,7,3.0,3.0,3.0,3.0,3.0,3.0,2.875
Islamabad,2026-07-28 06:00:00+00:00,4,70.85,86.02,643.13,3.83,142.83,3.36,16.52,0.32,31.5,65,1.92,6,1,28,7,4.0,3.0,3.0,3.0,3.333333333333333,3.1666666666666665,2.9166666666666665
Islamabad,2026-07-28 07:00:00+00:00,4,56.49,72.33,480.55,1.85,141.81,3.23,10.47,0.15,31.8,69,1.0,7,1,28,7,4.0,3.0,3.0,3.0,3.6666666666666665,3.333333333333333,2.958333333333333
Islamabad,2026-07-28 08:00:00+00:00,3,46.02,61.05,405.6,1.24,134.03,2.61,8.22,0.12,33.2,65,0.92,8,1,28,7,4.0,4.0,3.0,3.0,4.0,3.5,3.0
Islamabad,2026-07-28 09:00:00+00:00,3,43.08,57.16,386.32,1.16,131.19,2.27,7.83,0.12,33.3,65,1.11,9,1,28,7,3.0,4.0,3.0,3.0,3.6666666666666665,3.5,3.0
Islamabad,2026-07-28 10:00:00+00:00,3,42.87,56.68,388.99,1.59,130.99,2.12,8.77,0.16,33.3,64,0.4,10,1,28,7,3.0,4.0,3.0,3.0,3.333333333333333,3.5,3.0
Islamabad,2026-07-28 11:00:00+00:00,3,43.87,57.54,407.0,2.69,130.89,2.09,11.17,0.24,33.5,62,0.32,11,1,28,7,3.0,3.0,4.0,3.0,3.0,3.5,3.0
Islamabad,2026-07-28 12:00:00+00:00,3,44.62,58.41,434.12,4.47,129.68,2.11,13.75,0.3,34.3,52,1.4,12,1,28,7,3.0,3.0,4.0,3.0,3.0,3.333333333333333,3.0
Islamabad,2026-07-28 13:00:00+00:00,3,46.25,60.37,485.64,7.9,123.54,2.19,18.43,0.24,32.8,63,1.5,13,1,28,7,3.0,3.0,4.0,3.0,3.0,3.1666666666666665,3.0
Islamabad,2026-07-28 14:00:00+00:00,3,49.24,63.53,556.73,11.96,112.13,2.24,24.87,0.04,31.0,72,2.22,14,1,28,7,3.0,3.0,3.0,2.0,3.0,3.0,3.0
Islamabad,2026-07-28 15:00:00+00:00,4,52.63,66.81,629.57,14.18,101.92,2.27,30.66,0.0,29.9,78,2.27,15,1,28,7,3.0,3.0,3.0,2.0,3.0,3.0,3.0416666666666665
Islamabad,2026-07-28 16:00:00+00:00,4,56.49,69.88,719.59,16.71,89.61,2.22,36.62,0.0,29.1,82,1.64,16,1,28,7,4.0,3.0,3.0,2.0,3.333333333333333,3.1666666666666665,3.125
Islamabad,2026-07-28 17:00:00+00:00,4,60.82,73.98,828.08,19.64,76.19,2.15,40.8,0.0,28.8,82,2.42,17,1,28,7,4.0,3.0,3.0,3.0,3.6666666666666665,3.333333333333333,3.208333333333333
Islamabad,2026-07-28 18:00:00+00:00,4,63.98,77.84,924.41,22.1,64.43,2.04,40.58,0.0,28.6,80,3.36,18,1,28,7,4.0,4.0,3.0,3.0,4.0,3.5,3.25
Islamabad,2026-07-28 19:00:00+00:00,4,65.14,80.41,978.54,23.04,55.16,1.89,36.86,0.0,25.9,87,2.39,19,1,28,7,4.0,4.0,3.0,3.0,4.0,3.6666666666666665,3.2916666666666665
Islamabad,2026-07-28 20:00:00+00:00,4,65.83,82.09,1001.5,21.83,49.81,1.8,30.97,0.0,24.2,91,2.63,20,1,28,7,4.0,4.0,3.0,3.0,4.0,3.8333333333333335,3.333333333333333
Islamabad,2026-07-28 21:00:00+00:00,4,66.09,82.2,998.58,19.53,46.54,1.84,25.94,0.0,23.4,96,3.33,21,1,28,7,4.0,4.0,4.0,3.0,4.0,4.0,3.375
Islamabad,2026-07-28 22:00:00+00:00,4,65.31,79.64,981.78,16.95,44.3,2.17,21.8,0.0,23.6,96,2.71,22,1,28,7,4.0,4.0,4.0,3.0,4.0,4.0,3.4166666666666665
Islamabad,2026-07-28 23:00:00+00:00,4,65.1,76.48,998.52,16.24,37.64,2.51,16.86,0.0,23.5,94,3.23,23,1,28,7,4.0,4.0,4.0,3.0,4.0,4.0,3.458333333333333
Islamabad,2026-07-29 00:00:00+00:00,4,63.65,72.23,1013.35,15.74,31.57,3.09,12.64,0.0,24.0,98,3.3,0,2,29,7,4.0,4.0,4.0,3.0,4.0,4.0,3.5
Islamabad,2026-07-29 01:00:00+00:00,4,58.56,64.82,977.95,13.89,30.18,3.41,10.14,0.0,24.1,96,2.95,1,2,29,7,4.0,4.0,4.0,3.0,4.0,4.0,3.5416666666666665
Islamabad,2026-07-29 02:00:00+00:00,4,54.06,58.83,940.98,12.78,30.97,3.51,9.62,0.2,24.9,91,3.06,2,2,29,7,4.0,4.0,4.0,3.0,4.0,4.0,3.583333333333333
Islamabad,2026-07-29 03:00:00+00:00,4,50.53,54.25,903.42,11.74,36.27,3.5,9.82,0.89,26.3,83,2.46,3,2,29,7,4.0,4.0,4.0,3.0,4.0,4.0,3.625
Islamabad,2026-07-29 04:00:00+00:00,3,42.61,46.56,751.33,8.43,59.8,3.82,8.2,0.56,27.7,77,2.93,4,2,29,7,4.0,4.0,4.0,3.0,4.0,4.0,3.6666666666666665
Islamabad,2026-07-29 05:00:00+00:00,3,38.22,42.43,676.92,6.82,72.74,3.6,8.54,0.46,29.0,72,2.86,5,2,29,7,3.0,4.0,4.0,4.0,3.6666666666666665,3.8333333333333335,3.6666666666666665
Islamabad,2026-07-29 06:00:00+00:00,3,37.15,41.49,637.73,5.72,83.62,3.4,9.18,0.39,28.8,72,3.14,6,2,29,7,3.0,4.0,4.0,4.0,3.333333333333333,3.6666666666666665,3.625
Islamabad,2026-07-29 07:00:00+00:00,3,29.3,37.22,512.23,3.69,96.3,2.69,7.47,0.2,27.9,76,2.73,7,2,29,7,3.0,3.0,4.0,4.0,3.0,3.5,3.583333333333333
Islamabad,2026-07-29 08:00:00+00:00,2,24.76,34.09,454.96,3.13,99.48,2.2,7.02,0.12,28.3,74,3.16,8,2,29,7,3.0,3.0,4.0,3.0,3.0,3.333333333333333,3.5416666666666665
Islamabad,2026-07-29 09:00:00+00:00,3,22.48,31.6,442.97,3.19,100.66,2.08,7.13,0.1,29.5,71,3.13,9,2,29,7,2.0,3.0,4.0,3.0,2.6666666666666665,3.0,3.5
Islamabad,2026-07-29 10:00:00+00:00,3,21.59,30.92,441.11,3.34,103.43,2.06,7.42,0.14,30.4,67,2.62,10,2,29,7,3.0,3.0,3.0,3.0,2.6666666666666665,2.833333333333333,3.5
Islamabad,2026-07-29 11:00:00+00:00,3,22.69,31.88,450.62,3.62,107.01,2.09,8.19,0.2,30.8,65,2.43,11,2,29,7,3.0,2.0,3.0,3.0,2.6666666666666665,2.833333333333333,3.5
Islamabad,2026-07-29 12:00:00+00:00,3,24.25,33.5,462.09,4.15,110.73,2.12,9.04,0.23,30.9,65,2.33,12,2,29,7,3.0,3.0,3.0,3.0,3.0,2.833333333333333,3.5
Islamabad,2026-07-29 13:00:00+00:00,3,27.16,36.55,522.38,8.0,104.18,2.16,14.57,0.28,30.0,71,2.08,13,2,29,7,3.0,3.0,3.0,3.0,3.0,2.833333333333333,3.5
Islamabad,2026-07-29 14:00:00+00:00,3,30.74,40.1,613.39,13.51,89.56,2.23,22.36,0.08,28.8,78,1.47,14,2,29,7,3.0,3.0,2.0,3.0,3.0,2.833333333333333,3.5
Islamabad,2026-07-29 15:00:00+00:00,3,33.88,43.19,690.59,16.49,77.86,2.26,27.82,0.0,28.1,82,1.39,15,2,29,7,3.0,3.0,3.0,4.0,3.0,3.0,3.5
Islamabad,2026-07-29 16:00:00+00:00,3,37.04,46.08,752.61,18.0,69.42,2.29,29.59,0.0,27.6,85,0.87,16,2,29,7,3.0,3.0,3.0,4.0,3.0,3.0,3.458333333333333
Islamabad,2026-07-29 17:00:00+00:00,3,40.67,49.49,812.93,18.63,62.98,2.35,28.98,0.0,27.1,88,0.7,17,2,29,7,3.0,3.0,3.0,4.0,3.0,3.0,3.4166666666666665
Islamabad,2026-07-29 18:00:00+00:00,3,44.42,53.04,867.44,18.98,57.52,2.35,27.09,0.0,27.3,91,1.25,18,2,29,7,3.0,3.0,3.0,4.0,3.0,3.0,3.375
Islamabad,2026-07-29 19:00:00+00:00,3,48.24,56.37,905.9,18.59,54.07,2.39,23.83,0.0,26.8,93,1.32,19,2,29,7,3.0,3.0,3.0,4.0,3.0,3.0,3.333333333333333
Islamabad,2026-07-29 20:00:00+00:00,4,52.69,60.09,929.6,16.86,54.35,2.66,19.17,0.0,26.6,93,1.37,20,2,29,7,3.0,3.0,3.0,4.0,3.0,3.0,3.2916666666666665
Islamabad,2026-07-29 21:00:00+00:00,4,58.45,65.16,926.6,13.67,60.52,3.29,14.59,0.0,26.3,93,1.37,21,2,29,7,4.0,3.0,3.0,4.0,3.333333333333333,3.1666666666666665,3.2916666666666665
Islamabad,2026-07-29 22:00:00+00:00,4,64.98,71.48,875.57,9.66,74.23,4.69,10.45,0.0,26.1,92,1.35,22,2,29,7,4.0,3.0,3.0,4.0,3.6666666666666665,3.333333333333333,3.2916666666666665
Islamabad,2026-07-29 23:00:00+00:00,4,69.1,74.69,839.4,7.3,83.08,5.77,7.88,0.0,25.7,92,1.53,23,2,29,7,4.0,4.0,3.0,4.0,4.0,3.5,3.2916666666666665
Islamabad,2026-07-30 00:00:00+00:00,4,72.34,76.42,802.96,5.67,90.6,6.44,6.14,0.0,24.8,95,1.71,0,3,30,7,4.0,4.0,3.0,4.0,4.0,3.6666666666666665,3.2916666666666665
Islamabad,2026-07-30 01:00:00+00:00,5,77.12,80.7,713.17,3.72,108.45,6.08,5.04,0.0,24.9,94,1.79,1,3,30,7,4.0,4.0,3.0,4.0,4.0,3.8333333333333335,3.2916666666666665
Islamabad,2026-07-30 02:00:00+00:00,5,75.82,79.17,728.68,4.29,103.23,5.31,6.51,0.02,26.0,88,1.25,2,3,30,7,5.0,4.0,4.0,4.0,4.333333333333333,4.166666666666667,3.333333333333333
Islamabad,2026-07-30 03:00:00+00:00,4,73.5,76.8,764.28,5.59,97.31,4.77,8.23,0.19,27.4,81,1.05,3,3,30,7,5.0,4.0,4.0,4.0,4.666666666666667,4.333333333333333,3.375
Islamabad,2026-07-30 04:00:00+00:00,5,76.26,79.78,797.37,5.92,102.75,4.47,9.75,0.44,28.5,77,1.4,4,3,30,7,4.0,5.0,4.0,3.0,4.666666666666667,4.333333333333333,3.375
Islamabad,2026-07-30 05:00:00+00:00,5,80.67,84.4,807.88,5.34,115.41,4.27,10.95,0.4,29.7,73,1.45,5,3,30,7,5.0,5.0,4.0,3.0,4.666666666666667,4.5,3.458333333333333
Islamabad,2026-07-30 06:00:00+00:00,5,84.67,88.61,801.65,4.57,129.27,4.18,11.39,0.27,31.4,66,2.26,6,3,30,7,5.0,4.0,4.0,3.0,4.666666666666667,4.666666666666667,3.5416666666666665
Islamabad,2026-07-30 07:00:00+00:00,4,68.22,75.24,625.21,3.03,135.54,3.51,7.78,0.14,32.1,63,2.18,7,3,30,7,5.0,5.0,5.0,3.0,5.0,4.833333333333333,3.625
Islamabad,2026-07-30 08:00:00+00:00,4,55.39,65.08,525.54,2.55,130.91,2.92,6.88,0.11,32.2,64,2.76,8,3,30,7,4.0,5.0,5.0,2.0,4.666666666666667,4.666666666666667,3.6666666666666665
Islamabad,2026-07-30 09:00:00+00:00,3,49.21,60.08,483.83,2.51,127.72,2.64,6.87,0.09,31.8,65,2.15,9,3,30,7,4.0,5.0,4.0,3.0,4.333333333333333,4.5,3.75
Islamabad,2026-07-30 10:00:00+00:00,3,44.9,57.44,450.6,2.53,125.35,2.39,7.07,0.1,32.1,63,2.22,10,3,30,7,3.0,4.0,5.0,3.0,3.6666666666666665,4.333333333333333,3.75
Islamabad,2026-07-30 11:00:00+00:00,3,44.94,58.82,431.64,2.72,124.78,2.27,7.72,0.13,32.2,62,2.72,11,3,30,7,3.0,4.0,5.0,3.0,3.333333333333333,4.0,3.75
Islamabad,2026-07-30 12:00:00+00:00,3,46.48,61.4,424.23,3.21,124.78,2.23,8.54,0.13,31.0,72,2.85,12,3,30,7,3.0,3.0,5.0,3.0,3.0,3.6666666666666665,3.75
Islamabad,2026-07-30 13:00:00+00:00,3,49.75,65.09,457.74,5.76,119.68,2.3,12.1,0.12,30.2,76,2.9,13,3,30,7,3.0,3.0,4.0,3.0,3.0,3.333333333333333,3.75
Islamabad,2026-07-30 14:00:00+00:00,4,53.96,68.88,518.18,9.16,108.84,2.31,16.7,0.03,29.2,81,3.42,14,3,30,7,3.0,3.0,4.0,3.0,3.0,3.1666666666666665,3.75
Islamabad,2026-07-30 15:00:00+00:00,4,57.79,71.78,573.6,10.69,100.45,2.24,17.08,0.0,28.1,83,2.91,15,3,30,7,4.0,3.0,3.0,3.0,3.333333333333333,3.1666666666666665,3.7916666666666665
Islamabad,2026-07-30 16:00:00+00:00,4,59.95,71.98,610.16,10.77,93.04,2.09,14.97,0.0,27.7,83,2.42,16,3,30,7,4.0,3.0,3.0,3.0,3.6666666666666665,3.333333333333333,3.8333333333333335
Islamabad,2026-07-30 17:00:00+00:00,4,61.32,71.38,637.14,9.98,90.11,2.03,13.97,0.0,27.2,84,2.23,17,3,30,7,4.0,4.0,3.0,3.0,4.0,3.5,3.875
Islamabad,2026-07-30 18:00:00+00:00,4,61.23,69.62,645.77,8.86,89.77,1.98,13.1,0.0,27.0,83,2.4,18,3,30,7,4.0,4.0,3.0,3.0,4.0,3.6666666666666665,3.9166666666666665
Islamabad,2026-07-30 19:00:00+00:00,4,59.58,66.39,639.71,7.56,90.67,1.98,11.82,0.0,24.5,90,3.25,19,3,30,7,4.0,4.0,3.0,3.0,4.0,3.8333333333333335,3.9583333333333335
Islamabad,2026-07-30 20:00:00+00:00,4,57.52,62.87,636.33,6.35,91.6,2.22,9.98,0.0,24.5,92,3.22,20,3,30,7,4.0,4.0,4.0,4.0,4.0,4.0,4.0
Islamabad,2026-07-30 21:00:00+00:00,4,55.88,60.05,632.25,5.24,93.99,2.92,8.14,0.0,24.5,91,2.44,21,3,30,7,4.0,4.0,4.0,4.0,4.0,4.0,4.0
Islamabad,2026-07-30 22:00:00+00:00,4,54.36,57.55,628.46,4.46,95.46,3.85,6.57,0.0,24.1,92,1.99,22,3,30,7,4.0,4.0,4.0,4.0,4.0,4.0,4.0
Islamabad,2026-07-30 23:00:00+00:00,4,52.04,54.76,645.31,4.22,94.05,4.23,5.96,0.0,24.2,93,2.07,23,3,30,7,4.0,4.0,4.0,4.0,4.0,4.0,4.0
Islamabad,2026-07-31 00:00:00+00:00,3,49.01,51.41,675.12,4.31,89.0,3.92,5.79,0.0,25.6,94,1.42,0,4,31,7,4.0,4.0,4.0,4.0,4.0,4.0,4.0
Islamabad,2026-07-31 01:00:00+00:00,3,44.43,46.67,700.33,4.47,82.31,3.19,5.87,0.0,25.3,93,2.85,1,4,31,7,3.0,4.0,4.0,5.0,3.6666666666666665,3.8333333333333335,3.9583333333333335
Islamabad,2026-07-31 02:00:00+00:00,3,41.7,44.07,728.92,5.19,77.01,2.69,6.34,0.02,25.7,88,3.07,2,4,31,7,3.0,4.0,4.0,5.0,3.333333333333333,3.6666666666666665,3.875
Islamabad,2026-07-31 03:00:00+00:00,3,41.79,44.32,755.38,6.35,73.9,2.41,7.06,0.11,26.5,85,1.9,3,4,31,7,3.0,3.0,4.0,4.0,3.0,3.5,3.7916666666666665
Islamabad,2026-07-31 04:00:00+00:00,3,42.99,45.71,774.42,6.87,75.16,2.25,7.85,0.21,27.5,78,1.58,4,4,31,7,3.0,3.0,4.0,5.0,3.0,3.333333333333333,3.75
Islamabad,2026-07-31 05:00:00+00:00,3,46.14,48.94,785.38,6.57,78.89,2.19,8.82,0.39,28.3,78,2.3,5,4,31,7,3.0,3.0,4.0,5.0,3.0,3.1666666666666665,3.6666666666666665
Islamabad,2026-07-31 06:00:00+00:00,4,51.44,54.15,790.89,5.71,87.97,2.25,9.27,0.48,24.2,95,1.52,6,4,31,7,3.0,3.0,3.0,5.0,3.0,3.0,3.583333333333333
Islamabad,2026-07-31 07:00:00+00:00,3,49.89,52.1,729.91,3.83,110.39,2.13,7.09,0.31,25.7,89,1.32,7,4,31,7,4.0,3.0,3.0,4.0,3.333333333333333,3.1666666666666665,3.5416666666666665
Islamabad,2026-07-31 08:00:00+00:00,3,47.39,49.38,679.67,2.99,121.75,1.88,6.21,0.23,27.9,76,2.82,8,4,31,7,3.0,3.0,3.0,4.0,3.333333333333333,3.1666666666666665,3.5
Islamabad,2026-07-31 09:00:00+00:00,3,48.05,49.89,662.93,2.68,129.64,1.84,6.02,0.2,29.2,74,3.54,9,4,31,7,3.0,4.0,3.0,3.0,3.333333333333333,3.1666666666666665,3.458333333333333
Islamabad,2026-07-31 10:00:00+00:00,4,51.04,52.81,663.36,2.68,138.3,1.91,6.18,0.18,29.3,72,4.04,10,4,31,7,3.0,3.0,3.0,3.0,3.0,3.1666666666666665,3.458333333333333
Islamabad,2026-07-31 11:00:00+00:00,4,56.47,58.21,669.58,3.14,144.19,2.06,6.82,0.16,29.3,70,3.79,11,4,31,7,4.0,3.0,3.0,3.0,3.333333333333333,3.333333333333333,3.5
Islamabad,2026-07-31 12:00:00+00:00,4,59.23,60.93,669.81,3.97,146.38,2.16,7.36,0.14,26.5,85,2.39,12,4,31,7,4.0,3.0,4.0,3.0,3.6666666666666665,3.5,3.5416666666666665
Islamabad,2026-07-31 13:00:00+00:00,4,59.9,61.7,675.85,5.49,142.54,2.2,8.68,0.09,26.5,85,2.09,13,4,31,7,4.0,4.0,3.0,3.0,4.0,3.5,3.583333333333333
Islamabad,2026-07-31 14:00:00+00:00,4,60.37,62.41,687.07,6.97,133.94,2.24,10.5,0.01,26.4,84,1.73,14,4,31,7,4.0,4.0,3.0,4.0,4.0,3.6666666666666665,3.625
Islamabad,2026-07-31 15:00:00+00:00,4,59.52,61.74,689.66,7.1,126.14,2.21,11.26,0.0,26.4,85,0.97,15,4,31,7,4.0,4.0,3.0,4.0,4.0,3.8333333333333335,3.625
Islamabad,2026-07-31 16:00:00+00:00,4,58.03,60.45,684.35,7.29,114.91,2.05,12.17,0.0,26.3,86,0.6,16,4,31,7,4.0,4.0,4.0,4.0,4.0,4.0,3.625
Islamabad,2026-07-31 17:00:00+00:00,4,56.56,59.41,691.94,8.07,101.39,1.84,13.4,0.0,26.1,87,0.67,17,4,31,7,4.0,4.0,4.0,4.0,4.0,4.0,3.625
Islamabad,2026-07-31 18:00:00+00:00,4,53.95,57.24,694.16,8.75,89.13,1.63,13.67,0.0,26.4,89,0.64,18,4,31,7,4.0,4.0,4.0,4.0,4.0,4.0,3.625
Islamabad,2026-07-31 19:00:00+00:00,4,50.73,54.29,685.11,9.06,78.38,1.46,13.05,0.0,26.1,87,0.34,19,4,31,7,4.0,4.0,4.0,4.0,4.0,4.0,3.625
Islamabad,2026-07-31 20:00:00+00:00,3,46.83,50.37,667.42,8.61,70.28,1.47,11.74,0.0,25.7,87,0.43,20,4,31,7,4.0,4.0,4.0,4.0,4.0,4.0,3.625
Islamabad,2026-07-31 21:00:00+00:00,3,41.96,45.25,633.45,7.78,64.4,1.65,10.28,0.0,25.5,88,0.97,21,4,31,7,3.0,4.0,4.0,4.0,3.6666666666666665,3.8333333333333335,3.583333333333333
Islamabad,2026-07-31 22:00:00+00:00,3,36.51,39.5,592.64,6.93,59.87,1.82,9.05,0.0,25.6,88,1.46,22,4,31,7,3.0,4.0,4.0,4.0,3.333333333333333,3.6666666666666665,3.5416666666666665
Islamabad,2026-07-31 23:00:00+00:00,3,32.1,34.96,568.67,6.55,54.68,1.89,8.72,0.0,25.5,89,1.1,23,4,31,7,3.0,3.0,4.0,4.0,3.0,3.5,3.5
Islamabad,2026-08-01 00:00:00+00:00,3,28.83,31.5,545.29,6.18,51.29,1.91,8.19,0.0,25.9,83,1.2,0,5,1,8,3.0,3.0,4.0,3.0,3.0,3.333333333333333,3.458333333333333
Islamabad,2026-08-01 01:00:00+00:00,3,25.87,28.58,529.83,6.68,45.85,1.83,5.28,0.0,25.5,88,1.3,1,5,1,8,3.0,3.0,4.0,3.0,3.0,3.1666666666666665,3.458333333333333
Islamabad,2026-08-01 02:00:00+00:00,2,24.81,28.09,558.33,9.28,37.43,1.95,5.1,0.14,26.8,83,0.95,2,5,1,8,3.0,3.0,3.0,3.0,3.0,3.0,3.458333333333333
Islamabad,2026-08-01 03:00:00+00:00,3,25.22,29.14,614.54,13.26,33.4,2.36,6.3,0.98,28.0,74,0.36,3,5,1,8,2.0,3.0,3.0,3.0,2.6666666666666665,2.833333333333333,3.4166666666666665
Islamabad,2026-08-01 04:00:00+00:00,3,25.3,29.34,635.93,14.87,42.22,2.77,7.05,2.35,28.5,70,0.66,4,5,1,8,3.0,3.0,3.0,3.0,2.6666666666666665,2.833333333333333,3.4166666666666665
Islamabad,2026-08-01 05:00:00+00:00,3,27.67,31.65,611.23,11.71,55.75,2.44,5.61,2.59,29.1,67,0.95,5,5,1,8,3.0,2.0,3.0,3.0,2.6666666666666665,2.833333333333333,3.4166666666666665
Islamabad,2026-08-01 06:00:00+00:00,3,36.06,39.56,544.12,7.01,82.48,1.95,3.61,1.29,29.8,66,1.66,6,5,1,8,3.0,3.0,3.0,4.0,3.0,2.833333333333333,3.4166666666666665
Islamabad,2026-08-01 07:00:00+00:00,3,28.39,29.98,323.0,1.58,104.57,1.67,1.51,0.21,30.7,63,1.76,7,5,1,8,3.0,3.0,3.0,3.0,3.0,2.833333333333333,3.375
Islamabad,2026-08-01 08:00:00+00:00,3,24.11,25.28,267.29,1.13,102.57,1.34,1.25,0.15,31.2,64,1.26,8,5,1,8,3.0,3.0,2.0,3.0,3.0,2.833333333333333,3.375
Islamabad,2026-08-01 09:00:00+00:00,3,23.72,24.82,254.42,1.12,103.14,1.26,1.23,0.14,31.5,63,1.36,9,5,1,8,3.0,3.0,3.0,3.0,3.0,3.0,3.375
Islamabad,2026-08-01 10:00:00+00:00,3,23.81,25.0,252.08,1.21,105.27,1.22,1.26,0.15,31.3,63,1.66,10,5,1,8,3.0,3.0,3.0,4.0,3.0,3.0,3.375
Islamabad,2026-08-01 11:00:00+00:00,3,24.42,25.81,254.09,1.4,107.55,1.21,1.34,0.16,31.2,63,1.27,11,5,1,8,3.0,3.0,3.0,4.0,3.0,3.0,3.333333333333333
Islamabad,2026-08-01 12:00:00+00:00,3,25.09,26.7,259.23,1.81,109.26,1.23,1.44,0.16,31.5,62,2.12,12,5,1,8,3.0,3.0,3.0,4.0,3.0,3.0,3.2916666666666665
Islamabad,2026-08-01 13:00:00+00:00,3,28.0,30.37,327.98,6.66,94.47,1.3,2.8,0.32,30.4,69,1.52,13,5,1,8,3.0,3.0,3.0,4.0,3.0,3.0,3.25
Islamabad,2026-08-01 14:00:00+00:00,3,32.56,36.2,440.24,14.09,71.09,1.38,4.71,0.11,29.1,77,0.95,14,5,1,8,3.0,3.0,3.0,4.0,3.0,3.0,3.208333333333333
Islamabad,2026-08-01 15:00:00+00:00,3,37.01,41.96,533.75,18.64,55.59,1.4,5.58,0.0,28.3,80,0.89,15,5,1,8,3.0,3.0,3.0,4.0,3.0,3.0,3.1666666666666665
Islamabad,2026-08-01 16:00:00+00:00,3,41.84,47.98,607.78,21.97,47.41,1.62,7.02,0.0,28.0,80,1.17,16,5,1,8,3.0,3.0,3.0,4.0,3.0,3.0,3.125
Islamabad,2026-08-01 17:00:00+00:00,3,46.39,53.57,670.79,24.77,43.27,2.04,9.73,0.0,27.6,80,1.17,17,5,1,8,3.0,3.0,3.0,4.0,3.0,3.0,3.083333333333333
Islamabad,2026-08-01 18:00:00+00:00,3,49.64,57.52,721.97,27.03,39.21,2.33,11.82,0.0,27.7,84,0.95,18,5,1,8,3.0,3.0,3.0,4.0,3.0,3.0,3.0416666666666665
Islamabad,2026-08-01 19:00:00+00:00,4,54.09,62.22,747.75,28.15,36.04,2.45,12.79,0.0,27.1,87,0.97,19,5,1,8,3.0,3.0,3.0,4.0,3.0,3.0,3.0
Islamabad,2026-08-01 20:00:00+00:00,4,59.46,67.76,765.44,28.1,34.72,2.53,13.41,0.0,26.8,88,1.52,20,5,1,8,4.0,3.0,3.0,3.0,3.333333333333333,3.1666666666666665,3.0
Islamabad,2026-08-01 21:00:00+00:00,4,65.36,73.77,779.16,27.15,34.37,2.59,13.35,0.0,26.5,87,1.94,21,5,1,8,4.0,3.0,3.0,3.0,3.6666666666666665,3.333333333333333,3.0416666666666665
Islamabad,2026-08-01 22:00:00+00:00,4,65.63,73.83,779.02,24.0,33.56,2.23,9.41,0.01,26.3,85,2.1,22,5,1,8,4.0,4.0,3.0,3.0,4.0,3.5,3.083333333333333
Islamabad,2026-08-01 23:00:00+00:00,4,62.61,69.99,778.44,20.93,32.69,1.97,5.1,0.02,24.4,92,3.94,23,5,1,8,4.0,4.0,3.0,3.0,4.0,3.6666666666666665,3.125
Islamabad,2026-08-02 00:00:00+00:00,4,62.54,68.72,770.43,18.49,35.71,2.08,2.81,0.01,25.3,90,2.01,0,6,2,8,4.0,4.0,3.0,3.0,4.0,3.8333333333333335,3.1666666666666665
Islamabad,2026-08-02 01:00:00+00:00,4,55.15,59.76,609.63,10.62,60.69,2.63,1.79,0.0,25.5,89,1.9,1,6,2,8,4.0,4.0,4.0,3.0,4.0,4.0,3.208333333333333
Islamabad,2026-08-02 02:00:00+00:00,4,52.27,56.53,581.13,9.35,60.39,2.58,1.87,0.2,26.3,87,1.25,2,6,2,8,4.0,4.0,4.0,2.0,4.0,4.0,3.25
Islamabad,2026-08-02 03:00:00+00:00,4,51.88,56.15,599.06,8.86,58.87,2.5,2.21,1.11,27.7,80,1.36,3,6,2,8,4.0,4.0,4.0,3.0,4.0,4.0,3.333333333333333
Islamabad,2026-08-02 04:00:00+00:00,3,43.61,46.41,425.98,4.09,97.24,3.88,0.75,0.55,29.2,71,1.72,4,6,2,8,4.0,4.0,4.0,3.0,4.0,4.0,3.375
Islamabad,2026-08-02 05:00:00+00:00,3,41.99,44.17,373.34,2.35,113.63,3.53,0.49,0.3,30.4,67,1.41,5,6,2,8,3.0,4.0,4.0,3.0,3.6666666666666665,3.8333333333333335,3.375
Islamabad,2026-08-02 06:00:00+00:00,3,42.99,45.01,354.23,1.64,121.39,2.95,0.52,0.2,31.1,66,1.49,6,6,2,8,3.0,4.0,4.0,3.0,3.333333333333333,3.6666666666666665,3.375
Islamabad,2026-08-02 07:00:00+00:00,3,40.32,42.24,324.21,1.28,121.28,2.39,0.51,0.15,31.5,66,1.56,7,6,2,8,3.0,3.0,4.0,3.0,3.0,3.5,3.375
Islamabad,2026-08-02 08:00:00+00:00,3,36.42,38.23,298.94,1.18,116.74,1.91,0.55,0.14,32.1,64,1.29,8,6,2,8,3.0,3.0,4.0,3.0,3.0,3.333333333333333,3.375
Islamabad,2026-08-02 09:00:00+00:00,3,34.4,36.19,288.02,1.22,114.64,1.67,0.61,0.13,32.4,63,1.35,9,6,2,8,3.0,3.0,4.0,3.0,3.0,3.1666666666666665,3.375
Islamabad,2026-08-02 10:00:00+00:00,3,33.25,35.15,286.25,1.36,114.89,1.53,0.69,0.14,32.7,61,1.32,10,6,2,8,3.0,3.0,3.0,3.0,3.0,3.0,3.375
Islamabad,2026-08-02 11:00:00+00:00,3,32.72,34.79,289.32,1.67,116.49,1.47,0.83,0.14,32.5,61,1.26,11,6,2,8,3.0,3.0,3.0,3.0,3.0,3.0,3.375
Islamabad,2026-08-02 12:00:00+00:00,3,32.27,34.5,296.33,2.24,116.96,1.45,0.99,0.14,32.9,54,1.61,12,6,2,8,3.0,3.0,3.0,3.0,3.0,3.0,3.375
Islamabad,2026-08-02 13:00:00+00:00,3,33.8,36.58,341.86,5.48,107.58,1.48,1.99,0.18,31.3,67,1.59,13,6,2,8,3.0,3.0,3.0,3.0,3.0,3.0,3.375
Islamabad,2026-08-02 14:00:00+00:00,3,36.69,40.49,412.01,10.17,91.62,1.51,3.42,0.05,29.5,78,1.64,14,6,2,8,3.0,3.0,3.0,3.0,3.0,3.0,3.375
Islamabad,2026-08-02 15:00:00+00:00,3,39.35,44.29,474.23,13.09,79.06,1.51,4.49,0.0,28.3,86,0.81,15,6,2,8,3.0,3.0,3.0,3.0,3.0,3.0,3.375
Islamabad,2026-08-02 16:00:00+00:00,3,42.26,48.29,541.18,15.88,66.76,1.47,4.88,0.0,27.9,88,0.67,16,6,2,8,3.0,3.0,3.0,3.0,3.0,3.0,3.375
Islamabad,2026-08-02 17:00:00+00:00,3,46.11,53.17,621.49,18.85,54.37,1.41,4.85,0.0,27.7,88,1.79,17,6,2,8,3.0,3.0,3.0,3.0,3.0,3.0,3.375
Islamabad,2026-08-02 18:00:00+00:00,3,49.69,57.48,691.73,21.19,44.31,1.34,4.6,0.0,27.8,86,1.83,18,6,2,8,3.0,3.0,3.0,3.0,3.0,3.0,3.375
Islamabad,2026-08-02 19:00:00+00:00,4,52.35,60.44,739.1,22.41,36.98,1.24,4.33,0.01,27.3,87,1.77,19,6,2,8,3.0,3.0,3.0,4.0,3.0,3.0,3.375
Islamabad,2026-08-02 20:00:00+00:00,4,55.24,63.58,778.83,22.82,32.35,1.2,4.28,0.03,27.0,88,1.49,20,6,2,8,4.0,3.0,3.0,4.0,3.333333333333333,3.1666666666666665,3.375
Islamabad,2026-08-02 21:00:00+00:00,4,58.31,66.83,811.59,22.5,29.11,1.22,4.4,0.08,26.7,87,1.42,21,6,2,8,4.0,3.0,3.0,4.0,3.6666666666666665,3.333333333333333,3.375
Islamabad,2026-08-02 22:00:00+00:00,4,61.08,69.52,833.46,21.4,27.41,1.28,4.04,0.17,26.5,87,0.97,22,6,2,8,4.0,4.0,3.0,4.0,4.0,3.5,3.375
Islamabad,2026-08-02 23:00:00+00:00,4,63.1,70.78,847.83,19.45,28.01,1.53,2.86,0.23,26.5,86,0.52,23,6,2,8,4.0,4.0,3.0,4.0,4.0,3.6666666666666665,3.375
Islamabad,2026-08-03 00:00:00+00:00,4,63.81,70.0,839.26,16.97,34.48,2.18,2.0,0.09,26.3,95,0.2,0,0,3,8,4.0,4.0,3.0,4.0,4.0,3.8333333333333335,3.375
Islamabad,2026-08-03 01:00:00+00:00,4,55.92,59.76,577.88,7.13,89.6,4.06,0.9,0.0,26.5,95,1.39,1,0,3,8,4.0,4.0,4.0,4.0,4.0,4.0,3.375
Islamabad,2026-08-03 02:00:00+00:00,4,52.66,56.03,522.76,6.06,95.55,3.57,0.83,0.01,27.2,91,1.06,2,0,3,8,4.0,4.0,4.0,4.0,4.0,4.0,3.375
Islamabad,2026-08-03 03:00:00+00:00,4,50.23,53.64,527.31,7.28,91.12,3.0,0.99,0.08,28.4,84,0.96,3,0,3,8,4.0,4.0,4.0,4.0,4.0,4.0,3.375
Islamabad,2026-08-03 04:00:00+00:00,3,47.94,51.49,534.86,7.79,89.39,2.5,1.15,0.33,28.7,83,1.7,4,0,3,8,4.0,4.0,4.0,3.0,4.0,4.0,3.375
Islamabad,2026-08-03 05:00:00+00:00,3,46.42,50.36,523.87,6.45,96.69,2.11,1.36,0.58,29.6,79,1.99,5,0,3,8,3.0,4.0,4.0,3.0,3.6666666666666665,3.8333333333333335,3.375
Islamabad,2026-08-03 06:00:00+00:00,3,47.8,52.31,503.88,4.26,113.65,1.83,1.54,0.51,30.5,73,1.71,6,0,3,8,3.0,4.0,4.0,3.0,3.333333333333333,3.6666666666666665,3.375
Islamabad,2026-08-03 07:00:00+00:00,3,47.32,52.76,462.82,2.88,128.46,1.48,1.43,0.32,30.7,72,1.79,7,0,3,8,3.0,3.0,4.0,3.0,3.0,3.5,3.375
Islamabad,2026-08-03 08:00:00+00:00,4,51.26,57.32,479.85,3.65,130.3,1.35,1.91,0.34,26.9,90,3.11,8,0,3,8,3.0,3.0,4.0,3.0,3.0,3.333333333333333,3.375
Islamabad,2026-08-03 09:00:00+00:00,4,57.19,63.87,517.33,5.1,132.12,1.4,2.48,0.37,27.2,88,1.52,9,0,3,8,4.0,3.0,4.0,3.0,3.333333333333333,3.333333333333333,3.4166666666666665
Islamabad,2026-08-03 10:00:00+00:00,4,60.71,67.44,550.15,6.35,133.86,1.46,2.8,0.36,29.5,77,1.54,10,0,3,8,4.0,3.0,3.0,3.0,3.6666666666666665,3.333333333333333,3.458333333333333
Islamabad,2026-08-03 11:00:00+00:00,4,59.56,65.89,550.36,6.59,132.27,1.43,2.53,0.27,30.1,74,2.01,11,0,3,8,4.0,4.0,3.0,3.0,4.0,3.5,3.5
Islamabad,2026-08-03 12:00:00+00:00,4,55.77,61.78,527.07,6.19,132.67,1.43,2.04,0.16,27.9,86,1.66,12,0,3,8,4.0,4.0,3.0,3.0,4.0,3.6666666666666665,3.5416666666666665
Islamabad,2026-08-03 13:00:00+00:00,4,50.75,56.69,510.13,6.35,128.99,1.38,1.94,0.1,28.0,85,1.41,13,0,3,8,4.0,4.0,3.0,3.0,4.0,3.8333333333333335,3.583333333333333
Islamabad,2026-08-03 14:00:00+00:00,4,53.5,59.95,555.65,9.02,117.93,1.44,2.76,0.02,27.7,87,1.14,14,0,3,8,4.0,4.0,4.0,3.0,4.0,4.0,3.625
Islamabad,2026-08-03 15:00:00+00:00,4,57.88,64.84,608.06,10.32,108.67,1.48,3.33,0.0,27.2,90,0.74,15,0,3,8,4.0,4.0,4.0,3.0,4.0,4.0,3.6666666666666665
Islamabad,2026-08-03 16:00:00+00:00,4,63.8,71.0,665.11,11.19,99.17,1.54,3.46,0.0,26.8,93,1.13,16,0,3,8,4.0,4.0,4.0,3.0,4.0,4.0,3.7083333333333335
Islamabad,2026-08-03 17:00:00+00:00,4,70.99,78.46,733.11,12.22,89.51,1.63,3.46,0.0,26.2,95,0.93,17,0,3,8,4.0,4.0,4.0,3.0,4.0,4.0,3.75
Islamabad,2026-08-03 18:00:00+00:00,5,77.49,85.2,795.98,13.19,80.76,1.7,3.32,0.0,26.3,92,1.3,18,0,3,8,4.0,4.0,4.0,3.0,4.0,4.0,3.7916666666666665
Islamabad,2026-08-03 19:00:00+00:00,5,81.8,89.36,847.56,14.05,71.24,1.93,3.04,0.0,25.7,95,0.93,19,0,3,8,5.0,4.0,4.0,4.0,4.333333333333333,4.166666666666667,3.875
Islamabad,2026-08-03 20:00:00+00:00,5,84.71,91.84,893.28,14.46,62.87,2.31,2.82,0.0,25.6,95,1.33,20,0,3,8,5.0,4.0,4.0,4.0,4.666666666666667,4.333333333333333,3.9166666666666665
Islamabad,2026-08-03 21:00:00+00:00,5,86.41,93.08,925.75,14.3,56.76,2.74,2.88,0.0,25.4,96,1.02,21,0,3,8,5.0,5.0,4.0,4.0,5.0,4.5,3.9583333333333335
Islamabad,2026-08-03 22:00:00+00:00,5,86.3,92.32,927.34,13.43,53.38,2.88,2.74,0.0,25.3,95,0.64,22,0,3,8,5.0,5.0,4.0,4.0,5.0,4.666666666666667,4.0
Islamabad,2026-08-03 23:00:00+00:00,5,84.48,90.01,915.49,11.98,53.58,2.67,2.31,0.0,24.6,95,0.35,23,0,3,8,5.0,5.0,4.0,4.0,5.0,4.833333333333333,4.041666666666667
Islamabad,2026-08-04 00:00:00+00:00,5,81.24,86.28,881.29,10.1,58.68,2.55,1.92,0.0,24.5,96,1.25,0,1,4,8,5.0,5.0,5.0,4.0,5.0,5.0,4.083333333333333
Islamabad,2026-08-04 01:00:00+00:00,5,75.56,80.28,824.59,7.84,69.76,2.47,1.74,0.0,24.4,97,0.49,1,1,4,8,5.0,5.0,5.0,4.0,5.0,5.0,4.125
Islamabad,2026-08-04 02:00:00+00:00,4,73.69,78.84,814.52,7.58,71.44,2.23,1.68,0.09,24.8,94,0.65,2,1,4,8,5.0,5.0,5.0,4.0,5.0,5.0,4.166666666666667
Islamabad,2026-08-04 03:00:00+00:00,4,73.24,79.3,825.46,8.12,73.19,2.09,1.77,0.53,26.1,90,0.8,3,1,4,8,4.0,5.0,5.0,4.0,4.666666666666667,4.833333333333333,4.166666666666667
Islamabad,2026-08-04 04:00:00+00:00,4,68.87,76.18,779.77,6.58,93.55,2.01,1.63,0.77,28.0,79,0.56,4,1,4,8,4.0,5.0,5.0,3.0,4.333333333333333,4.666666666666667,4.166666666666667
Islamabad,2026-08-04 05:00:00+00:00,4,72.96,81.0,764.28,5.05,116.16,2.04,1.71,0.62,29.6,72,0.72,5,1,4,8,4.0,4.0,5.0,3.0,4.0,4.5,4.208333333333333
Islamabad,2026-08-04 06:00:00+00:00,5,83.57,92.05,761.63,3.63,141.37,2.05,1.75,0.39,30.7,68,1.43,6,1,4,8,4.0,4.0,5.0,3.0,4.0,4.333333333333333,4.25
Islamabad,2026-08-04 07:00:00+00:00,4,52.24,58.62,573.01,1.75,145.48,1.44,0.98,0.18,31.0,67,1.81,7,1,4,8,5.0,4.0,5.0,3.0,4.333333333333333,4.333333333333333,4.333333333333333
Islamabad,2026-08-04 08:00:00+00:00,3,36.88,42.19,483.03,1.27,138.86,1.0,0.78,0.14,31.6,65,0.85,8,1,4,8,4.0,4.0,4.0,4.0,4.333333333333333,4.166666666666667,4.375
Islamabad,2026-08-04 09:00:00+00:00,3,34.0,39.45,456.64,1.24,136.84,0.87,0.8,0.14,31.9,65,0.45,9,1,4,8,3.0,5.0,4.0,4.0,4.0,4.0,4.333333333333333
Islamabad,2026-08-04 10:00:00+00:00,3,32.25,38.29,439.54,1.31,136.16,0.8,0.85,0.15,31.9,65,0.59,10,1,4,8,3.0,4.0,4.0,4.0,3.333333333333333,3.8333333333333335,4.291666666666667
Islamabad,2026-08-04 11:00:00+00:00,3,30.57,37.34,424.02,1.51,134.27,0.76,0.9,0.15,31.4,68,0.92,11,1,4,8,3.0,3.0,4.0,4.0,3.0,3.6666666666666665,4.25
Islamabad,2026-08-04 12:00:00+00:00,3,29.18,36.76,413.51,1.95,132.24,0.76,0.96,0.15,31.5,66,1.76,12,1,4,8,3.0,3.0,5.0,4.0,3.0,3.5,4.208333333333333
Islamabad,2026-08-04 13:00:00+00:00,3,30.68,39.58,475.94,6.95,116.26,0.92,2.13,0.29,30.7,70,1.11,13,1,4,8,3.0,3.0,4.0,4.0,3.0,3.1666666666666665,4.166666666666667
Islamabad,2026-08-04 14:00:00+00:00,3,34.75,45.46,588.83,14.43,93.18,1.17,3.95,0.09,29.6,78,0.43,14,1,4,8,3.0,3.0,3.0,4.0,3.0,3.0,4.125
Islamabad,2026-08-04 15:00:00+00:00,3,39.81,52.28,689.9,18.84,78.7,1.34,5.22,0.0,28.9,84,1.18,15,1,4,8,3.0,3.0,3.0,4.0,3.0,3.0,4.083333333333333
Islamabad,2026-08-04 16:00:00+00:00,3,45.62,59.08,779.17,21.54,69.49,1.45,5.76,0.0,28.5,82,1.59,16,1,4,8,3.0,3.0,3.0,4.0,3.0,3.0,4.041666666666667
Islamabad,2026-08-04 17:00:00+00:00,4,51.36,65.37,861.15,23.2,61.66,1.49,5.77,0.0,28.0,83,1.21,17,1,4,8,3.0,3.0,3.0,4.0,3.0,3.0,4.0
Islamabad,2026-08-04 18:00:00+00:00,4,55.87,70.15,933.36,24.52,53.94,1.45,5.42,0.0,28.2,88,0.32,18,1,4,8,4.0,3.0,3.0,5.0,3.333333333333333,3.1666666666666665,4.0
Islamabad,2026-08-04 19:00:00+00:00,4,59.01,72.82,979.22,24.92,47.04,1.32,4.53,0.0,27.6,88,0.6,19,1,4,8,4.0,3.0,3.0,5.0,3.6666666666666665,3.333333333333333,3.9583333333333335
Islamabad,2026-08-04 20:00:00+00:00,4,61.79,74.2,1016.21,23.86,41.23,1.27,3.34,0.01,27.2,88,1.3,20,1,4,8,4.0,4.0,3.0,5.0,4.0,3.5,3.9166666666666665
Islamabad,2026-08-04 21:00:00+00:00,4,63.68,73.85,1035.22,21.24,39.9,1.4,2.52,0.01,25.7,85,2.17,21,1,4,8,4.0,4.0,3.0,5.0,4.0,3.6666666666666665,3.875
Islamabad,2026-08-04 22:00:00+00:00,4,57.2,63.97,878.11,12.64,69.07,1.87,1.96,0.0,25.3,89,1.25,22,1,4,8,4.0,4.0,3.0,5.0,4.0,3.8333333333333335,3.8333333333333335
Islamabad,2026-08-04 23:00:00+00:00,4,55.29,60.71,839.99,10.44,71.1,1.94,1.76,0.0,25.0,94,0.73,23,1,4,8,4.0,4.0,4.0,5.0,4.0,4.0,3.7916666666666665
Islamabad,2026-08-05 00:00:00+00:00,4,55.14,59.97,837.83,9.94,66.94,1.92,1.89,0.0,24.9,95,0.94,0,2,5,8,4.0,4.0,4.0,5.0,4.0,4.0,3.75
Islamabad,2026-08-05 01:00:00+00:00,4,55.01,59.95,841.09,9.89,62.42,1.66,2.04,0.0,25.0,94,0.79,1,2,5,8,4.0,4.0,4.0,5.0,4.0,4.0,3.7083333333333335
Islamabad,2026-08-05 02:00:00+00:00,4,54.71,60.44,855.74,10.81,57.64,1.51,2.22,0.2,25.9,91,0.85,2,2,5,8,4.0,4.0,4.0,4.0,4.0,4.0,3.6666666666666665
Islamabad,2026-08-05 03:00:00+00:00,4,54.97,61.81,885.6,11.14,59.14,1.61,2.63,1.24,27.0,86,1.15,3,2,5,8,4.0,4.0,4.0,4.0,4.0,4.0,3.6666666666666665
Islamabad,2026-08-05 04:00:00+00:00,3,44.64,59.46,606.75,4.6,105.92,2.15,1.13,0.49,28.4,78,1.32,4,2,5,8,4.0,4.0,4.0,4.0,4.0,4.0,3.6666666666666665
Islamabad,2026-08-05 05:00:00+00:00,3,42.83,60.96,510.55,2.62,120.04,2.11,0.74,0.28,29.6,73,1.44,5,2,5,8,3.0,4.0,4.0,4.0,3.6666666666666665,3.8333333333333335,3.625
Islamabad,2026-08-05 06:00:00+00:00,3,45.09,63.79,484.2,1.92,127.9,2.01,0.64,0.2,31.1,66,1.73,6,2,5,8,3.0,4.0,4.0,5.0,3.333333333333333,3.6666666666666665,3.583333333333333
Islamabad,2026-08-05 07:00:00+00:00,3,46.71,65.69,463.13,1.57,132.42,1.91,0.54,0.16,31.4,66,2.2,7,2,5,8,3.0,3.0,4.0,4.0,3.0,3.5,3.5
Islamabad,2026-08-05 08:00:00+00:00,3,45.99,64.62,439.37,1.41,133.47,1.75,0.47,0.15,31.4,67,2.12,8,2,5,8,3.0,3.0,4.0,3.0,3.0,3.333333333333333,3.458333333333333
Islamabad,2026-08-05 09:00:00+00:00,3,44.89,62.94,422.0,1.38,133.66,1.63,0.45,0.14,31.4,68,2.11,9,2,5,8,3.0,3.0,4.0,3.0,3.0,3.1666666666666665,3.458333333333333
Islamabad,2026-08-05 10:00:00+00:00,3,44.59,62.66,413.97,1.48,134.68,1.57,0.47,0.14,31.4,68,1.66,10,2,5,8,3.0,3.0,3.0,3.0,3.0,3.0,3.458333333333333
Islamabad,2026-08-05 11:00:00+00:00,3,44.55,63.01,410.62,1.8,134.98,1.56,0.56,0.15,31.6,67,1.35,11,2,5,8,3.0,3.0,3.0,3.0,3.0,3.0,3.458333333333333
Islamabad,2026-08-05 12:00:00+00:00,3,44.32,63.37,410.88,2.47,134.15,1.6,0.71,0.14,32.2,64,1.65,12,2,5,8,3.0,3.0,3.0,3.0,3.0,3.0,3.458333333333333
Islamabad,2026-08-05 13:00:00+00:00,3,45.56,65.22,438.29,4.74,129.5,1.71,1.33,0.11,30.6,71,2.88,13,2,5,8,3.0,3.0,3.0,3.0,3.0,3.0,3.458333333333333
Islamabad,2026-08-05 14:00:00+00:00,3,48.17,68.01,487.83,7.86,121.43,1.87,2.32,0.02,28.9,80,2.36,14,2,5,8,3.0,3.0,3.0,3.0,3.0,3.0,3.458333333333333
Islamabad,2026-08-05 15:00:00+00:00,4,50.72,70.36,535.68,9.47,114.43,2.03,3.2,0.0,28.2,83,2.11,15,2,5,8,3.0,3.0,3.0,3.0,3.0,3.0,3.458333333333333
Islamabad,2026-08-05 16:00:00+00:00,4,53.31,71.9,586.08,10.47,106.96,2.2,3.73,0.0,27.8,82,1.72,16,2,5,8,4.0,3.0,3.0,3.0,3.333333333333333,3.1666666666666665,3.5
Islamabad,2026-08-05 17:00:00+00:00,4,57.34,75.01,646.03,11.26,99.71,2.43,3.61,0.0,27.4,84,1.77,17,2,5,8,4.0,3.0,3.0,4.0,3.6666666666666665,3.333333333333333,3.5416666666666665
Islamabad,2026-08-05 18:00:00+00:00,4,61.99,79.58,694.98,11.72,92.78,2.66,3.06,0.0,27.9,87,2.11,18,2,5,8,4.0,4.0,3.0,4.0,4.0,3.5,3.5416666666666665
Islamabad,2026-08-05 19:00:00+00:00,4,65.66,81.49,734.46,12.13,83.72,3.25,2.46,0.0,27.0,89,2.38,19,2,5,8,4.0,4.0,3.0,4.0,4.0,3.6666666666666665,3.5416666666666665
Islamabad,2026-08-05 20:00:00+00:00,4,70.34,82.82,780.94,12.08,75.38,3.71,1.97,0.0,26.2,90,2.44,20,2,5,8,4.0,4.0,3.0,4.0,4.0,3.8333333333333335,3.5416666666666665
Islamabad,2026-08-05 21:00:00+00:00,5,75.64,85.29,822.41,11.38,68.7,3.75,1.65,0.0,23.6,93,3.02,21,2,5,8,4.0,4.0,4.0,4.0,4.0,4.0,3.5416666666666665
Islamabad,2026-08-05 22:00:00+00:00,5,79.34,86.55,841.97,10.23,63.63,3.33,1.43,0.0,22.5,95,3.89,22,2,5,8,5.0,4.0,4.0,4.0,4.333333333333333,4.166666666666667,3.583333333333333
Islamabad,2026-08-05 23:00:00+00:00,5,79.7,85.48,863.76,9.49,60.15,3.08,1.26,0.0,22.8,96,1.55,23,2,5,8,5.0,4.0,4.0,4.0,4.666666666666667,4.333333333333333,3.625
Islamabad,2026-08-06 00:00:00+00:00,5,76.06,80.78,879.46,9.0,57.76,3.24,1.15,0.0,24.2,96,1.3,0,3,6,8,5.0,5.0,4.0,4.0,5.0,4.5,3.6666666666666665
Islamabad,2026-08-06 01:00:00+00:00,4,66.82,70.93,853.81,7.26,67.88,4.32,0.89,0.0,24.3,95,0.98,1,3,6,8,5.0,5.0,4.0,4.0,5.0,4.666666666666667,3.7083333333333335
Islamabad,2026-08-06 02:00:00+00:00,4,64.08,68.04,863.42,7.36,68.66,4.46,0.99,0.08,25.0,94,0.81,2,3,6,8,4.0,5.0,4.0,4.0,4.666666666666667,4.666666666666667,3.7083333333333335
Islamabad,2026-08-06 03:00:00+00:00,4,64.85,69.12,879.75,7.82,70.88,4.24,1.2,0.55,26.7,87,0.71,3,3,6,8,4.0,5.0,5.0,4.0,4.333333333333333,4.666666666666667,3.7083333333333335
Islamabad,2026-08-06 04:00:00+00:00,4,68.06,73.1,862.35,7.03,87.13,4.2,1.24,0.8,28.9,73,0.3,4,3,6,8,4.0,4.0,5.0,3.0,4.0,4.5,3.7083333333333335
Islamabad,2026-08-06 05:00:00+00:00,5,75.42,81.73,820.3,5.78,107.94,4.34,1.27,0.61,30.5,65,0.81,5,3,6,8,4.0,4.0,5.0,3.0,4.0,4.333333333333333,3.75
Islamabad,2026-08-06 06:00:00+00:00,5,81.61,89.55,764.56,4.45,127.06,4.56,1.14,0.38,31.7,59,1.23,6,3,6,8,5.0,4.0,5.0,3.0,4.333333333333333,4.333333333333333,3.8333333333333335
Islamabad,2026-08-06 07:00:00+00:00,4,64.97,84.32,528.86,2.66,128.44,4.09,0.38,0.18,32.2,58,0.9,7,3,6,8,5.0,4.0,4.0,3.0,4.666666666666667,4.333333333333333,3.9166666666666665
Islamabad,2026-08-06 08:00:00+00:00,4,58.74,83.39,441.04,2.01,127.62,3.38,0.29,0.17,32.1,57,2.1,8,3,6,8,4.0,5.0,4.0,3.0,4.666666666666667,4.333333333333333,3.9583333333333335
Islamabad,2026-08-06 09:00:00+00:00,4,57.87,84.83,408.3,1.77,130.5,2.98,0.35,0.17,31.9,60,1.56,9,3,6,8,4.0,5.0,4.0,3.0,4.333333333333333,4.333333333333333,4.0
Islamabad,2026-08-06 10:00:00+00:00,4,55.27,84.66,378.17,1.66,131.1,2.54,0.37,0.16,30.1,69,2.76,10,3,6,8,4.0,4.0,4.0,3.0,4.0,4.333333333333333,4.041666666666667
Islamabad,2026-08-06 11:00:00+00:00,4,52.0,81.79,354.83,1.8,129.46,2.2,0.43,0.15,29.4,71,2.31,11,3,6,8,4.0,4.0,5.0,3.0,4.0,4.333333333333333,4.083333333333333
Islamabad,2026-08-06 12:00:00+00:00,4,50.23,79.95,346.02,2.31,128.24,2.07,0.54,0.14,31.8,60,2.14,12,3,6,8,4.0,4.0,5.0,3.0,4.0,4.166666666666667,4.125
Islamabad,2026-08-06 13:00:00+00:00,4,51.91,81.68,370.47,4.32,124.42,2.16,1.09,0.11,30.4,68,2.2,13,3,6,8,4.0,4.0,4.0,3.0,4.0,4.0,4.166666666666667
Islamabad,2026-08-06 14:00:00+00:00,4,57.53,86.9,424.78,7.15,118.67,2.43,2.03,0.02,28.7,72,2.18,14,3,6,8,4.0,4.0,4.0,3.0,4.0,4.0,4.208333333333333
Islamabad,2026-08-06 15:00:00+00:00,4,64.27,92.87,481.71,8.64,114.74,2.75,2.93,0.0,27.9,71,1.83,15,3,6,8,4.0,4.0,4.0,4.0,4.0,4.0,4.25
Islamabad,2026-08-06 16:00:00+00:00,4,71.26,98.19,545.45,9.8,108.9,3.04,3.76,0.0,27.6,71,1.96,16,3,6,8,4.0,4.0,4.0,4.0,4.0,4.0,4.25
Islamabad,2026-08-06 17:00:00+00:00,5,77.02,102.28,609.78,11.02,100.69,3.22,4.13,0.0,27.2,74,1.79,17,3,6,8,4.0,4.0,4.0,4.0,4.0,4.0,4.25
Islamabad,2026-08-06 18:00:00+00:00,5,80.51,104.44,658.79,11.89,92.63,3.28,3.89,0.0,27.3,82,2.47,18,3,6,8,5.0,4.0,4.0,4.0,4.333333333333333,4.166666666666667,4.291666666666667
Islamabad,2026-08-06 19:00:00+00:00,5,80.45,101.55,684.23,12.05,84.99,5.05,3.06,0.0,23.6,96,2.4,19,3,6,8,5.0,4.0,4.0,4.0,4.666666666666667,4.333333333333333,4.333333333333333
Islamabad,2026-08-06 20:00:00+00:00,5,80.19,97.14,710.84,11.6,78.41,6.83,2.11,0.0,23.4,95,2.45,20,3,6,8,5.0,5.0,4.0,4.0,5.0,4.5,4.375
Islamabad,2026-08-06 21:00:00+00:00,5,79.87,92.51,730.86,10.56,73.29,7.22,1.47,0.0,23.4,94,3.0,21,3,6,8,5.0,5.0,4.0,5.0,5.0,4.666666666666667,4.416666666666667
Islamabad,2026-08-06 22:00:00+00:00,5,80.3,90.65,733.08,9.2,69.95,5.68,1.28,0.0,23.2,95,2.17,22,3,6,8,5.0,5.0,4.0,5.0,5.0,4.833333333333333,4.416666666666667
Islamabad,2026-08-06 23:00:00+00:00,5,83.33,93.03,751.38,8.83,65.64,4.43,1.36,0.0,23.5,93,1.9,23,3,6,8,5.0,5.0,5.0,5.0,5.0,5.0,4.416666666666667
Islamabad,2026-08-07 00:00:00+00:00,5,86.03,95.3,769.0,8.79,62.25,3.62,1.54,0.0,23.8,97,1.92,0,4,7,8,5.0,5.0,5.0,5.0,5.0,5.0,4.416666666666667
Islamabad,2026-08-07 01:00:00+00:00,5,87.15,95.88,781.92,8.81,60.12,3.06,1.67,0.0,23.4,97,3.18,1,4,7,8,5.0,5.0,5.0,4.0,5.0,5.0,4.416666666666667
Islamabad,2026-08-07 02:00:00+00:00,5,86.56,95.06,793.52,9.3,58.71,2.67,1.76,0.11,24.6,91,1.97,2,4,7,8,5.0,5.0,5.0,4.0,5.0,5.0,4.458333333333333
Islamabad,2026-08-07 03:00:00+00:00,5,85.88,94.51,813.2,9.79,59.67,2.43,1.95,0.74,25.8,87,0.38,3,4,7,8,5.0,5.0,5.0,4.0,5.0,5.0,4.5
Islamabad,2026-08-07 04:00:00+00:00,5,86.23,94.94,801.77,7.92,78.45,2.59,1.66,0.97,27.2,81,1.02,4,4,7,8,5.0,5.0,5.0,4.0,5.0,5.0,4.541666666666667
Islamabad,2026-08-07 05:00:00+00:00,5,91.54,100.15,799.19,5.94,102.36,2.49,1.69,0.77,29.0,74,1.41,5,4,7,8,5.0,5.0,5.0,5.0,5.0,5.0,4.583333333333333
Islamabad,2026-08-07 06:00:00+00:00,5,102.62,111.03,797.28,3.95,130.87,2.35,1.86,0.47,29.8,68,1.87,6,4,7,8,5.0,5.0,5.0,5.0,5.0,5.0,4.583333333333333
Islamabad,2026-08-07 07:00:00+00:00,5,99.27,107.28,717.18,2.23,152.11,2.39,1.16,0.24,30.7,64,1.94,7,4,7,8,5.0,5.0,5.0,4.0,5.0,5.0,4.583333333333333
Islamabad,2026-08-07 08:00:00+00:00,5,99.63,107.09,683.67,1.89,159.36,2.21,0.99,0.19,30.9,63,0.56,8,4,7,8,5.0,5.0,5.0,4.0,5.0,5.0,4.625
Islamabad,2026-08-07 09:00:00+00:00,5,102.52,109.38,682.26,1.94,164.01,2.05,1.03,0.18,31.6,61,1.01,9,4,7,8,5.0,5.0,5.0,4.0,5.0,5.0,4.666666666666667
Islamabad,2026-08-07 10:00:00+00:00,5,101.75,108.48,670.89,2.13,167.8,1.96,1.04,0.18,31.9,59,1.44,10,4,7,8,5.0,5.0,5.0,4.0,5.0,5.0,4.708333333333333
Islamabad,2026-08-07 11:00:00+00:00,5,102.22,109.04,668.16,2.61,168.75,1.92,1.16,0.18,31.6,60,1.65,11,4,7,8,5.0,5.0,5.0,4.0,5.0,5.0,4.75
Islamabad,2026-08-07 12:00:00+00:00,5,103.21,110.28,673.37,3.56,167.99,1.94,1.32,0.17,30.8,61,2.13,12,4,7,8,5.0,5.0,5.0,4.0,5.0,5.0,4.791666666666667
Islamabad,2026-08-07 13:00:00+00:00,5,107.41,115.18,752.84,9.44,147.27,1.97,2.58,0.18,30.0,66,1.5,13,4,7,8,5.0,5.0,5.0,4.0,5.0,5.0,4.833333333333333
Islamabad,2026-08-07 14:00:00+00:00,5,113.89,122.8,876.01,16.9,117.93,1.97,4.39,0.04,28.6,73,2.43,14,4,7,8,5.0,5.0,5.0,4.0,5.0,5.0,4.875
Islamabad,2026-08-07 15:00:00+00:00,5,120.43,130.6,977.21,20.66,98.85,1.94,5.46,0.0,27.4,78,1.66,15,4,7,8,5.0,5.0,5.0,4.0,5.0,5.0,4.916666666666667
Islamabad,2026-08-07 16:00:00+00:00,5,126.72,137.73,1059.66,23.38,86.48,2.16,7.47,0.0,26.8,82,1.36,16,4,7,8,5.0,5.0,5.0,4.0,5.0,5.0,4.958333333333333
Islamabad,2026-08-07 17:00:00+00:00,5,134.8,146.6,1149.85,26.06,78.53,2.69,10.82,0.0,26.3,86,0.73,17,4,7,8,5.0,5.0,5.0,5.0,5.0,5.0,5.0
Islamabad,2026-08-07 18:00:00+00:00,5,145.75,158.13,1225.6,28.33,71.33,3.09,12.69,0.0,26.9,87,0.6,18,4,7,8,5.0,5.0,5.0,5.0,5.0,5.0,5.0
Islamabad,2026-08-07 19:00:00+00:00,5,155.32,167.85,1276.36,29.49,64.67,3.26,13.47,0.0,26.5,86,0.15,19,4,7,8,5.0,5.0,5.0,5.0,5.0,5.0,5.0
Islamabad,2026-08-07 20:00:00+00:00,5,163.91,176.45,1312.06,29.06,58.41,3.31,14.3,0.0,26.0,88,0.16,20,4,7,8,5.0,5.0,5.0,5.0,5.0,5.0,5.0
Islamabad,2026-08-07 21:00:00+00:00,5,172.21,184.59,1343.81,27.71,51.91,3.18,14.27,0.0,25.7,89,0.45,21,4,7,8,5.0,5.0,5.0,5.0,5.0,5.0,5.0
Islamabad,2026-08-07 22:00:00+00:00,5,172.17,184.04,1361.72,25.6,44.02,2.39,10.44,0.0,25.6,89,0.78,22,4,7,8,5.0,5.0,5.0,5.0,5.0,5.0,5.0
Islamabad,2026-08-07 23:00:00+00:00,5,169.32,180.78,1374.51,24.13,39.71,1.98,9.0,0.0,25.4,90,0.78,23,4,7,8,5.0,5.0,5.0,5.0,5.0,5.0,5.0
Islamabad,2026-08-08 00:00:00+00:00,5,168.07,179.25,1388.66,23.48,38.28,1.84,8.74,0.0,22.6,89,2.11,0,5,8,8,5.0,5.0,5.0,5.0,5.0,5.0,5.0
Islamabad,2026-08-08 01:00:00+00:00,5,165.81,176.72,1405.78,22.92,37.04,1.73,8.3,0.01,23.4,92,1.95,1,5,8,8,5.0,5.0,5.0,5.0,5.0,5.0,5.0
Islamabad,2026-08-08 02:00:00+00:00,5,159.04,169.93,1427.19,22.17,36.28,1.66,7.98,0.52,24.4,90,1.01,2,5,8,8,5.0,5.0,5.0,5.0,5.0,5.0,5.0
Islamabad,2026-08-08 03:00:00+00:00,5,158.34,169.16,1436.44,20.15,46.76,1.78,6.7,2.09,26.3,80,1.02,3,5,8,8,5.0,5.0,5.0,5.0,5.0,5.0,5.0
Islamabad,2026-08-08 04:00:00+00:00,5,107.03,116.52,771.29,3.81,156.36,5.0,1.14,0.17,28.5,68,0.93,4,5,8,8,5.0,5.0,5.0,5.0,5.0,5.0,5.0
Islamabad,2026-08-08 05:00:00+00:00,5,86.75,96.21,655.48,2.02,157.68,4.38,0.65,0.13,29.9,64,1.49,5,5,8,8,5.0,5.0,5.0,5.0,5.0,5.0,5.0
Islamabad,2026-08-08 06:00:00+00:00,5,81.1,89.97,639.09,1.59,158.84,4.08,0.61,0.12,31.2,60,0.86,6,5,8,8,5.0,5.0,5.0,5.0,5.0,5.0,5.0
Islamabad,2026-08-08 07:00:00+00:00,5,78.77,87.18,635.7,1.42,161.35,3.86,0.54,0.11,31.3,58,2.09,7,5,8,8,5.0,5.0,5.0,5.0,5.0,5.0,5.0
Islamabad,2026-08-08 08:00:00+00:00,5,78.18,86.05,634.59,1.43,162.5,3.71,0.51,0.11,31.6,59,2.74,8,5,8,8,5.0,5.0,5.0,5.0,5.0,5.0,5.0
Islamabad,2026-08-08 09:00:00+00:00,5,78.72,85.81,641.45,1.51,164.49,3.61,0.5,0.12,30.5,64,4.0,9,5,8,8,5.0,5.0,5.0,5.0,5.0,5.0,5.0
Islamabad,2026-08-08 10:00:00+00:00,5,82.92,89.26,668.84,1.95,167.92,3.59,0.67,0.13,30.3,66,3.05,10,5,8,8,5.0,5.0,5.0,5.0,5.0,5.0,5.0
Islamabad,2026-08-08 11:00:00+00:00,5,90.98,96.58,714.15,2.94,169.82,3.61,1.04,0.16,30.4,66,2.55,11,5,8,8,5.0,5.0,5.0,5.0,5.0,5.0,5.0
Islamabad,2026-08-08 12:00:00+00:00,5,95.27,100.1,752.17,4.3,168.01,3.5,1.34,0.15,30.2,67,2.86,12,5,8,8,5.0,5.0,5.0,5.0,5.0,5.0,5.0
Islamabad,2026-08-08 13:00:00+00:00,5,96.47,100.81,787.24,6.45,159.01,3.23,1.88,0.08,29.6,69,2.36,13,5,8,8,5.0,5.0,5.0,5.0,5.0,5.0,5.0
Islamabad,2026-08-08 14:00:00+00:00,5,97.77,102.03,824.13,8.32,145.6,2.94,2.62,0.01,28.6,76,1.59,14,5,8,8,5.0,5.0,5.0,5.0,5.0,5.0,5.0
Islamabad,2026-08-08 15:00:00+00:00,5,97.79,102.1,847.85,8.58,135.12,2.68,3.16,0.0,27.7,83,0.71,15,5,8,8,5.0,5.0,5.0,5.0,5.0,5.0,5.0
Islamabad,2026-08-08 16:00:00+00:00,5,95.58,99.96,861.86,9.16,121.35,2.29,3.55,0.0,27.2,86,0.34,16,5,8,8,5.0,5.0,5.0,5.0,5.0,5.0,5.0
Islamabad,2026-08-08 17:00:00+00:00,5,93.7,98.43,886.92,10.55,104.31,1.93,3.84,0.0,26.6,89,0.35,17,5,8,8,5.0,5.0,5.0,5.0,5.0,5.0,5.0
Islamabad,2026-08-08 18:00:00+00:00,5,91.92,97.01,909.37,11.9,89.65,1.7,3.8,0.0,27.3,85,0.76,18,5,8,8,5.0,5.0,5.0,5.0,5.0,5.0,5.0
Islamabad,2026-08-08 19:00:00+00:00,5,89.48,94.69,918.73,12.79,77.36,1.54,3.62,0.0,26.8,88,0.29,19,5,8,8,5.0,5.0,5.0,5.0,5.0,5.0,5.0
Islamabad,2026-08-08 20:00:00+00:00,5,86.88,92.14,923.02,12.95,67.83,1.44,3.38,0.0,26.5,89,0.68,20,5,8,8,5.0,5.0,5.0,5.0,5.0,5.0,5.0
Islamabad,2026-08-08 21:00:00+00:00,5,83.74,89.09,921.93,12.95,59.08,1.35,3.17,0.0,26.2,91,0.42,21,5,8,8,5.0,5.0,5.0,5.0,5.0,5.0,5.0
Islamabad,2026-08-08 22:00:00+00:00,5,80.45,85.94,919.39,13.04,50.88,1.3,3.01,0.0,26.0,92,0.61,22,5,8,8,5.0,5.0,5.0,5.0,5.0,5.0,5.0
Islamabad,2026-08-08 23:00:00+00:00,5,77.91,83.6,920.82,13.17,44.19,1.27,2.99,0.0,25.9,92,0.36,23,5,8,8,5.0,5.0,5.0,5.0,5.0,5.0,5.0
Islamabad,2026-08-09 00:00:00+00:00,5,75.32,81.23,914.8,12.97,40.24,1.35,3.02,0.0,25.9,94,1.4,0,6,9,8,5.0,5.0,5.0,5.0,5.0,5.0,5.0
Islamabad,2026-08-09 01:00:00+00:00,4,70.8,76.83,878.11,11.58,41.32,1.84,2.8,0.0,25.9,92,0.65,1,6,9,8,5.0,5.0,5.0,5.0,5.0,5.0,5.0
Islamabad,2026-08-09 02:00:00+00:00,4,66.51,72.68,841.28,10.65,44.27,2.45,2.53,0.17,26.7,89,0.86,2,6,9,8,4.0,5.0,5.0,5.0,4.666666666666667,4.833333333333333,4.958333333333333
Islamabad,2026-08-09 03:00:00+00:00,4,63.45,69.74,803.85,9.59,52.21,3.04,2.35,0.67,28.0,81,0.56,3,6,9,8,4.0,5.0,5.0,5.0,4.333333333333333,4.666666666666667,4.916666666666667
Islamabad,2026-08-09 04:00:00+00:00,3,45.69,50.65,604.28,4.7,87.91,3.82,0.77,0.36,29.1,75,0.3,4,6,9,8,4.0,4.0,5.0,5.0,4.0,4.5,4.875
Islamabad,2026-08-09 05:00:00+00:00,3,36.77,40.36,524.1,3.06,98.34,3.29,0.51,0.3,30.1,72,0.21,5,6,9,8,3.0,4.0,5.0,5.0,3.6666666666666665,4.166666666666667,4.791666666666667
Islamabad,2026-08-09 06:00:00+00:00,3,34.8,37.88,490.23,2.24,105.62,2.93,0.56,0.25,31.3,67,0.81,6,6,9,8,3.0,4.0,5.0,5.0,3.333333333333333,3.8333333333333335,4.708333333333333
Islamabad,2026-08-09 07:00:00+00:00,3,29.51,32.06,448.79,1.61,109.85,2.2,0.57,0.18,31.8,66,1.33,7,6,9,8,3.0,3.0,4.0,5.0,3.0,3.5,4.625
Islamabad,2026-08-09 08:00:00+00:00,3,24.15,26.26,414.83,1.32,109.96,1.6,0.58,0.16,32.1,64,0.36,8,6,9,8,3.0,3.0,4.0,5.0,3.0,3.333333333333333,4.541666666666667
Islamabad,2026-08-09 09:00:00+00:00,3,22.31,24.22,398.67,1.26,111.06,1.35,0.6,0.16,32.4,63,0.62,9,6,9,8,3.0,3.0,4.0,5.0,3.0,3.1666666666666665,4.458333333333333
Islamabad,2026-08-09 10:00:00+00:00,3,21.74,23.61,392.3,1.31,113.7,1.22,0.66,0.16,32.7,60,0.6,10,6,9,8,3.0,3.0,3.0,5.0,3.0,3.0,4.375
Islamabad,2026-08-09 11:00:00+00:00,3,21.54,23.47,389.03,1.53,115.6,1.17,0.75,0.16,32.4,59,0.72,11,6,9,8,3.0,3.0,3.0,5.0,3.0,3.0,4.291666666666667
Islamabad,2026-08-09 12:00:00+00:00,3,21.23,23.24,389.74,1.96,116.23,1.18,0.85,0.14,32.3,56,1.47,12,6,9,8,3.0,3.0,3.0,5.0,3.0,3.0,4.208333333333333
Islamabad,2026-08-09 13:00:00+00:00,2,22.88,25.49,449.74,6.62,99.92,1.26,2.29,0.25,31.5,60,1.37,13,6,9,8,3.0,3.0,3.0,5.0,3.0,3.0,4.125
Islamabad,2026-08-09 14:00:00+00:00,3,26.12,29.84,549.2,13.58,75.25,1.37,4.3,0.07,29.9,74,0.61,14,6,9,8,2.0,3.0,3.0,5.0,2.6666666666666665,2.833333333333333,4.0
Islamabad,2026-08-09 15:00:00+00:00,3,29.34,34.19,633.51,17.8,58.31,1.41,5.71,0.0,29.4,79,0.55,15,6,9,8,3.0,3.0,3.0,5.0,2.6666666666666665,2.833333333333333,3.9166666666666665
Islamabad,2026-08-09 16:00:00+00:00,3,32.45,38.26,700.05,20.71,47.12,1.49,6.89,0.0,28.9,81,0.68,16,6,9,8,3.0,2.0,3.0,5.0,2.6666666666666665,2.833333333333333,3.8333333333333335
Islamabad,2026-08-09 17:00:00+00:00,3,35.68,42.43,761.63,23.32,40.23,1.77,8.87,0.0,28.2,84,0.41,17,6,9,8,3.0,3.0,3.0,5.0,3.0,2.833333333333333,3.75
Islamabad,2026-08-09 18:00:00+00:00,3,38.42,45.9,817.32,26.11,35.58,2.06,11.1,0.0,28.2,84,1.45,18,6,9,8,3.0,3.0,3.0,5.0,3.0,2.833333333333333,3.6666666666666665
Islamabad,2026-08-09 19:00:00+00:00,3,40.44,48.19,856.25,28.41,32.75,2.26,13.0,0.0,27.3,88,1.91,19,6,9,8,3.0,3.0,2.0,5.0,3.0,2.833333333333333,3.583333333333333
Islamabad,2026-08-09 20:00:00+00:00,3,44.04,52.07,889.08,29.84,30.69,2.44,14.42,0.0,27.1,88,1.6,20,6,9,8,3.0,3.0,3.0,5.0,3.0,3.0,3.5
Islamabad,2026-08-09 21:00:00+00:00,3,49.14,57.49,920.62,30.83,28.52,2.63,15.56,0.0,26.8,89,1.96,21,6,9,8,3.0,3.0,3.0,5.0,3.0,3.0,3.4166666666666665
Islamabad,2026-08-09 22:00:00+00:00,4,53.9,62.53,946.29,31.25,26.43,2.77,16.39,0.01,26.4,89,1.87,22,6,9,8,3.0,3.0,3.0,5.0,3.0,3.0,3.333333333333333
Islamabad,2026-08-09 23:00:00+00:00,4,57.89,66.77,963.41,30.9,24.94,2.81,16.42,0.02,26.3,89,2.15,23,6,9,8,4.0,3.0,3.0,5.0,3.333333333333333,3.1666666666666665,3.2916666666666665
Islamabad,2026-08-10 00:00:00+00:00,4,61.24,70.35,981.9,29.83,25.15,2.69,15.22,0.02,25.9,89,2.69,0,0,10,8,4.0,3.0,3.0,5.0,3.6666666666666665,3.333333333333333,3.25
Islamabad,2026-08-10 01:00:00+00:00,4,56.78,66.04,986.85,26.45,29.1,2.06,8.9,0.06,25.3,89,2.16,1,0,10,8,4.0,4.0,3.0,4.0,4.0,3.5,3.208333333333333
Islamabad,2026-08-10 02:00:00+00:00,4,55.95,65.47,1021.29,23.07,29.27,1.81,6.24,1.7,25.9,86,1.81,2,0,10,8,4.0,4.0,3.0,4.0,4.0,3.6666666666666665,3.208333333333333
Islamabad,2026-08-10 03:00:00+00:00,4,58.27,68.12,1057.71,18.78,36.11,1.85,5.4,4.72,27.7,78,0.89,3,0,10,8,4.0,4.0,3.0,4.0,4.0,3.8333333333333335,3.208333333333333
Islamabad,2026-08-10 04:00:00+00:00,3,45.1,53.19,670.11,6.98,107.8,3.71,1.98,0.83,29.5,71,0.64,4,0,10,8,4.0,4.0,4.0,3.0,4.0,4.0,3.208333333333333
Islamabad,2026-08-10 05:00:00+00:00,3,46.99,54.74,599.15,3.81,133.69,3.76,1.5,0.42,31.1,65,1.26,5,0,10,8,3.0,4.0,4.0,3.0,3.6666666666666665,3.8333333333333335,3.208333333333333
Islamabad,2026-08-10 06:00:00+00:00,4,55.05,62.87,593.95,2.69,151.99,3.74,1.49,0.28,32.1,61,1.85,6,0,10,8,3.0,4.0,4.0,3.0,3.333333333333333,3.6666666666666665,3.208333333333333
Islamabad,2026-08-10 07:00:00+00:00,4,52.4,59.42,539.98,1.82,155.09,3.19,1.15,0.19,33.1,56,1.96,7,0,10,8,4.0,3.0,4.0,3.0,3.333333333333333,3.6666666666666665,3.25
Islamabad,2026-08-10 08:00:00+00:00,4,47.61,54.18,494.33,1.49,151.37,2.62,0.94,0.15,33.8,53,1.98,8,0,10,8,4.0,3.0,4.0,3.0,3.6666666666666665,3.6666666666666665,3.2916666666666665
Islamabad,2026-08-10 09:00:00+00:00,4,47.35,54.08,481.64,1.51,151.91,2.4,0.93,0.15,34.1,52,1.88,9,0,10,8,4.0,4.0,4.0,3.0,4.0,3.6666666666666665,3.333333333333333
Islamabad,2026-08-10 10:00:00+00:00,4,48.03,55.23,481.7,1.68,154.73,2.29,0.99,0.15,34.5,50,1.66,10,0,10,8,4.0,4.0,3.0,3.0,4.0,3.6666666666666665,3.375
Islamabad,2026-08-10 11:00:00+00:00,4,48.92,56.3,486.19,2.04,156.98,2.22,1.12,0.15,34.3,51,1.49,11,0,10,8,4.0,4.0,3.0,3.0,4.0,3.8333333333333335,3.4166666666666665
Islamabad,2026-08-10 12:00:00+00:00,4,49.78,57.11,495.94,2.76,158.25,2.22,1.28,0.14,34.3,50,2.19,12,0,10,8,4.0,4.0,4.0,3.0,4.0,4.0,3.458333333333333
Islamabad,2026-08-10 13:00:00+00:00,4,52.36,59.81,552.1,6.54,147.25,2.26,2.19,0.13,33.3,54,1.61,13,0,10,8,4.0,4.0,4.0,2.0,4.0,4.0,3.5
Islamabad,2026-08-10 14:00:00+00:00,4,56.64,64.52,640.59,11.49,128.28,2.31,3.57,0.02,31.6,66,1.25,14,0,10,8,4.0,4.0,4.0,3.0,4.0,4.0,3.583333333333333
Islamabad,2026-08-10 15:00:00+00:00,4,61.77,70.24,723.62,14.02,115.31,2.36,4.76,0.0,30.6,72,2.39,15,0,10,8,4.0,4.0,4.0,3.0,4.0,4.0,3.625
Islamabad,2026-08-10 16:00:00+00:00,4,67.62,76.61,809.65,16.29,101.34,2.34,5.91,0.0,29.3,75,2.07,16,0,10,8,4.0,4.0,4.0,3.0,4.0,4.0,3.6666666666666665
Islamabad,2026-08-10 17:00:00+00:00,4,74.0,83.64,911.51,18.96,84.98,2.23,6.61,0.0,28.5,79,2.66,17,0,10,8,4.0,4.0,4.0,3.0,4.0,4.0,3.7083333333333335
Islamabad,2026-08-10 18:00:00+00:00,5,79.32,89.43,1004.39,21.27,70.77,2.06,6.37,0.0,29.1,80,2.69,18,0,10,8,4.0,4.0,4.0,3.0,4.0,4.0,3.75
Islamabad,2026-08-10 19:00:00+00:00,5,82.74,92.8,1062.54,22.26,61.22,1.89,5.64,0.0,28.6,81,2.22,19,0,10,8,5.0,4.0,4.0,3.0,4.333333333333333,4.166666666666667,3.8333333333333335
Islamabad,2026-08-10 20:00:00+00:00,5,85.85,95.69,1100.47,21.79,57.63,1.88,5.11,0.0,28.2,82,1.97,20,0,10,8,5.0,4.0,4.0,3.0,4.666666666666667,4.333333333333333,3.9166666666666665
Islamabad,2026-08-10 21:00:00+00:00,5,88.68,98.23,1125.77,20.62,57.2,2.02,4.78,0.0,26.7,86,1.66,21,0,10,8,5.0,5.0,4.0,3.0,5.0,4.5,4.0
Islamabad,2026-08-10 22:00:00+00:00,5,90.62,99.82,1136.86,19.17,57.11,2.2,4.36,0.0,23.9,97,0.81,22,0,10,8,5.0,5.0,4.0,4.0,5.0,4.666666666666667,4.083333333333333
Islamabad,2026-08-10 23:00:00+00:00,5,92.74,101.61,1146.43,17.89,54.24,2.18,3.72,0.0,24.9,93,2.24,23,0,10,8,5.0,5.0,4.0,4.0,5.0,4.833333333333333,4.125
Islamabad,2026-08-11 00:00:00+00:00,5,94.99,103.62,1153.32,16.51,51.51,2.15,3.19,0.0,25.4,85,2.63,0,1,11,8,5.0,5.0,5.0,4.0,5.0,5.0,4.166666666666667
Islamabad,2026-08-11 01:00:00+00:00,5,97.18,105.67,1157.61,14.92,49.27,2.19,2.84,0.0,25.9,84,1.81,1,1,11,8,5.0,5.0,5.0,4.0,5.0,5.0,4.208333333333333
Islamabad,2026-08-11 02:00:00+00:00,5,99.7,108.42,1184.71,15.01,45.9,2.36,2.98,0.18,27.2,81,1.05,2,1,11,8,5.0,5.0,5.0,4.0,5.0,5.0,4.25
Islamabad,2026-08-11 03:00:00+00:00,5,101.72,110.85,1221.75,15.32,48.55,2.67,3.27,1.14,28.4,76,2.03,3,1,11,8,5.0,5.0,5.0,4.0,5.0,5.0,4.291666666666667
Islamabad,2026-08-11 04:00:00+00:00,5,83.19,91.61,896.53,6.85,103.64,4.09,0.61,0.4,29.6,73,2.28,4,1,11,8,5.0,5.0,5.0,3.0,5.0,5.0,4.333333333333333
Islamabad,2026-08-11 05:00:00+00:00,5,75.53,84.07,811.19,4.75,120.07,3.58,0.21,0.37,30.9,69,0.39,5,1,11,8,5.0,5.0,5.0,3.0,5.0,5.0,4.416666666666667
Islamabad,2026-08-11 06:00:00+00:00,5,75.63,83.72,791.31,3.48,135.71,3.3,0.19,0.3,32.0,66,1.82,6,1,11,8,5.0,5.0,5.0,4.0,5.0,5.0,4.5
Islamabad,2026-08-11 07:00:00+00:00,4,74.97,83.59,744.93,2.44,150.41,2.95,0.18,0.2,32.6,64,1.53,7,1,11,8,5.0,5.0,5.0,4.0,5.0,5.0,4.541666666666667
Islamabad,2026-08-11 08:00:00+00:00,4,70.66,81.27,685.5,2.06,153.83,2.54,0.2,0.14,33.4,58,0.75,8,1,11,8,4.0,5.0,5.0,4.0,4.666666666666667,4.833333333333333,4.541666666666667
Islamabad,2026-08-11 09:00:00+00:00,4,67.34,78.36,661.93,2.1,154.69,2.37,0.27,0.11,33.1,59,0.97,9,1,11,8,4.0,5.0,5.0,4.0,4.333333333333333,4.666666666666667,4.541666666666667
Islamabad,2026-08-11 10:00:00+00:00,4,63.99,74.99,656.99,2.38,155.86,2.3,0.35,0.08,32.6,62,1.53,10,1,11,8,4.0,4.0,5.0,4.0,4.0,4.5,4.541666666666667
Islamabad,2026-08-11 11:00:00+00:00,4,60.53,71.03,658.09,2.98,154.4,2.37,0.5,0.06,32.2,67,1.56,11,1,11,8,4.0,4.0,5.0,4.0,4.0,4.333333333333333,4.541666666666667
Islamabad,2026-08-11 12:00:00+00:00,4,55.92,65.35,663.13,3.8,151.82,2.49,0.67,0.02,33.0,60,1.5,12,1,11,8,4.0,4.0,5.0,4.0,4.0,4.166666666666667,4.541666666666667
Islamabad,2026-08-11 13:00:00+00:00,4,54.48,62.8,691.02,5.21,147.09,2.78,1.09,0.01,30.8,74,2.4,13,1,11,8,4.0,4.0,4.0,4.0,4.0,4.0,4.541666666666667
Islamabad,2026-08-11 14:00:00+00:00,4,57.14,64.61,734.72,6.77,140.47,3.29,1.75,0.0,29.7,80,3.15,14,1,11,8,4.0,4.0,4.0,4.0,4.0,4.0,4.541666666666667
Islamabad,2026-08-11 15:00:00+00:00,4,59.28,66.02,777.34,7.39,134.22,3.88,2.37,0.0,27.1,89,2.64,15,1,11,8,4.0,4.0,4.0,4.0,4.0,4.0,4.541666666666667
Islamabad,2026-08-11 16:00:00+00:00,4,60.23,66.2,812.64,7.43,126.48,4.68,2.84,0.0,26.5,95,3.29,16,1,11,8,4.0,4.0,4.0,4.0,4.0,4.0,4.541666666666667
Islamabad,2026-08-11 17:00:00+00:00,4,62.1,67.65,858.5,7.54,117.51,5.64,3.12,0.0,25.9,96,2.6,17,1,11,8,4.0,4.0,4.0,4.0,4.0,4.0,4.541666666666667
Islamabad,2026-08-11 18:00:00+00:00,4,65.09,70.59,905.23,7.96,105.64,6.49,3.14,0.0,26.8,94,3.26,18,1,11,8,4.0,4.0,4.0,5.0,4.0,4.0,4.541666666666667
Islamabad,2026-08-11 19:00:00+00:00,4,65.63,70.79,936.09,8.15,93.85,7.19,2.55,0.0,26.1,89,1.7,19,1,11,8,4.0,4.0,4.0,5.0,4.0,4.0,4.5
Islamabad,2026-08-11 20:00:00+00:00,4,64.61,69.23,977.79,8.53,82.29,7.08,1.97,0.0,25.0,97,2.51,20,1,11,8,4.0,4.0,4.0,5.0,4.0,4.0,4.458333333333333
Islamabad,2026-08-11 21:00:00+00:00,4,64.48,68.57,1018.32,8.92,71.9,6.53,1.54,0.0,25.2,96,3.39,21,1,11,8,4.0,4.0,4.0,5.0,4.0,4.0,4.416666666666667
Islamabad,2026-08-11 22:00:00+00:00,4,63.42,66.92,1035.42,8.92,64.13,5.72,1.19,0.0,24.2,98,1.15,22,1,11,8,4.0,4.0,4.0,5.0,4.0,4.0,4.375
Islamabad,2026-08-11 23:00:00+00:00,4,62.07,65.02,1046.48,8.8,58.85,4.91,0.97,0.0,23.9,95,1.85,23,1,11,8,4.0,4.0,4.0,5.0,4.0,4.0,4.333333333333333
Islamabad,2026-08-12 00:00:00+00:00,4,60.28,62.77,1052.16,8.7,54.48,4.15,0.83,0.0,25.0,96,1.92,0,2,12,8,4.0,4.0,4.0,5.0,4.0,4.0,4.291666666666667
Islamabad,2026-08-12 01:00:00+00:00,4,58.8,61.05,1041.08,8.6,50.16,3.49,0.78,0.0,24.9,96,2.64,1,2,12,8,4.0,4.0,4.0,5.0,4.0,4.0,4.25
Islamabad,2026-08-12 02:00:00+00:00,4,62.22,64.55,1026.11,8.93,47.7,3.09,0.84,0.08,25.0,96,0.85,2,2,12,8,4.0,4.0,4.0,5.0,4.0,4.0,4.208333333333333
Islamabad,2026-08-12 03:00:00+00:00,4,66.13,68.63,1002.42,8.86,54.06,2.81,0.91,0.63,24.8,96,2.36,3,2,12,8,4.0,4.0,4.0,5.0,4.0,4.0,4.166666666666667
Islamabad,2026-08-12 04:00:00+00:00,4,63.87,66.42,920.73,6.88,79.4,2.43,0.71,0.81,26.3,86,1.41,4,2,12,8,4.0,4.0,4.0,5.0,4.0,4.0,4.125
Islamabad,2026-08-12 05:00:00+00:00,4,65.1,67.75,874.25,5.18,105.39,2.24,0.68,0.55,28.3,77,0.61,5,2,12,8,4.0,4.0,4.0,5.0,4.0,4.0,4.083333333333333
Islamabad,2026-08-12 06:00:00+00:00,4,68.8,71.64,851.46,3.85,128.28,2.2,0.68,0.34,29.2,72,0.38,6,2,12,8,4.0,4.0,4.0,5.0,4.0,4.0,4.041666666666667
Islamabad,2026-08-12 07:00:00+00:00,4,64.67,67.61,828.77,2.9,143.16,2.06,0.58,0.22,30.9,67,1.22,7,2,12,8,4.0,4.0,4.0,4.0,4.0,4.0,4.0
Islamabad,2026-08-12 08:00:00+00:00,4,60.42,63.64,799.55,2.42,149.82,1.84,0.57,0.19,31.9,63,2.47,8,2,12,8,4.0,4.0,4.0,4.0,4.0,4.0,4.0
Islamabad,2026-08-12 09:00:00+00:00,4,60.03,63.8,775.8,2.24,155.03,1.74,0.62,0.18,32.1,63,3.34,9,2,12,8,4.0,4.0,4.0,4.0,4.0,4.0,4.0
Islamabad,2026-08-12 10:00:00+00:00,4,59.05,63.61,758.3,2.33,157.53,1.68,0.69,0.15,32.0,63,3.6,10,2,12,8,4.0,4.0,4.0,4.0,4.0,4.0,4.0
Islamabad,2026-08-12 11:00:00+00:00,4,56.27,61.52,746.31,2.89,154.12,1.63,0.85,0.11,31.7,64,3.17,11,2,12,8,4.0,4.0,4.0,4.0,4.0,4.0,4.0
Islamabad,2026-08-12 12:00:00+00:00,4,52.99,58.56,747.54,3.86,148.59,1.57,1.03,0.05,31.8,63,2.18,12,2,12,8,4.0,4.0,4.0,4.0,4.0,4.0,4.0
Islamabad,2026-08-12 13:00:00+00:00,4,53.32,59.63,822.04,9.44,125.36,1.59,2.55,0.02,30.7,70,1.6,13,2,12,8,4.0,4.0,4.0,4.0,4.0,4.0,4.0
Islamabad,2026-08-12 14:00:00+00:00,4,57.53,65.22,941.89,16.51,95.39,1.66,4.78,0.0,29.3,77,1.5,14,2,12,8,4.0,4.0,4.0,4.0,4.0,4.0,4.0
Islamabad,2026-08-12 15:00:00+00:00,4,62.04,71.18,1039.78,20.73,74.93,1.71,6.46,0.0,28.4,82,1.21,15,2,12,8,4.0,4.0,4.0,4.0,4.0,4.0,4.0
Islamabad,2026-08-12 16:00:00+00:00,4,65.54,75.93,1112.18,23.45,62.89,1.94,8.52,0.0,27.6,87,0.86,16,2,12,8,4.0,4.0,4.0,4.0,4.0,4.0,4.0
Islamabad,2026-08-12 17:00:00+00:00,4,68.83,80.4,1176.82,25.9,56.91,2.37,11.43,0.0,27.2,90,0.96,17,2,12,8,4.0,4.0,4.0,4.0,4.0,4.0,4.0
Islamabad,2026-08-12 18:00:00+00:00,4,71.77,84.22,1236.95,28.3,51.56,2.68,13.88,0.0,27.7,88,0.99,18,2,12,8,4.0,4.0,4.0,4.0,4.0,4.0,4.0
Islamabad,2026-08-12 19:00:00+00:00,5,75.94,88.9,1277.09,29.89,47.08,2.79,15.18,0.0,27.1,89,1.79,19,2,12,8,4.0,4.0,4.0,4.0,4.0,4.0,4.0
Islamabad,2026-08-12 20:00:00+00:00,5,81.98,95.55,1309.18,30.61,42.62,2.84,15.99,0.0,27.0,87,1.76,20,2,12,8,5.0,4.0,4.0,4.0,4.333333333333333,4.166666666666667,4.041666666666667
Islamabad,2026-08-12 21:00:00+00:00,5,86.69,100.96,1341.33,31.15,37.54,2.87,16.9,0.0,27.0,84,1.45,21,2,12,8,5.0,4.0,4.0,4.0,4.666666666666667,4.333333333333333,4.083333333333333
Islamabad,2026-08-12 22:00:00+00:00,5,87.49,102.33,1357.55,30.19,31.56,2.5,15.09,0.0,26.9,82,1.3,22,2,12,8,5.0,5.0,4.0,4.0,5.0,4.5,4.125
Islamabad,2026-08-12 23:00:00+00:00,5,83.44,98.45,1376.55,28.76,26.93,1.88,10.67,0.01,26.7,82,1.14,23,2,12,8,5.0,5.0,4.0,4.0,5.0,4.666666666666667,4.166666666666667
Islamabad,2026-08-13 00:00:00+00:00,5,80.8,95.41,1391.57,27.88,25.27,1.54,7.36,0.02,27.1,85,1.2,0,3,13,8,5.0,5.0,4.0,4.0,5.0,4.833333333333333,4.208333333333333
Islamabad,2026-08-13 01:00:00+00:00,4,74.93,88.0,1292.07,20.82,38.99,1.65,5.49,0.0,26.9,85,1.06,1,3,13,8,5.0,5.0,5.0,4.0,5.0,5.0,4.25
Islamabad,2026-08-13 02:00:00+00:00,4,71.04,83.17,1236.58,17.57,46.11,1.9,4.88,0.15,27.8,83,0.59,2,3,13,8,4.0,5.0,5.0,4.0,4.666666666666667,4.833333333333333,4.25
Islamabad,2026-08-13 03:00:00+00:00,4,68.8,80.44,1198.64,16.11,56.11,2.34,4.71,0.67,28.9,82,0.57,3,3,13,8,4.0,5.0,5.0,4.0,4.333333333333333,4.666666666666667,4.25
Islamabad,2026-08-13 04:00:00+00:00,4,50.44,61.93,821.55,5.31,118.84,2.2,1.53,0.19,30.4,76,0.9,4,3,13,8,4.0,4.0,5.0,4.0,4.0,4.5,4.25
Islamabad,2026-08-13 05:00:00+00:00,3,42.41,53.5,711.27,2.97,128.75,1.54,1.01,0.15,31.7,68,1.86,5,3,13,8,4.0,4.0,5.0,4.0,4.0,4.333333333333333,4.25
Islamabad,2026-08-13 06:00:00+00:00,3,39.65,50.73,672.63,2.26,132.19,1.35,0.98,0.14,32.8,62,2.28,6,3,13,8,3.0,4.0,5.0,4.0,3.6666666666666665,4.0,4.208333333333333
Islamabad,2026-08-13 07:00:00+00:00,3,38.56,50.08,651.5,1.85,136.35,1.22,0.98,0.14,33.3,61,2.33,7,3,13,8,3.0,4.0,4.0,4.0,3.333333333333333,3.6666666666666665,4.166666666666667
Islamabad,2026-08-13 08:00:00+00:00,3,37.92,49.81,618.03,1.58,138.37,1.07,0.98,0.14,33.7,60,1.92,8,3,13,8,3.0,3.0,4.0,4.0,3.0,3.5,4.125
Islamabad,2026-08-13 09:00:00+00:00,3,38.22,50.39,596.58,1.47,139.96,0.97,0.99,0.14,34.0,59,1.88,9,3,13,8,3.0,3.0,4.0,4.0,3.0,3.333333333333333,4.083333333333333
Islamabad,2026-08-13 10:00:00+00:00,4,38.81,51.67,584.4,1.49,141.69,0.88,1.04,0.14,34.3,56,1.76,10,3,13,8,3.0,3.0,4.0,4.0,3.0,3.1666666666666665,4.041666666666667
Islamabad,2026-08-13 11:00:00+00:00,4,37.88,51.22,563.7,1.65,141.18,0.81,1.09,0.13,34.0,57,1.3,11,3,13,8,4.0,3.0,3.0,4.0,3.333333333333333,3.1666666666666665,4.041666666666667
Islamabad,2026-08-13 12:00:00+00:00,3,36.97,50.71,550.89,2.05,139.97,0.78,1.15,0.11,34.2,57,0.56,12,3,13,8,4.0,3.0,3.0,4.0,3.6666666666666665,3.333333333333333,4.041666666666667
Islamabad,2026-08-13 13:00:00+00:00,3,39.01,53.38,617.06,7.44,123.79,0.96,2.35,0.14,33.5,63,0.18,13,3,13,8,3.0,4.0,3.0,4.0,3.6666666666666665,3.333333333333333,4.0
Islamabad,2026-08-13 14:00:00+00:00,3,43.49,58.86,734.45,14.73,100.83,1.27,4.17,0.02,31.8,74,0.25,14,3,13,8,3.0,4.0,3.0,4.0,3.333333333333333,3.333333333333333,3.9583333333333335
Islamabad,2026-08-13 15:00:00+00:00,3,48.3,64.78,835.93,18.69,86.1,1.5,5.66,0.0,30.6,78,1.25,15,3,13,8,3.0,3.0,3.0,4.0,3.0,3.333333333333333,3.9166666666666665
Islamabad,2026-08-13 16:00:00+00:00,4,53.47,70.52,921.15,21.03,76.24,1.64,6.92,0.0,29.5,82,1.31,16,3,13,8,3.0,3.0,4.0,4.0,3.0,3.333333333333333,3.875
Islamabad,2026-08-13 17:00:00+00:00,4,58.31,75.99,998.54,22.22,69.01,1.67,7.73,0.0,28.6,86,1.57,17,3,13,8,4.0,3.0,4.0,4.0,3.333333333333333,3.333333333333333,3.875
Islamabad,2026-08-13 18:00:00+00:00,4,61.0,79.65,1042.36,22.58,63.46,1.59,7.73,0.0,29.2,86,1.77,18,3,13,8,4.0,3.0,3.0,4.0,3.6666666666666665,3.333333333333333,3.875
Islamabad,2026-08-13 19:00:00+00:00,4,60.2,79.55,1015.49,21.01,60.0,1.44,6.78,0.0,28.6,89,2.47,19,3,13,8,4.0,4.0,3.0,5.0,4.0,3.5,3.875
Islamabad,2026-08-13 20:00:00+00:00,4,57.87,78.34,943.57,17.65,59.58,1.37,5.83,0.0,27.5,93,2.42,20,3,13,8,4.0,4.0,3.0,5.0,4.0,3.6666666666666665,3.8333333333333335
Islamabad,2026-08-13 21:00:00+00:00,4,54.83,77.85,842.78,13.61,62.01,1.49,5.05,0.0,26.5,98,2.45,21,3,13,8,4.0,4.0,3.0,5.0,4.0,3.8333333333333335,3.7916666666666665
Islamabad,2026-08-13 22:00:00+00:00,4,53.15,79.06,763.61,11.81,59.43,1.6,4.55,0.0,25.6,99,3.36,22,3,13,8,4.0,4.0,4.0,5.0,4.0,4.0,3.75
Islamabad,2026-08-13 23:00:00+00:00,4,54.54,81.43,764.96,13.21,49.32,1.52,4.54,0.0,25.4,98,1.17,23,3,13,8,4.0,4.0,4.0,5.0,4.0,4.0,3.7083333333333335
Islamabad,2026-08-14 00:00:00+00:00,4,57.57,84.32,811.78,15.83,39.76,1.49,5.07,0.0,26.4,94,0.76,0,4,14,8,4.0,4.0,4.0,5.0,4.0,4.0,3.6666666666666665
Islamabad,2026-08-14 01:00:00+00:00,4,61.09,85.93,888.07,18.34,31.34,1.44,5.12,0.01,24.7,99,2.97,1,4,14,8,4.0,4.0,4.0,4.0,4.0,4.0,3.625
Islamabad,2026-08-14 02:00:00+00:00,4,64.7,87.33,983.83,19.62,24.33,1.42,4.24,0.83,25.3,96,2.08,2,4,14,8,4.0,4.0,4.0,4.0,4.0,4.0,3.625
Islamabad,2026-08-14 03:00:00+00:00,4,68.78,89.34,1093.13,18.25,25.13,1.5,3.64,4.27,26.4,89,1.68,3,4,14,8,4.0,4.0,4.0,4.0,4.0,4.0,3.625
Islamabad,2026-08-14 04:00:00+00:00,4,63.57,86.53,844.88,8.79,75.61,3.25,2.48,1.3,25.7,91,2.5,4,4,14,8,4.0,4.0,4.0,4.0,4.0,4.0,3.625
Islamabad,2026-08-14 05:00:00+00:00,4,69.4,89.14,809.35,5.74,107.35,3.31,2.1,0.72,26.9,86,1.57,5,4,14,8,4.0,4.0,4.0,3.0,4.0,4.0,3.625
Islamabad,2026-08-14 06:00:00+00:00,5,79.07,96.75,782.33,3.58,135.77,3.21,1.83,0.38,28.1,76,1.75,6,4,14,8,4.0,4.0,4.0,3.0,4.0,4.0,3.6666666666666665
Islamabad,2026-08-14 07:00:00+00:00,4,64.58,84.39,581.89,1.77,137.49,3.07,0.83,0.19,29.3,75,1.28,7,4,14,8,5.0,4.0,4.0,3.0,4.333333333333333,4.166666666666667,3.75
Islamabad,2026-08-14 08:00:00+00:00,4,57.69,75.82,521.86,1.44,136.63,2.55,0.63,0.15,30.6,72,0.76,8,4,14,8,4.0,4.0,4.0,3.0,4.333333333333333,4.166666666666667,3.7916666666666665
Islamabad,2026-08-14 09:00:00+00:00,4,56.57,72.94,512.3,1.53,138.32,2.32,0.67,0.14,31.2,69,0.81,9,4,14,8,4.0,5.0,4.0,3.0,4.333333333333333,4.166666666666667,3.8333333333333335
Islamabad,2026-08-14 10:00:00+00:00,4,58.33,73.37,521.72,2.1,142.38,2.3,0.89,0.16,31.5,69,0.99,10,4,14,8,4.0,4.0,4.0,4.0,4.0,4.166666666666667,3.875
Islamabad,2026-08-14 11:00:00+00:00,4,63.55,77.23,558.11,3.42,144.87,2.37,1.31,0.19,31.3,69,1.72,11,4,14,8,4.0,4.0,4.0,4.0,4.0,4.166666666666667,3.875
Islamabad,2026-08-14 12:00:00+00:00,4,69.78,82.17,609.26,5.47,143.26,2.48,1.57,0.17,29.3,84,2.66,12,4,14,8,4.0,4.0,5.0,3.0,4.0,4.166666666666667,3.875
Islamabad,2026-08-14 13:00:00+00:00,5,76.22,87.27,667.12,7.75,138.33,2.54,1.67,0.08,27.9,86,3.67,13,4,14,8,4.0,4.0,4.0,3.0,4.0,4.0,3.9166666666666665
Islamabad,2026-08-14 14:00:00+00:00,5,83.76,93.72,732.55,9.12,134.88,2.57,1.84,0.01,26.8,90,1.94,14,4,14,8,5.0,4.0,4.0,3.0,4.333333333333333,4.166666666666667,4.0
Islamabad,2026-08-14 15:00:00+00:00,5,91.71,100.59,791.45,9.01,133.98,2.61,1.95,0.0,26.1,94,1.69,15,4,14,8,5.0,4.0,4.0,3.0,4.666666666666667,4.333333333333333,4.083333333333333
Islamabad,2026-08-14 16:00:00+00:00,5,99.51,107.01,839.71,8.23,133.59,2.71,1.9,0.0,25.1,94,1.81,16,4,14,8,5.0,5.0,4.0,4.0,5.0,4.5,4.166666666666667
Islamabad,2026-08-14 17:00:00+00:00,5,105.52,112.1,874.02,7.44,134.56,2.9,1.79,0.0,25.2,96,0.69,17,4,14,8,5.0,5.0,4.0,4.0,5.0,4.666666666666667,4.208333333333333
Islamabad,2026-08-14 18:00:00+00:00,5,107.86,114.04,885.51,6.87,134.39,3.1,1.64,0.0,25.8,96,1.55,18,4,14,8,5.0,5.0,4.0,4.0,5.0,4.833333333333333,4.25
Islamabad,2026-08-14 19:00:00+00:00,5,109.83,115.87,907.28,7.64,124.65,2.96,1.74,0.0,25.3,98,1.31,19,4,14,8,5.0,5.0,5.0,4.0,5.0,5.0,4.291666666666667
Islamabad,2026-08-14 20:00:00+00:00,5,113.52,119.36,951.61,8.64,109.64,2.7,2.18,0.0,25.2,97,0.9,20,4,14,8,5.0,5.0,5.0,4.0,5.0,5.0,4.333333333333333
Islamabad,2026-08-14 21:00:00+00:00,5,116.65,122.14,982.6,8.91,99.33,2.82,2.79,0.0,25.3,96,0.81,21,4,14,8,5.0,5.0,5.0,4.0,5.0,5.0,4.375
Islamabad,2026-08-14 22:00:00+00:00,5,118.04,123.15,993.47,8.72,92.34,2.78,2.85,0.0,24.4,100,1.77,22,4,14,8,5.0,5.0,5.0,4.0,5.0,5.0,4.416666666666667
Islamabad,2026-08-14 23:00:00+00:00,5,115.34,120.1,988.18,7.93,88.43,2.46,2.16,0.0,23.9,99,0.25,23,4,14,8,5.0,5.0,5.0,4.0,5.0,5.0,4.458333333333333
Islamabad,2026-08-15 00:00:00+00:00,5,112.3,116.64,966.59,6.59,92.66,2.5,1.31,0.0,24.4,98,1.35,0,5,15,8,5.0,5.0,5.0,4.0,5.0,5.0,4.5
Islamabad,2026-08-15 01:00:00+00:00,5,104.76,108.87,903.35,4.36,111.9,3.13,0.62,0.0,24.2,100,1.5,1,5,15,8,5.0,5.0,5.0,4.0,5.0,5.0,4.541666666666667
Islamabad,2026-08-15 02:00:00+00:00,5,104.47,108.67,925.98,4.95,105.89,2.95,0.83,0.03,24.8,95,1.86,2,5,15,8,5.0,5.0,5.0,4.0,5.0,5.0,4.583333333333333
Islamabad,2026-08-15 03:00:00+00:00,5,104.52,108.93,966.09,6.0,100.4,2.72,1.23,0.29,26.2,87,1.67,3,5,15,8,5.0,5.0,5.0,4.0,5.0,5.0,4.625
Islamabad,2026-08-15 04:00:00+00:00,5,105.02,109.54,990.23,5.58,111.73,2.67,1.38,0.52,27.7,78,1.76,4,5,15,8,5.0,5.0,5.0,4.0,5.0,5.0,4.666666666666667
Islamabad,2026-08-15 05:00:00+00:00,5,107.48,112.11,994.43,4.37,133.44,2.55,1.48,0.45,28.8,77,0.69,5,5,15,8,5.0,5.0,5.0,4.0,5.0,5.0,4.708333333333333
Islamabad,2026-08-15 06:00:00+00:00,5,112.36,117.21,985.87,3.23,157.26,2.45,1.56,0.31,30.2,69,0.9,6,5,15,8,5.0,5.0,5.0,5.0,5.0,5.0,4.75
Islamabad,2026-08-15 07:00:00+00:00,5,78.16,93.59,686.11,1.64,155.3,2.55,0.28,0.16,31.4,64,1.48,7,5,15,8,5.0,5.0,5.0,4.0,5.0,5.0,4.75
Islamabad,2026-08-15 08:00:00+00:00,4,66.67,94.17,518.77,1.22,140.91,2.57,0.11,0.13,32.1,61,2.02,8,5,15,8,5.0,5.0,5.0,4.0,5.0,5.0,4.791666666666667
Islamabad,2026-08-15 09:00:00+00:00,4,66.22,99.0,461.99,1.19,135.69,2.58,0.08,0.12,32.7,58,2.43,9,5,15,8,4.0,5.0,5.0,4.0,4.666666666666667,4.833333333333333,4.791666666666667
Islamabad,2026-08-15 10:00:00+00:00,4,66.16,102.66,422.35,1.25,132.57,2.56,0.07,0.12,32.6,59,2.1,10,5,15,8,4.0,5.0,5.0,4.0,4.333333333333333,4.666666666666667,4.791666666666667
Islamabad,2026-08-15 11:00:00+00:00,4,64.52,102.4,391.08,1.42,129.28,2.46,0.06,0.12,32.6,58,1.68,11,5,15,8,4.0,4.0,5.0,4.0,4.0,4.5,4.791666666666667
Islamabad,2026-08-15 12:00:00+00:00,4,62.42,100.41,369.46,1.78,126.14,2.34,0.11,0.1,32.1,61,2.04,12,5,15,8,4.0,4.0,5.0,4.0,4.0,4.333333333333333,4.791666666666667
Islamabad,2026-08-15 13:00:00+00:00,4,63.28,100.48,421.1,6.55,108.54,2.2,1.54,0.13,30.6,73,1.25,13,5,15,8,4.0,4.0,5.0,5.0,4.0,4.166666666666667,4.791666666666667
Islamabad,2026-08-15 14:00:00+00:00,4,66.3,102.61,515.33,12.98,84.79,2.08,3.49,0.02,29.2,81,0.64,14,5,15,8,4.0,4.0,4.0,5.0,4.0,4.0,4.75
Islamabad,2026-08-15 15:00:00+00:00,4,69.46,105.56,594.44,16.99,69.16,2.04,5.1,0.0,28.5,84,1.04,15,5,15,8,4.0,4.0,4.0,5.0,4.0,4.0,4.708333333333333
Islamabad,2026-08-15 16:00:00+00:00,4,72.2,107.97,657.4,19.45,58.84,2.04,6.23,0.0,28.1,86,1.11,16,5,15,8,4.0,4.0,4.0,5.0,4.0,4.0,4.666666666666667
Islamabad,2026-08-15 17:00:00+00:00,5,75.02,111.08,713.67,20.88,51.95,1.96,6.35,0.0,27.7,88,0.65,17,5,15,8,4.0,4.0,4.0,5.0,4.0,4.0,4.625
Islamabad,2026-08-15 18:00:00+00:00,5,76.61,113.4,754.8,21.88,46.9,1.84,5.84,0.0,27.8,81,2.53,18,5,15,8,5.0,4.0,4.0,5.0,4.333333333333333,4.166666666666667,4.625
Islamabad,2026-08-15 19:00:00+00:00,5,75.9,112.57,764.92,22.05,41.96,1.67,5.1,0.01,27.0,80,1.19,19,5,15,8,5.0,4.0,4.0,5.0,4.666666666666667,4.333333333333333,4.625
Islamabad,2026-08-15 20:00:00+00:00,4,74.67,110.12,765.93,21.38,36.83,1.53,4.53,0.0,26.5,85,0.16,20,5,15,8,5.0,5.0,4.0,5.0,5.0,4.5,4.625
Islamabad,2026-08-15 21:00:00+00:00,4,73.57,107.43,764.6,20.16,33.55,1.51,4.04,0.0,25.1,89,2.62,21,5,15,8,4.0,5.0,4.0,5.0,4.666666666666667,4.5,4.583333333333333
Islamabad,2026-08-15 22:00:00+00:00,4,71.99,103.95,746.68,18.09,34.16,1.72,3.57,0.0,24.4,94,1.68,22,5,15,8,4.0,5.0,4.0,5.0,4.333333333333333,4.5,4.541666666666667
Islamabad,2026-08-15 23:00:00+00:00,4,71.98,101.98,746.3,16.95,34.18,1.76,3.05,0.0,24.2,94,2.58,23,5,15,8,4.0,4.0,5.0,5.0,4.0,4.5,4.5
Islamabad,2026-08-16 00:00:00+00:00,4,72.23,100.61,748.93,15.93,34.37,1.71,2.63,0.0,24.3,92,2.58,0,6,16,8,4.0,4.0,5.0,5.0,4.0,4.333333333333333,4.458333333333333
Islamabad,2026-08-16 01:00:00+00:00,4,69.95,96.41,723.86,13.5,38.27,1.75,2.28,0.0,24.6,91,1.88,1,6,16,8,4.0,4.0,5.0,5.0,4.0,4.166666666666667,4.416666666666667
Islamabad,2026-08-16 02:00:00+00:00,4,66.96,90.88,700.91,11.9,42.68,1.72,2.32,0.22,25.9,88,1.03,2,6,16,8,4.0,4.0,4.0,5.0,4.0,4.0,4.375
Islamabad,2026-08-16 03:00:00+00:00,4,63.26,85.92,665.24,9.89,52.66,1.82,2.43,1.08,27.4,82,0.82,3,6,16,8,4.0,4.0,4.0,5.0,4.0,4.0,4.333333333333333
Islamabad,2026-08-16 04:00:00+00:00,4,54.36,82.65,524.92,6.07,77.1,2.53,2.0,0.94,28.7,78,1.12,4,6,16,8,4.0,4.0,4.0,5.0,4.0,4.0,4.291666666666667
Islamabad,2026-08-16 05:00:00+00:00,4,58.4,88.37,495.6,4.39,96.96,2.79,2.05,0.68,29.9,74,1.46,5,6,16,8,4.0,4.0,4.0,5.0,4.0,4.0,4.25
Islamabad,2026-08-16 06:00:00+00:00,4,69.61,101.81,482.82,3.11,119.08,2.97,2.09,0.42,30.7,68,2.02,6,6,16,8,4.0,4.0,4.0,5.0,4.0,4.0,4.208333333333333
Islamabad,2026-08-16 07:00:00+00:00,4,56.96,111.19,305.3,1.38,111.24,3.59,0.65,0.2,31.2,67,1.74,7,6,16,8,4.0,4.0,4.0,5.0,4.0,4.0,4.166666666666667
Islamabad,2026-08-16 08:00:00+00:00,4,51.7,109.66,242.19,0.99,108.04,3.12,0.17,0.14,31.7,66,1.7,8,6,16,8,4.0,4.0,4.0,4.0,4.0,4.0,4.125
Islamabad,2026-08-16 09:00:00+00:00,4,50.34,108.14,228.05,0.99,108.82,2.82,0.17,0.13,31.9,66,1.66,9,6,16,8,4.0,4.0,4.0,4.0,4.0,4.0,4.125
Islamabad,2026-08-16 10:00:00+00:00,4,49.43,108.18,220.85,1.08,110.28,2.68,0.24,0.13,29.5,76,2.98,10,6,16,8,4.0,4.0,4.0,4.0,4.0,4.0,4.125
Islamabad,2026-08-16 11:00:00+00:00,4,48.18,107.66,214.11,1.29,110.34,2.57,0.35,0.13,28.4,81,1.41,11,6,16,8,4.0,4.0,4.0,4.0,4.0,4.0,4.125
Islamabad,2026-08-16 12:00:00+00:00,4,46.59,106.9,208.53,1.72,108.85,2.48,0.49,0.11,31.7,65,2.29,12,6,16,8,4.0,4.0,4.0,4.0,4.0,4.0,4.125
Islamabad,2026-08-16 13:00:00+00:00,4,46.6,107.11,249.33,5.42,96.65,2.4,1.57,0.13,30.3,73,2.62,13,6,16,8,4.0,4.0,4.0,4.0,4.0,4.0,4.125
Islamabad,2026-08-16 14:00:00+00:00,4,48.32,108.39,321.27,10.33,80.15,2.35,3.12,0.02,29.2,79,2.17,14,6,16,8,4.0,4.0,4.0,4.0,4.0,4.0,4.125
Islamabad,2026-08-16 15:00:00+00:00,4,50.6,110.43,379.61,12.96,69.98,2.34,4.26,0.0,28.5,83,2.5,15,6,16,8,4.0,4.0,4.0,4.0,4.0,4.0,4.125
Islamabad,2026-08-16 16:00:00+00:00,4,52.71,111.74,415.48,13.98,64.28,2.34,4.9,0.0,27.9,86,2.1,16,6,16,8,4.0,4.0,4.0,4.0,4.0,4.0,4.125
Islamabad,2026-08-16 17:00:00+00:00,4,54.66,113.3,438.33,14.04,61.1,2.34,5.01,0.0,27.4,88,1.55,17,6,16,8,4.0,4.0,4.0,5.0,4.0,4.0,4.125
Islamabad,2026-08-16 18:00:00+00:00,4,55.67,114.21,446.29,13.71,58.4,2.34,4.62,0.0,28.1,87,2.09,18,6,16,8,4.0,4.0,4.0,5.0,4.0,4.0,4.083333333333333
Islamabad,2026-08-16 19:00:00+00:00,4,55.05,112.68,424.52,12.13,57.76,2.37,3.93,0.0,27.7,87,2.32,19,6,16,8,4.0,4.0,4.0,5.0,4.0,4.0,4.041666666666667
Islamabad,2026-08-16 20:00:00+00:00,4,55.24,109.47,427.19,11.68,54.17,2.27,3.44,0.0,27.1,89,1.01,20,6,16,8,4.0,4.0,4.0,4.0,4.0,4.0,4.0
Islamabad,2026-08-16 21:00:00+00:00,4,56.01,105.31,443.63,11.38,49.62,2.14,2.98,0.0,27.0,88,1.9,21,6,16,8,4.0,4.0,4.0,4.0,4.0,4.0,4.0
Islamabad,2026-08-16 22:00:00+00:00,4,57.07,99.02,469.77,11.39,43.85,2.0,2.57,0.0,25.9,93,0.74,22,6,16,8,4.0,4.0,4.0,4.0,4.0,4.0,4.0
Islamabad,2026-08-16 23:00:00+00:00,4,58.95,93.65,505.98,11.85,37.83,1.92,2.22,0.0,23.6,99,3.19,23,6,16,8,4.0,4.0,4.0,4.0,4.0,4.0,4.0
Islamabad,2026-08-17 00:00:00+00:00,4,60.45,89.58,536.25,11.99,34.02,1.98,1.94,0.0,23.9,97,2.56,0,0,17,8,4.0,4.0,4.0,4.0,4.0,4.0,4.0
Islamabad,2026-08-17 01:00:00+00:00,4,60.29,84.75,548.13,11.47,33.29,2.37,1.65,0.0,24.3,96,1.85,1,0,17,8,4.0,4.0,4.0,4.0,4.0,4.0,4.0
Islamabad,2026-08-17 02:00:00+00:00,4,59.35,79.56,565.57,11.36,33.52,2.76,1.56,0.19,25.6,93,1.33,2,0,17,8,4.0,4.0,4.0,4.0,4.0,4.0,4.0
Islamabad,2026-08-17 03:00:00+00:00,4,57.68,74.61,582.36,11.23,35.57,3.01,1.55,1.01,27.1,85,0.81,3,0,17,8,4.0,4.0,4.0,4.0,4.0,4.0,4.0
Islamabad,2026-08-17 04:00:00+00:00,4,54.51,70.97,542.09,9.38,46.46,3.16,1.37,0.98,28.5,78,1.7,4,0,17,8,4.0,4.0,4.0,4.0,4.0,4.0,4.0
Islamabad,2026-08-17 05:00:00+00:00,4,54.48,71.23,513.34,7.54,60.7,3.03,1.47,1.11,27.6,84,0.84,5,0,17,8,4.0,4.0,4.0,4.0,4.0,4.0,4.0
Islamabad,2026-08-17 06:00:00+00:00,4,58.81,77.61,476.13,5.22,83.3,2.85,1.48,0.77,29.6,70,2.41,6,0,17,8,4.0,4.0,4.0,4.0,4.0,4.0,4.0
Islamabad,2026-08-17 07:00:00+00:00,4,51.42,81.1,348.15,2.45,98.61,2.48,0.95,0.33,30.6,71,1.94,7,0,17,8,4.0,4.0,4.0,4.0,4.0,4.0,4.0
Islamabad,2026-08-17 08:00:00+00:00,4,50.88,84.6,301.42,1.76,105.68,2.29,0.85,0.23,31.4,68,1.88,8,0,17,8,4.0,4.0,4.0,4.0,4.0,4.0,4.0
Islamabad,2026-08-17 09:00:00+00:00,4,53.1,87.75,290.45,1.62,112.98,2.17,0.89,0.2,31.9,66,1.81,9,0,17,8,4.0,4.0,4.0,4.0,4.0,4.0,4.0
Islamabad,2026-08-17 10:00:00+00:00,3,49.43,86.77,260.12,1.47,114.32,1.97,0.72,0.17,29.1,80,2.85,10,0,17,8,4.0,4.0,4.0,4.0,4.0,4.0,4.0
Islamabad,2026-08-17 11:00:00+00:00,3,45.28,83.89,239.51,1.59,111.99,1.78,0.66,0.14,29.0,80,2.53,11,0,17,8,3.0,4.0,4.0,4.0,3.6666666666666665,3.8333333333333335,3.9583333333333335
Islamabad,2026-08-17 12:00:00+00:00,3,43.43,81.4,239.71,2.12,111.15,1.71,0.79,0.11,28.8,79,2.75,12,0,17,8,3.0,4.0,4.0,4.0,3.333333333333333,3.6666666666666665,3.9166666666666665
Islamabad,2026-08-17 13:00:00+00:00,3,44.31,80.94,275.66,4.7,105.25,1.74,1.52,0.09,28.8,80,2.15,13,0,17,8,3.0,3.0,4.0,4.0,3.0,3.5,3.875
Islamabad,2026-08-17 14:00:00+00:00,3,47.99,82.62,338.21,8.13,96.23,1.83,2.59,0.01,27.8,85,2.02,14,0,17,8,3.0,3.0,4.0,4.0,3.0,3.333333333333333,3.8333333333333335
Islamabad,2026-08-17 15:00:00+00:00,4,52.27,84.79,398.1,10.13,89.58,1.9,3.46,0.0,27.5,86,1.65,15,0,17,8,3.0,3.0,4.0,4.0,3.0,3.1666666666666665,3.7916666666666665
Islamabad,2026-08-17 16:00:00+00:00,4,56.84,87.13,453.98,11.2,84.08,1.96,3.83,0.0,27.3,87,1.49,16,0,17,8,4.0,3.0,3.0,4.0,3.333333333333333,3.1666666666666665,3.7916666666666665
Islamabad,2026-08-17 17:00:00+00:00,4,60.66,89.56,500.26,11.57,79.96,2.03,3.68,0.0,27.2,87,1.55,17,0,17,8,4.0,3.0,3.0,4.0,3.6666666666666665,3.333333333333333,3.7916666666666665
Islamabad,2026-08-17 18:00:00+00:00,4,62.11,90.58,528.67,11.61,76.03,2.11,3.29,0.0,27.4,85,2.38,18,0,17,8,4.0,4.0,3.0,4.0,4.0,3.5,3.7916666666666665
Islamabad,2026-08-17 19:00:00+00:00,4,60.94,89.64,537.26,11.27,71.46,2.24,2.8,0.0,26.4,89,1.77,19,0,17,8,4.0,4.0,3.0,4.0,4.0,3.6666666666666665,3.7916666666666665
Islamabad,2026-08-17 20:00:00+00:00,4,59.75,87.72,546.06,10.82,66.54,2.38,2.31,0.0,26.2,88,1.46,20,0,17,8,4.0,4.0,3.0,4.0,4.0,3.8333333333333335,3.7916666666666665
Islamabad,2026-08-17 21:00:00+00:00,4,58.43,83.95,546.81,10.03,62.52,2.59,1.83,0.0,26.1,87,1.28,21,0,17,8,4.0,4.0,4.0,4.0,4.0,4.0,3.7916666666666665
Islamabad,2026-08-17 22:00:00+00:00,4,56.48,78.8,530.68,8.88,60.19,2.77,1.47,0.0,25.9,86,1.5,22,0,17,8,4.0,4.0,4.0,4.0,4.0,4.0,3.7916666666666665
Islamabad,2026-08-17 23:00:00+00:00,4,55.41,74.69,515.52,8.05,58.82,2.88,1.3,0.0,25.7,86,1.36,23,0,17,8,4.0,4.0,4.0,4.0,4.0,4.0,3.7916666666666665
Karachi,2026-07-25 00:00:00+00:00,4,23.13,104.72,66.52,0.14,38.83,0.59,0.0,0.0,28.4,83,2.44,0,5,25,7,4.0,4.0,4.0,4.0,4.0,4.0,4.0
Karachi,2026-07-25 01:00:00+00:00,4,23.11,105.32,66.51,0.14,38.76,0.6,0.0,0.0,28.2,84,2.5,1,5,25,7,4.0,4.0,4.0,4.0,4.0,4.0,4.0
Karachi,2026-07-25 02:00:00+00:00,4,23.38,107.05,66.4,0.14,38.72,0.6,0.0,0.0,28.4,84,2.58,2,5,25,7,4.0,4.0,4.0,4.0,4.0,4.0,4.0
Karachi,2026-07-25 03:00:00+00:00,4,23.38,107.57,66.24,0.14,38.75,0.6,0.0,0.0,29.2,79,2.85,3,5,25,7,4.0,4.0,4.0,4.0,4.0,4.0,4.0
Karachi,2026-07-25 04:00:00+00:00,4,23.18,107.22,65.97,0.14,38.87,0.58,0.0,0.0,30.1,74,2.9,4,5,25,7,4.0,4.0,4.0,4.0,4.0,4.0,4.0
Karachi,2026-07-25 05:00:00+00:00,4,23.02,107.46,65.97,0.13,39.47,0.56,0.0,0.01,30.4,73,2.86,5,5,25,7,4.0,4.0,4.0,4.0,4.0,4.0,4.0
Karachi,2026-07-25 06:00:00+00:00,4,22.88,108.14,66.13,0.12,40.2,0.53,0.0,0.01,30.7,70,3.29,6,5,25,7,4.0,4.0,4.0,4.0,4.0,4.0,4.0
Karachi,2026-07-25 07:00:00+00:00,4,22.76,109.1,66.3,0.11,40.93,0.5,0.0,0.01,31.0,69,2.93,7,5,25,7,4.0,4.0,4.0,4.0,4.0,4.0,4.0
Karachi,2026-07-25 08:00:00+00:00,4,22.58,109.48,66.39,0.11,41.4,0.48,0.0,0.01,31.6,66,2.71,8,5,25,7,4.0,4.0,4.0,4.0,4.0,4.0,4.0
Karachi,2026-07-25 09:00:00+00:00,4,22.27,108.4,66.29,0.1,41.41,0.47,0.0,0.01,31.5,66,2.79,9,5,25,7,4.0,4.0,4.0,4.0,4.0,4.0,4.0
Karachi,2026-07-25 10:00:00+00:00,4,21.94,106.47,66.19,0.1,41.26,0.47,0.0,0.0,31.3,67,3.48,10,5,25,7,4.0,4.0,4.0,4.0,4.0,4.0,4.0
Karachi,2026-07-25 11:00:00+00:00,4,21.78,105.21,66.04,0.11,41.1,0.47,0.0,0.0,31.0,69,4.0,11,5,25,7,4.0,4.0,4.0,4.0,4.0,4.0,4.0
Karachi,2026-07-25 12:00:00+00:00,4,21.81,104.74,65.97,0.11,40.83,0.48,0.0,0.0,30.5,71,3.29,12,5,25,7,4.0,4.0,4.0,4.0,4.0,4.0,4.0
Karachi,2026-07-25 13:00:00+00:00,4,21.89,104.3,66.0,0.12,40.45,0.5,0.0,0.0,29.6,75,2.91,13,5,25,7,4.0,4.0,4.0,4.0,4.0,4.0,4.0
Karachi,2026-07-25 14:00:00+00:00,4,22.02,103.72,66.0,0.13,39.74,0.51,0.0,0.0,29.2,78,3.01,14,5,25,7,4.0,4.0,4.0,4.0,4.0,4.0,4.0
Karachi,2026-07-25 15:00:00+00:00,4,22.11,102.97,66.14,0.13,39.09,0.52,0.0,0.0,28.9,80,3.41,15,5,25,7,4.0,4.0,4.0,4.0,4.0,4.0,4.0
Karachi,2026-07-25 16:00:00+00:00,4,22.1,101.77,66.31,0.13,38.52,0.52,0.0,0.0,28.9,80,3.34,16,5,25,7,4.0,4.0,4.0,4.0,4.0,4.0,4.0
Karachi,2026-07-25 17:00:00+00:00,4,22.12,101.09,66.46,0.13,38.18,0.52,0.0,0.0,28.9,80,4.03,17,5,25,7,4.0,4.0,4.0,4.0,4.0,4.0,4.0
Karachi,2026-07-25 18:00:00+00:00,4,22.43,102.09,66.64,0.12,37.83,0.53,0.0,0.0,28.4,79,2.55,18,5,25,7,4.0,4.0,4.0,4.0,4.0,4.0,4.0
Karachi,2026-07-25 19:00:00+00:00,4,22.81,103.92,66.68,0.12,37.41,0.55,0.0,0.0,28.2,80,2.51,19,5,25,7,4.0,4.0,4.0,4.0,4.0,4.0,4.0
Karachi,2026-07-25 20:00:00+00:00,4,22.86,104.36,66.84,0.12,37.16,0.55,0.0,0.0,28.2,79,1.78,20,5,25,7,4.0,4.0,4.0,4.0,4.0,4.0,4.0
Karachi,2026-07-25 21:00:00+00:00,4,23.05,105.53,66.93,0.12,36.95,0.55,0.0,0.0,28.1,80,1.87,21,5,25,7,4.0,4.0,4.0,4.0,4.0,4.0,4.0
Karachi,2026-07-25 22:00:00+00:00,4,23.34,107.07,67.04,0.13,36.74,0.55,0.0,0.0,28.1,80,1.61,22,5,25,7,4.0,4.0,4.0,4.0,4.0,4.0,4.0
Karachi,2026-07-25 23:00:00+00:00,4,23.53,108.25,67.11,0.13,36.62,0.55,0.0,0.0,28.2,80,1.7,23,5,25,7,4.0,4.0,4.0,4.0,4.0,4.0,4.0
Karachi,2026-07-26 00:00:00+00:00,4,23.54,108.39,67.11,0.13,36.56,0.54,0.0,0.0,28.5,79,2.52,0,6,26,7,4.0,4.0,4.0,4.0,4.0,4.0,4.0
Karachi,2026-07-26 01:00:00+00:00,4,23.37,108.29,67.43,0.12,37.04,0.52,0.0,0.0,28.4,79,2.61,1,6,26,7,4.0,4.0,4.0,4.0,4.0,4.0,4.0
Karachi,2026-07-26 02:00:00+00:00,4,23.18,108.77,67.8,0.12,37.91,0.49,0.0,0.0,28.6,77,3.06,2,6,26,7,4.0,4.0,4.0,4.0,4.0,4.0,4.0
Karachi,2026-07-26 03:00:00+00:00,4,23.01,108.96,68.21,0.13,38.5,0.47,0.0,0.0,29.3,74,2.75,3,6,26,7,4.0,4.0,4.0,4.0,4.0,4.0,4.0
Karachi,2026-07-26 04:00:00+00:00,4,22.78,108.17,68.12,0.13,38.62,0.46,0.0,0.01,29.9,70,2.81,4,6,26,7,4.0,4.0,4.0,4.0,4.0,4.0,4.0
Karachi,2026-07-26 05:00:00+00:00,4,22.57,106.85,67.93,0.12,38.59,0.46,0.0,0.01,30.4,68,2.9,5,6,26,7,4.0,4.0,4.0,4.0,4.0,4.0,4.0
Karachi,2026-07-26 06:00:00+00:00,4,22.28,104.92,67.91,0.11,38.36,0.47,0.0,0.01,31.2,65,3.05,6,6,26,7,4.0,4.0,4.0,4.0,4.0,4.0,4.0
Karachi,2026-07-26 07:00:00+00:00,4,22.01,103.18,67.51,0.1,38.23,0.47,0.0,0.01,32.5,60,2.87,7,6,26,7,4.0,4.0,4.0,4.0,4.0,4.0,4.0
Karachi,2026-07-26 08:00:00+00:00,4,21.8,102.01,67.44,0.1,38.21,0.46,0.0,0.01,32.5,61,3.47,8,6,26,7,4.0,4.0,4.0,4.0,4.0,4.0,4.0
Karachi,2026-07-26 09:00:00+00:00,4,21.55,100.97,67.45,0.09,38.49,0.45,0.0,0.01,32.0,63,4.34,9,6,26,7,4.0,4.0,4.0,4.0,4.0,4.0,4.0
Karachi,2026-07-26 10:00:00+00:00,3,21.21,99.88,67.95,0.08,39.23,0.42,0.0,0.01,31.8,64,4.11,10,6,26,7,4.0,4.0,4.0,4.0,4.0,4.0,4.0
Karachi,2026-07-26 11:00:00+00:00,3,20.72,98.17,68.36,0.08,40.14,0.39,0.0,0.01,31.2,66,3.79,11,6,26,7,3.0,4.0,4.0,4.0,3.6666666666666665,3.8333333333333335,3.9583333333333335
Karachi,2026-07-26 12:00:00+00:00,3,20.19,95.84,68.74,0.08,41.24,0.37,0.0,0.01,31.1,67,3.69,12,6,26,7,3.0,4.0,4.0,4.0,3.333333333333333,3.6666666666666665,3.9166666666666665
Karachi,2026-07-26 13:00:00+00:00,3,19.67,93.06,68.83,0.09,42.31,0.37,0.0,0.01,30.2,70,3.27,13,6,26,7,3.0,3.0,4.0,4.0,3.0,3.5,3.875
Karachi,2026-07-26 14:00:00+00:00,3,19.13,89.45,68.54,0.11,43.16,0.37,0.0,0.0,29.4,74,3.13,14,6,26,7,3.0,3.0,4.0,4.0,3.0,3.333333333333333,3.8333333333333335
Karachi,2026-07-26 15:00:00+00:00,3,18.7,85.81,67.92,0.11,43.89,0.37,0.0,0.0,28.9,77,3.28,15,6,26,7,3.0,3.0,4.0,4.0,3.0,3.1666666666666665,3.7916666666666665
Karachi,2026-07-26 16:00:00+00:00,3,18.48,83.06,67.33,0.11,44.38,0.38,0.0,0.0,28.7,79,3.1,16,6,26,7,3.0,3.0,3.0,4.0,3.0,3.0,3.75
Karachi,2026-07-26 17:00:00+00:00,3,18.77,82.48,66.46,0.11,44.48,0.4,0.0,0.0,28.4,81,3.05,17,6,26,7,3.0,3.0,3.0,4.0,3.0,3.0,3.7083333333333335
Karachi,2026-07-26 18:00:00+00:00,3,19.54,84.35,65.33,0.11,43.9,0.43,0.0,0.0,28.7,79,2.53,18,6,26,7,3.0,3.0,3.0,4.0,3.0,3.0,3.6666666666666665
Karachi,2026-07-26 19:00:00+00:00,3,20.37,87.06,64.27,0.11,43.08,0.47,0.0,0.0,28.5,80,2.65,19,6,26,7,3.0,3.0,3.0,4.0,3.0,3.0,3.625
Karachi,2026-07-26 20:00:00+00:00,3,20.81,88.95,63.85,0.11,42.55,0.48,0.0,0.0,28.4,81,3.16,20,6,26,7,3.0,3.0,3.0,4.0,3.0,3.0,3.583333333333333
Karachi,2026-07-26 21:00:00+00:00,3,20.95,90.7,63.86,0.11,42.37,0.48,0.0,0.0,28.3,81,3.26,21,6,26,7,3.0,3.0,3.0,4.0,3.0,3.0,3.5416666666666665
Karachi,2026-07-26 22:00:00+00:00,3,21.05,92.45,64.56,0.11,42.67,0.47,0.0,0.0,28.2,81,3.2,22,6,26,7,3.0,3.0,3.0,4.0,3.0,3.0,3.5
Karachi,2026-07-26 23:00:00+00:00,3,21.32,95.25,65.62,0.1,43.25,0.45,0.0,0.0,28.1,82,3.21,23,6,26,7,3.0,3.0,3.0,4.0,3.0,3.0,3.458333333333333
Karachi,2026-07-27 00:00:00+00:00,3,21.76,99.0,66.17,0.1,43.63,0.45,0.0,0.0,28.5,81,3.32,0,0,27,7,3.0,3.0,3.0,4.0,3.0,3.0,3.4166666666666665
Karachi,2026-07-27 01:00:00+00:00,4,22.12,101.98,66.47,0.1,43.98,0.44,0.0,0.0,28.3,81,2.83,1,0,27,7,3.0,3.0,3.0,4.0,3.0,3.0,3.375
Karachi,2026-07-27 02:00:00+00:00,4,22.26,102.73,66.34,0.1,44.25,0.43,0.0,0.0,28.8,79,3.21,2,0,27,7,4.0,3.0,3.0,4.0,3.333333333333333,3.1666666666666665,3.375
Karachi,2026-07-27 03:00:00+00:00,4,22.19,100.89,66.06,0.11,44.48,0.42,0.0,0.0,29.7,74,3.6,3,0,27,7,4.0,3.0,3.0,4.0,3.6666666666666665,3.333333333333333,3.375
Karachi,2026-07-27 04:00:00+00:00,3,22.09,98.0,65.58,0.1,44.63,0.41,0.0,0.01,30.7,68,3.62,4,0,27,7,4.0,4.0,3.0,4.0,4.0,3.5,3.375
Karachi,2026-07-27 05:00:00+00:00,3,22.11,96.13,64.98,0.1,44.75,0.41,0.0,0.01,31.9,62,3.86,5,0,27,7,3.0,4.0,3.0,4.0,3.6666666666666665,3.5,3.333333333333333
Karachi,2026-07-27 06:00:00+00:00,3,22.0,95.03,64.48,0.08,44.87,0.4,0.0,0.01,31.5,65,4.17,6,0,27,7,3.0,4.0,3.0,4.0,3.333333333333333,3.5,3.2916666666666665
Karachi,2026-07-27 07:00:00+00:00,3,21.72,94.92,63.97,0.07,45.17,0.41,0.0,0.01,32.2,62,4.36,7,0,27,7,3.0,3.0,4.0,4.0,3.0,3.5,3.25
Karachi,2026-07-27 08:00:00+00:00,3,21.19,94.8,63.52,0.07,45.41,0.41,0.0,0.01,32.1,62,4.68,8,0,27,7,3.0,3.0,4.0,4.0,3.0,3.333333333333333,3.208333333333333
Karachi,2026-07-27 09:00:00+00:00,3,20.49,94.19,63.17,0.06,45.6,0.42,0.0,0.01,31.7,64,4.77,9,0,27,7,3.0,3.0,4.0,4.0,3.0,3.1666666666666665,3.1666666666666665
Karachi,2026-07-27 10:00:00+00:00,3,19.75,92.35,63.1,0.06,45.86,0.42,0.0,0.01,31.6,64,4.79,10,0,27,7,3.0,3.0,3.0,3.0,3.0,3.0,3.125
Karachi,2026-07-27 11:00:00+00:00,3,19.02,89.68,63.15,0.05,45.88,0.42,0.0,0.01,31.4,65,4.81,11,0,27,7,3.0,3.0,3.0,3.0,3.0,3.0,3.125
Karachi,2026-07-27 12:00:00+00:00,3,18.47,87.77,63.27,0.05,45.71,0.43,0.0,0.01,31.3,64,4.64,12,0,27,7,3.0,3.0,3.0,3.0,3.0,3.0,3.125
Karachi,2026-07-27 13:00:00+00:00,3,18.29,86.37,63.64,0.06,45.63,0.43,0.0,0.01,30.4,68,4.69,13,0,27,7,3.0,3.0,3.0,3.0,3.0,3.0,3.125
Karachi,2026-07-27 14:00:00+00:00,3,18.45,86.45,63.88,0.08,45.29,0.44,0.0,0.0,29.5,73,4.7,14,0,27,7,3.0,3.0,3.0,3.0,3.0,3.0,3.125
Karachi,2026-07-27 15:00:00+00:00,3,18.9,88.0,64.01,0.09,44.64,0.45,0.0,0.0,29.1,77,4.65,15,0,27,7,3.0,3.0,3.0,3.0,3.0,3.0,3.125
Karachi,2026-07-27 16:00:00+00:00,3,19.59,90.98,64.26,0.09,43.72,0.47,0.0,0.0,28.6,80,4.4,16,0,27,7,3.0,3.0,3.0,3.0,3.0,3.0,3.125
Karachi,2026-07-27 17:00:00+00:00,3,20.43,94.18,64.43,0.1,42.74,0.5,0.0,0.0,28.4,82,4.32,17,0,27,7,3.0,3.0,3.0,3.0,3.0,3.0,3.125
Karachi,2026-07-27 18:00:00+00:00,3,21.28,96.91,64.98,0.1,41.93,0.53,0.0,0.0,28.7,79,4.18,18,0,27,7,3.0,3.0,3.0,3.0,3.0,3.0,3.125
Karachi,2026-07-27 19:00:00+00:00,4,22.04,100.21,65.86,0.11,41.68,0.53,0.0,0.0,28.4,79,3.9,19,0,27,7,3.0,3.0,3.0,3.0,3.0,3.0,3.125
Karachi,2026-07-27 20:00:00+00:00,4,22.97,105.48,66.95,0.11,41.77,0.52,0.0,0.0,28.3,79,3.72,20,0,27,7,4.0,3.0,3.0,3.0,3.333333333333333,3.1666666666666665,3.1666666666666665
Karachi,2026-07-27 21:00:00+00:00,4,24.16,112.13,67.4,0.11,41.62,0.53,0.0,0.0,28.0,81,4.0,21,0,27,7,4.0,3.0,3.0,3.0,3.6666666666666665,3.333333333333333,3.208333333333333
Karachi,2026-07-27 22:00:00+00:00,4,25.35,116.1,67.29,0.11,40.86,0.55,0.0,0.0,27.9,80,4.14,22,0,27,7,4.0,4.0,3.0,3.0,4.0,3.5,3.25
Karachi,2026-07-27 23:00:00+00:00,4,26.12,117.19,67.14,0.12,39.71,0.58,0.0,0.0,27.9,80,4.2,23,0,27,7,4.0,4.0,3.0,3.0,4.0,3.6666666666666665,3.2916666666666665
Karachi,2026-07-28 00:00:00+00:00,4,26.48,117.02,67.56,0.13,38.86,0.6,0.0,0.0,27.9,86,4.32,0,1,28,7,4.0,4.0,3.0,3.0,4.0,3.8333333333333335,3.333333333333333
Karachi,2026-07-28 01:00:00+00:00,4,26.69,119.3,68.74,0.13,38.82,0.61,0.0,0.0,27.7,87,4.03,1,1,28,7,4.0,4.0,4.0,4.0,4.0,4.0,3.375
Karachi,2026-07-28 02:00:00+00:00,4,26.82,121.26,70.46,0.13,39.24,0.61,0.0,0.0,28.1,84,4.07,2,1,28,7,4.0,4.0,4.0,4.0,4.0,4.0,3.375
Karachi,2026-07-28 03:00:00+00:00,4,26.74,121.17,72.12,0.13,39.68,0.61,0.0,0.01,29.0,78,4.24,3,1,28,7,4.0,4.0,4.0,4.0,4.0,4.0,3.375
Karachi,2026-07-28 04:00:00+00:00,4,26.66,121.62,73.44,0.11,40.2,0.6,0.0,0.02,30.1,71,4.4,4,1,28,7,4.0,4.0,4.0,3.0,4.0,4.0,3.375
Karachi,2026-07-28 05:00:00+00:00,4,26.61,122.29,74.16,0.1,40.75,0.6,0.0,0.02,30.9,66,4.63,5,1,28,7,4.0,4.0,4.0,3.0,4.0,4.0,3.4166666666666665
Karachi,2026-07-28 06:00:00+00:00,4,26.52,122.01,74.62,0.08,41.14,0.59,0.0,0.02,31.1,65,4.7,6,1,28,7,4.0,4.0,4.0,3.0,4.0,4.0,3.458333333333333
Karachi,2026-07-28 07:00:00+00:00,4,26.39,120.77,74.68,0.07,41.46,0.59,0.0,0.02,31.4,64,4.8,7,1,28,7,4.0,4.0,4.0,3.0,4.0,4.0,3.5
Karachi,2026-07-28 08:00:00+00:00,4,26.12,118.42,74.43,0.07,41.35,0.59,0.0,0.01,31.3,65,4.62,8,1,28,7,4.0,4.0,4.0,3.0,4.0,4.0,3.5416666666666665
Karachi,2026-07-28 09:00:00+00:00,4,25.72,115.61,73.86,0.06,40.99,0.59,0.0,0.01,31.7,63,4.88,9,1,28,7,4.0,4.0,4.0,3.0,4.0,4.0,3.583333333333333
Karachi,2026-07-28 10:00:00+00:00,4,25.3,113.15,73.57,0.06,40.67,0.6,0.0,0.01,31.8,62,4.94,10,1,28,7,4.0,4.0,4.0,3.0,4.0,4.0,3.625
Karachi,2026-07-28 11:00:00+00:00,4,24.97,110.81,73.4,0.06,40.38,0.61,0.0,0.01,31.1,68,4.89,11,1,28,7,4.0,4.0,4.0,3.0,4.0,4.0,3.6666666666666665
Karachi,2026-07-28 12:00:00+00:00,4,24.79,108.78,73.46,0.07,40.25,0.63,0.0,0.01,30.7,71,5.1,12,1,28,7,4.0,4.0,4.0,3.0,4.0,4.0,3.7083333333333335
Karachi,2026-07-28 13:00:00+00:00,4,24.82,107.7,74.15,0.08,40.47,0.65,0.0,0.01,29.7,76,5.28,13,1,28,7,4.0,4.0,4.0,3.0,4.0,4.0,3.75
Karachi,2026-07-28 14:00:00+00:00,4,24.85,107.12,75.13,0.11,41.04,0.65,0.0,0.0,28.9,81,4.7,14,1,28,7,4.0,4.0,4.0,3.0,4.0,4.0,3.7916666666666665
Karachi,2026-07-28 15:00:00+00:00,4,24.95,106.72,76.54,0.12,41.92,0.65,0.0,0.0,28.6,82,4.43,15,1,28,7,4.0,4.0,4.0,3.0,4.0,4.0,3.8333333333333335
Karachi,2026-07-28 16:00:00+00:00,4,25.07,106.24,77.5,0.12,42.59,0.65,0.0,0.0,28.8,79,3.89,16,1,28,7,4.0,4.0,4.0,3.0,4.0,4.0,3.875
Karachi,2026-07-28 17:00:00+00:00,4,25.11,105.53,78.01,0.12,42.96,0.65,0.0,0.0,28.6,82,3.38,17,1,28,7,4.0,4.0,4.0,3.0,4.0,4.0,3.9166666666666665
Karachi,2026-07-28 18:00:00+00:00,4,25.11,104.7,78.11,0.13,43.01,0.65,0.0,0.0,28.9,82,2.89,18,1,28,7,4.0,4.0,4.0,3.0,4.0,4.0,3.9583333333333335
Karachi,2026-07-28 19:00:00+00:00,4,25.08,104.42,77.75,0.13,42.73,0.65,0.0,0.0,28.6,85,3.16,19,1,28,7,4.0,4.0,4.0,4.0,4.0,4.0,4.0
Karachi,2026-07-28 20:00:00+00:00,4,25.27,105.54,77.39,0.13,42.47,0.65,0.0,0.0,28.3,87,3.33,20,1,28,7,4.0,4.0,4.0,4.0,4.0,4.0,4.0
Karachi,2026-07-28 21:00:00+00:00,4,25.63,108.02,77.15,0.13,42.3,0.66,0.0,0.0,28.2,86,3.44,21,1,28,7,4.0,4.0,4.0,4.0,4.0,4.0,4.0
Karachi,2026-07-28 22:00:00+00:00,4,26.09,111.23,77.25,0.13,42.31,0.66,0.0,0.0,27.7,91,3.58,22,1,28,7,4.0,4.0,4.0,4.0,4.0,4.0,4.0
Karachi,2026-07-28 23:00:00+00:00,4,26.48,113.56,77.26,0.13,42.35,0.66,0.0,0.0,27.7,92,3.56,23,1,28,7,4.0,4.0,4.0,4.0,4.0,4.0,4.0
Karachi,2026-07-29 00:00:00+00:00,4,26.68,114.51,77.37,0.13,42.34,0.67,0.0,0.0,28.0,91,3.31,0,2,29,7,4.0,4.0,4.0,4.0,4.0,4.0,4.0
Karachi,2026-07-29 01:00:00+00:00,4,26.66,115.0,77.5,0.13,42.56,0.67,0.0,0.0,28.0,91,3.45,1,2,29,7,4.0,4.0,4.0,4.0,4.0,4.0,4.0
Karachi,2026-07-29 02:00:00+00:00,4,26.54,116.29,77.74,0.13,43.15,0.66,0.0,0.0,28.4,87,4.19,2,2,29,7,4.0,4.0,4.0,4.0,4.0,4.0,4.0
Karachi,2026-07-29 03:00:00+00:00,4,26.36,118.27,78.25,0.12,44.01,0.65,0.0,0.0,29.3,81,4.59,3,2,29,7,4.0,4.0,4.0,4.0,4.0,4.0,4.0
Karachi,2026-07-29 04:00:00+00:00,4,26.07,119.44,78.53,0.11,44.65,0.64,0.0,0.01,30.4,75,4.6,4,2,29,7,4.0,4.0,4.0,4.0,4.0,4.0,4.0
Karachi,2026-07-29 05:00:00+00:00,4,25.7,119.07,78.73,0.09,45.1,0.63,0.0,0.01,31.8,66,4.42,5,2,29,7,4.0,4.0,4.0,4.0,4.0,4.0,4.0
Karachi,2026-07-29 06:00:00+00:00,4,25.34,118.18,78.99,0.07,45.24,0.62,0.0,0.01,32.2,64,4.46,6,2,29,7,4.0,4.0,4.0,4.0,4.0,4.0,4.0
Karachi,2026-07-29 07:00:00+00:00,4,25.12,117.52,79.32,0.06,45.1,0.62,0.0,0.01,32.8,61,4.14,7,2,29,7,4.0,4.0,4.0,4.0,4.0,4.0,4.0
Karachi,2026-07-29 08:00:00+00:00,4,25.07,117.69,79.56,0.06,44.61,0.62,0.0,0.01,33.2,59,4.14,8,2,29,7,4.0,4.0,4.0,4.0,4.0,4.0,4.0
Karachi,2026-07-29 09:00:00+00:00,4,25.12,118.05,79.65,0.06,43.93,0.63,0.0,0.01,32.5,64,4.52,9,2,29,7,4.0,4.0,4.0,4.0,4.0,4.0,4.0
Karachi,2026-07-29 10:00:00+00:00,4,25.25,118.75,80.13,0.06,43.52,0.65,0.0,0.01,31.6,68,5.03,10,2,29,7,4.0,4.0,4.0,4.0,4.0,4.0,4.0
Karachi,2026-07-29 11:00:00+00:00,4,25.35,119.1,80.61,0.06,43.56,0.65,0.0,0.01,31.0,71,4.75,11,2,29,7,4.0,4.0,4.0,4.0,4.0,4.0,4.0
Karachi,2026-07-29 12:00:00+00:00,4,25.46,118.87,81.35,0.07,43.82,0.66,0.0,0.01,31.0,72,4.15,12,2,29,7,4.0,4.0,4.0,4.0,4.0,4.0,4.0
Karachi,2026-07-29 13:00:00+00:00,4,25.54,118.05,82.41,0.09,44.19,0.66,0.0,0.01,29.9,77,3.97,13,2,29,7,4.0,4.0,4.0,4.0,4.0,4.0,4.0
Karachi,2026-07-29 14:00:00+00:00,4,25.48,116.32,83.41,0.11,44.23,0.65,0.0,0.0,28.9,83,3.92,14,2,29,7,4.0,4.0,4.0,4.0,4.0,4.0,4.0
Karachi,2026-07-29 15:00:00+00:00,4,25.47,114.59,84.7,0.12,44.07,0.65,0.0,0.0,28.4,85,3.23,15,2,29,7,4.0,4.0,4.0,4.0,4.0,4.0,4.0
Karachi,2026-07-29 16:00:00+00:00,4,25.54,113.7,85.95,0.12,43.88,0.64,0.0,0.0,28.6,84,2.96,16,2,29,7,4.0,4.0,4.0,4.0,4.0,4.0,4.0
Karachi,2026-07-29 17:00:00+00:00,4,25.79,113.23,87.43,0.12,43.74,0.65,0.0,0.0,28.6,83,2.4,17,2,29,7,4.0,4.0,4.0,4.0,4.0,4.0,4.0
Karachi,2026-07-29 18:00:00+00:00,4,26.14,112.98,88.91,0.13,43.65,0.65,0.0,0.0,28.8,84,2.48,18,2,29,7,4.0,4.0,4.0,4.0,4.0,4.0,4.0
Karachi,2026-07-29 19:00:00+00:00,4,26.46,113.16,90.38,0.13,43.67,0.65,0.0,0.0,28.4,87,2.7,19,2,29,7,4.0,4.0,4.0,4.0,4.0,4.0,4.0
Karachi,2026-07-29 20:00:00+00:00,4,26.65,113.34,91.69,0.13,43.76,0.65,0.0,0.0,28.4,87,2.5,20,2,29,7,4.0,4.0,4.0,4.0,4.0,4.0,4.0
Karachi,2026-07-29 21:00:00+00:00,4,26.86,114.25,92.83,0.13,43.88,0.63,0.0,0.0,28.1,89,2.46,21,2,29,7,4.0,4.0,4.0,4.0,4.0,4.0,4.0
Karachi,2026-07-29 22:00:00+00:00,4,27.22,116.46,93.79,0.13,43.98,0.62,0.0,0.0,28.0,90,2.69,22,2,29,7,4.0,4.0,4.0,4.0,4.0,4.0,4.0
Karachi,2026-07-29 23:00:00+00:00,4,27.71,118.52,94.6,0.13,43.74,0.62,0.0,0.0,27.8,90,2.93,23,2,29,7,4.0,4.0,4.0,4.0,4.0,4.0,4.0
Karachi,2026-07-30 00:00:00+00:00,4,28.18,119.95,94.95,0.14,43.25,0.64,0.0,0.0,28.0,91,2.47,0,3,30,7,4.0,4.0,4.0,4.0,4.0,4.0,4.0
Karachi,2026-07-30 01:00:00+00:00,4,28.68,121.83,95.42,0.14,42.81,0.65,0.0,0.0,27.9,91,2.5,1,3,30,7,4.0,4.0,4.0,4.0,4.0,4.0,4.0
Karachi,2026-07-30 02:00:00+00:00,4,29.11,124.67,95.63,0.15,42.51,0.65,0.0,0.0,28.4,88,2.4,2,3,30,7,4.0,4.0,4.0,4.0,4.0,4.0,4.0
Karachi,2026-07-30 03:00:00+00:00,4,29.5,127.89,95.73,0.15,42.51,0.64,0.0,0.01,29.4,81,2.55,3,3,30,7,4.0,4.0,4.0,4.0,4.0,4.0,4.0
Karachi,2026-07-30 04:00:00+00:00,4,29.69,129.46,95.26,0.13,42.72,0.63,0.0,0.02,30.9,73,2.53,4,3,30,7,4.0,4.0,4.0,4.0,4.0,4.0,4.0
Karachi,2026-07-30 05:00:00+00:00,4,29.74,129.43,94.59,0.1,43.02,0.62,0.0,0.02,32.1,67,2.37,5,3,30,7,4.0,4.0,4.0,4.0,4.0,4.0,4.0
Karachi,2026-07-30 06:00:00+00:00,4,29.61,127.98,93.58,0.09,43.43,0.61,0.0,0.02,32.1,68,2.76,6,3,30,7,4.0,4.0,4.0,4.0,4.0,4.0,4.0
Karachi,2026-07-30 07:00:00+00:00,4,29.31,125.9,92.28,0.08,43.78,0.6,0.0,0.02,32.8,66,2.94,7,3,30,7,4.0,4.0,4.0,4.0,4.0,4.0,4.0
Karachi,2026-07-30 08:00:00+00:00,4,28.97,123.7,90.79,0.07,43.96,0.59,0.0,0.01,32.9,66,3.12,8,3,30,7,4.0,4.0,4.0,4.0,4.0,4.0,4.0
Karachi,2026-07-30 09:00:00+00:00,4,28.64,121.17,89.04,0.06,43.88,0.59,0.0,0.01,32.9,67,3.58,9,3,30,7,4.0,4.0,4.0,4.0,4.0,4.0,4.0
Karachi,2026-07-30 10:00:00+00:00,4,28.32,118.87,87.18,0.06,43.79,0.59,0.0,0.01,32.3,69,3.6,10,3,30,7,4.0,4.0,4.0,4.0,4.0,4.0,4.0
Karachi,2026-07-30 11:00:00+00:00,4,27.96,116.73,85.18,0.06,43.82,0.59,0.0,0.01,31.8,70,3.4,11,3,30,7,4.0,4.0,4.0,4.0,4.0,4.0,4.0
Karachi,2026-07-30 12:00:00+00:00,4,27.64,115.52,83.45,0.07,43.96,0.6,0.0,0.01,31.4,72,3.76,12,3,30,7,4.0,4.0,4.0,4.0,4.0,4.0,4.0
Karachi,2026-07-30 13:00:00+00:00,4,27.51,115.67,82.38,0.09,44.39,0.61,0.0,0.01,30.4,77,3.67,13,3,30,7,4.0,4.0,4.0,4.0,4.0,4.0,4.0
Karachi,2026-07-30 14:00:00+00:00,4,27.37,115.81,81.94,0.11,44.75,0.62,0.0,0.0,29.7,81,2.97,14,3,30,7,4.0,4.0,4.0,4.0,4.0,4.0,4.0
Karachi,2026-07-30 15:00:00+00:00,4,27.37,116.68,82.13,0.12,45.39,0.63,0.0,0.0,29.2,84,2.65,15,3,30,7,4.0,4.0,4.0,4.0,4.0,4.0,4.0
Karachi,2026-07-30 16:00:00+00:00,4,27.49,118.13,82.7,0.12,46.15,0.63,0.0,0.0,29.1,84,2.3,16,3,30,7,4.0,4.0,4.0,4.0,4.0,4.0,4.0
Karachi,2026-07-30 17:00:00+00:00,4,27.76,118.44,83.31,0.12,46.81,0.64,0.0,0.0,29.2,83,2.51,17,3,30,7,4.0,4.0,4.0,4.0,4.0,4.0,4.0
Karachi,2026-07-30 18:00:00+00:00,4,28.3,118.6,84.09,0.13,47.12,0.65,0.0,0.0,29.4,84,2.35,18,3,30,7,4.0,4.0,4.0,4.0,4.0,4.0,4.0
Karachi,2026-07-30 19:00:00+00:00,4,28.97,119.49,84.72,0.13,47.14,0.66,0.0,0.0,28.8,87,2.11,19,3,30,7,4.0,4.0,4.0,4.0,4.0,4.0,4.0
Karachi,2026-07-30 20:00:00+00:00,4,29.54,119.98,85.48,0.13,46.99,0.67,0.0,0.0,28.5,88,1.6,20,3,30,7,4.0,4.0,4.0,4.0,4.0,4.0,4.0
Karachi,2026-07-30 21:00:00+00:00,4,29.88,119.76,86.0,0.14,46.68,0.66,0.0,0.0,28.2,91,1.56,21,3,30,7,4.0,4.0,4.0,4.0,4.0,4.0,4.0
Karachi,2026-07-30 22:00:00+00:00,4,30.18,120.23,86.41,0.14,46.57,0.65,0.0,0.0,28.0,92,2.26,22,3,30,7,4.0,4.0,4.0,4.0,4.0,4.0,4.0
Karachi,2026-07-30 23:00:00+00:00,4,30.44,121.57,86.37,0.14,46.27,0.64,0.0,0.0,27.8,93,2.52,23,3,30,7,4.0,4.0,4.0,4.0,4.0,4.0,4.0
Karachi,2026-07-31 00:00:00+00:00,4,30.71,122.97,85.9,0.14,45.58,0.64,0.0,0.0,28.2,91,2.16,0,4,31,7,4.0,4.0,4.0,4.0,4.0,4.0,4.0
Karachi,2026-07-31 01:00:00+00:00,4,30.94,124.49,85.07,0.15,44.8,0.64,0.0,0.0,27.9,93,1.75,1,4,31,7,4.0,4.0,4.0,4.0,4.0,4.0,4.0
Karachi,2026-07-31 02:00:00+00:00,4,31.03,125.76,84.06,0.15,43.91,0.64,0.0,0.0,28.3,90,1.45,2,4,31,7,4.0,4.0,4.0,4.0,4.0,4.0,4.0
Karachi,2026-07-31 03:00:00+00:00,4,30.89,126.49,82.73,0.15,43.11,0.63,0.0,0.01,29.4,82,1.76,3,4,31,7,4.0,4.0,4.0,4.0,4.0,4.0,4.0
Karachi,2026-07-31 04:00:00+00:00,4,30.53,126.34,81.14,0.14,42.27,0.63,0.0,0.02,30.8,74,2.04,4,4,31,7,4.0,4.0,4.0,4.0,4.0,4.0,4.0
Karachi,2026-07-31 05:00:00+00:00,4,30.19,125.86,79.65,0.12,41.55,0.62,0.0,0.02,31.8,70,2.02,5,4,31,7,4.0,4.0,4.0,4.0,4.0,4.0,4.0
Karachi,2026-07-31 06:00:00+00:00,4,29.87,125.29,78.21,0.1,40.93,0.61,0.0,0.02,33.0,64,2.55,6,4,31,7,4.0,4.0,4.0,4.0,4.0,4.0,4.0
Karachi,2026-07-31 07:00:00+00:00,4,29.58,124.68,76.98,0.09,40.16,0.6,0.0,0.02,33.2,64,3.03,7,4,31,7,4.0,4.0,4.0,4.0,4.0,4.0,4.0
Karachi,2026-07-31 08:00:00+00:00,4,29.28,123.44,75.52,0.08,39.21,0.59,0.0,0.02,33.2,64,3.4,8,4,31,7,4.0,4.0,4.0,4.0,4.0,4.0,4.0
Karachi,2026-07-31 09:00:00+00:00,4,29.01,122.02,74.13,0.08,38.34,0.58,0.0,0.02,33.3,63,3.23,9,4,31,7,4.0,4.0,4.0,4.0,4.0,4.0,4.0
Karachi,2026-07-31 10:00:00+00:00,4,28.78,121.16,73.08,0.08,37.76,0.58,0.0,0.02,33.0,65,3.29,10,4,31,7,4.0,4.0,4.0,4.0,4.0,4.0,4.0
Karachi,2026-07-31 11:00:00+00:00,4,28.45,120.07,72.11,0.08,37.47,0.58,0.0,0.02,32.2,70,3.47,11,4,31,7,4.0,4.0,4.0,4.0,4.0,4.0,4.0
Karachi,2026-07-31 12:00:00+00:00,4,27.96,118.97,71.36,0.09,37.4,0.59,0.0,0.01,31.9,72,3.23,12,4,31,7,4.0,4.0,4.0,4.0,4.0,4.0,4.0
Karachi,2026-07-31 13:00:00+00:00,4,27.6,119.05,71.36,0.11,37.66,0.59,0.0,0.01,31.0,76,3.0,13,4,31,7,4.0,4.0,4.0,4.0,4.0,4.0,4.0
Karachi,2026-07-31 14:00:00+00:00,4,27.63,120.69,71.65,0.13,37.99,0.61,0.0,0.0,30.2,82,2.7,14,4,31,7,4.0,4.0,4.0,4.0,4.0,4.0,4.0
Karachi,2026-07-31 15:00:00+00:00,4,28.21,123.23,72.29,0.14,38.35,0.63,0.0,0.0,29.7,86,2.55,15,4,31,7,4.0,4.0,4.0,4.0,4.0,4.0,4.0
Karachi,2026-07-31 16:00:00+00:00,4,29.21,126.29,72.73,0.14,38.64,0.64,0.0,0.0,29.6,87,2.08,16,4,31,7,4.0,4.0,4.0,4.0,4.0,4.0,4.0
Karachi,2026-07-31 17:00:00+00:00,4,30.29,129.28,73.34,0.14,39.05,0.64,0.0,0.0,29.5,87,1.1,17,4,31,7,4.0,4.0,4.0,4.0,4.0,4.0,4.0
Karachi,2026-07-31 18:00:00+00:00,4,31.31,132.05,73.95,0.14,39.66,0.62,0.0,0.0,29.5,86,1.28,18,4,31,7,4.0,4.0,4.0,4.0,4.0,4.0,4.0
Karachi,2026-07-31 19:00:00+00:00,4,32.12,135.12,74.31,0.14,40.14,0.6,0.0,0.0,29.2,87,1.33,19,4,31,7,4.0,4.0,4.0,4.0,4.0,4.0,4.0
Karachi,2026-07-31 20:00:00+00:00,4,32.77,137.86,74.31,0.14,40.34,0.59,0.0,0.0,29.1,87,0.7,20,4,31,7,4.0,4.0,4.0,4.0,4.0,4.0,4.0
Karachi,2026-07-31 21:00:00+00:00,4,33.02,138.79,73.99,0.14,40.09,0.58,0.0,0.0,28.9,88,0.6,21,4,31,7,4.0,4.0,4.0,4.0,4.0,4.0,4.0
Karachi,2026-07-31 22:00:00+00:00,4,32.86,138.04,73.5,0.14,39.76,0.58,0.0,0.0,28.7,90,1.18,22,4,31,7,4.0,4.0,4.0,4.0,4.0,4.0,4.0
Karachi,2026-07-31 23:00:00+00:00,4,32.35,136.13,73.05,0.14,39.34,0.59,0.0,0.0,28.3,93,2.06,23,4,31,7,4.0,4.0,4.0,4.0,4.0,4.0,4.0
Karachi,2026-08-01 00:00:00+00:00,4,31.66,133.37,72.45,0.14,38.64,0.6,0.0,0.0,28.9,90,1.5,0,5,1,8,4.0,4.0,4.0,4.0,4.0,4.0,4.0
Karachi,2026-08-01 01:00:00+00:00,4,30.96,130.45,71.77,0.14,37.81,0.62,0.0,0.0,28.8,91,1.59,1,5,1,8,4.0,4.0,4.0,4.0,4.0,4.0,4.0
Karachi,2026-08-01 02:00:00+00:00,4,30.19,126.63,71.2,0.15,36.64,0.64,0.0,0.0,29.2,88,1.77,2,5,1,8,4.0,4.0,4.0,4.0,4.0,4.0,4.0
Karachi,2026-08-01 03:00:00+00:00,4,29.32,123.04,70.5,0.16,35.7,0.65,0.0,0.0,30.1,83,1.57,3,5,1,8,4.0,4.0,4.0,4.0,4.0,4.0,4.0
Karachi,2026-08-01 04:00:00+00:00,4,28.47,120.23,69.92,0.16,34.96,0.65,0.0,0.0,31.0,77,1.46,4,5,1,8,4.0,4.0,4.0,4.0,4.0,4.0,4.0
Karachi,2026-08-01 05:00:00+00:00,4,27.66,118.06,69.39,0.16,34.36,0.65,0.0,0.01,32.3,72,1.74,5,5,1,8,4.0,4.0,4.0,4.0,4.0,4.0,4.0
Karachi,2026-08-01 06:00:00+00:00,4,26.94,116.18,68.71,0.15,33.83,0.66,0.0,0.01,32.2,71,3.13,6,5,1,8,4.0,4.0,4.0,4.0,4.0,4.0,4.0
Karachi,2026-08-01 07:00:00+00:00,4,26.32,114.62,67.94,0.14,33.4,0.68,0.0,0.01,32.4,69,3.59,7,5,1,8,4.0,4.0,4.0,4.0,4.0,4.0,4.0
Karachi,2026-08-01 08:00:00+00:00,4,25.84,113.64,67.55,0.14,33.35,0.69,0.0,0.01,32.6,66,3.82,8,5,1,8,4.0,4.0,4.0,4.0,4.0,4.0,4.0
Karachi,2026-08-01 09:00:00+00:00,4,25.62,113.64,67.43,0.13,33.66,0.7,0.0,0.01,32.5,66,4.38,9,5,1,8,4.0,4.0,4.0,4.0,4.0,4.0,4.0
Karachi,2026-08-01 10:00:00+00:00,4,25.51,113.85,67.64,0.12,34.23,0.7,0.0,0.01,32.3,67,4.42,10,5,1,8,4.0,4.0,4.0,4.0,4.0,4.0,4.0
Karachi,2026-08-01 11:00:00+00:00,4,25.46,113.8,67.99,0.12,34.79,0.69,0.0,0.01,31.1,73,4.54,11,5,1,8,4.0,4.0,4.0,4.0,4.0,4.0,4.0
Karachi,2026-08-01 12:00:00+00:00,4,25.59,114.26,68.23,0.13,35.2,0.68,0.0,0.01,30.8,72,4.14,12,5,1,8,4.0,4.0,4.0,4.0,4.0,4.0,4.0
Karachi,2026-08-01 13:00:00+00:00,4,25.97,115.71,68.72,0.13,35.31,0.67,0.0,0.0,30.1,75,3.84,13,5,1,8,4.0,4.0,4.0,4.0,4.0,4.0,4.0
Karachi,2026-08-01 14:00:00+00:00,4,26.4,117.67,68.51,0.14,34.97,0.67,0.0,0.0,29.5,78,3.34,14,5,1,8,4.0,4.0,4.0,4.0,4.0,4.0,4.0
Karachi,2026-08-01 15:00:00+00:00,4,26.86,120.13,68.18,0.14,34.39,0.67,0.0,0.0,29.2,79,3.3,15,5,1,8,4.0,4.0,4.0,4.0,4.0,4.0,4.0
Karachi,2026-08-01 16:00:00+00:00,4,27.19,122.8,67.94,0.14,33.98,0.67,0.0,0.0,29.0,80,3.2,16,5,1,8,4.0,4.0,4.0,4.0,4.0,4.0,4.0
Karachi,2026-08-01 17:00:00+00:00,4,27.41,125.4,67.82,0.14,33.77,0.66,0.0,0.0,28.8,81,3.38,17,5,1,8,4.0,4.0,4.0,4.0,4.0,4.0,4.0
Karachi,2026-08-01 18:00:00+00:00,4,27.49,126.89,67.66,0.14,33.45,0.66,0.0,0.0,29.0,77,3.21,18,5,1,8,4.0,4.0,4.0,4.0,4.0,4.0,4.0
Karachi,2026-08-01 19:00:00+00:00,4,27.35,126.35,67.15,0.15,32.8,0.66,0.0,0.0,28.9,78,2.97,19,5,1,8,4.0,4.0,4.0,4.0,4.0,4.0,4.0
Karachi,2026-08-01 20:00:00+00:00,4,27.06,124.9,66.83,0.15,32.38,0.66,0.0,0.0,28.7,79,2.94,20,5,1,8,4.0,4.0,4.0,4.0,4.0,4.0,4.0
Karachi,2026-08-01 21:00:00+00:00,4,26.88,124.08,66.73,0.15,32.22,0.66,0.0,0.0,28.6,80,2.5,21,5,1,8,4.0,4.0,4.0,4.0,4.0,4.0,4.0
Karachi,2026-08-01 22:00:00+00:00,4,26.82,124.12,66.96,0.15,32.47,0.66,0.0,0.0,28.5,80,2.9,22,5,1,8,4.0,4.0,4.0,4.0,4.0,4.0,4.0
Karachi,2026-08-01 23:00:00+00:00,4,26.65,123.25,67.55,0.14,33.24,0.65,0.0,0.0,28.5,80,3.18,23,5,1,8,4.0,4.0,4.0,4.0,4.0,4.0,4.0
Karachi,2026-08-02 00:00:00+00:00,4,26.39,120.52,68.26,0.14,33.92,0.64,0.0,0.0,28.5,80,3.07,0,6,2,8,4.0,4.0,4.0,4.0,4.0,4.0,4.0
Karachi,2026-08-02 01:00:00+00:00,4,25.81,112.01,68.81,0.14,34.23,0.62,0.0,0.0,28.3,81,3.18,1,6,2,8,4.0,4.0,4.0,4.0,4.0,4.0,4.0
Karachi,2026-08-02 02:00:00+00:00,4,25.09,104.77,68.9,0.14,34.23,0.59,0.0,0.0,28.2,82,3.13,2,6,2,8,4.0,4.0,4.0,4.0,4.0,4.0,4.0
Karachi,2026-08-02 03:00:00+00:00,4,24.57,102.13,68.73,0.14,34.08,0.56,0.0,0.0,28.4,81,2.97,3,6,2,8,4.0,4.0,4.0,4.0,4.0,4.0,4.0
Karachi,2026-08-02 04:00:00+00:00,4,24.3,104.85,68.56,0.13,34.07,0.54,0.0,0.0,28.6,79,3.22,4,6,2,8,4.0,4.0,4.0,4.0,4.0,4.0,4.0
Karachi,2026-08-02 05:00:00+00:00,4,24.34,109.48,68.51,0.13,33.94,0.54,0.0,0.01,29.2,76,3.13,5,6,2,8,4.0,4.0,4.0,4.0,4.0,4.0,4.0
Karachi,2026-08-02 06:00:00+00:00,4,24.29,112.01,68.66,0.12,34.07,0.54,0.0,0.01,28.9,74,2.91,6,6,2,8,4.0,4.0,4.0,4.0,4.0,4.0,4.0
Karachi,2026-08-02 07:00:00+00:00,4,24.03,112.81,69.0,0.11,34.73,0.53,0.0,0.01,28.9,75,3.38,7,6,2,8,4.0,4.0,4.0,4.0,4.0,4.0,4.0
Karachi,2026-08-02 08:00:00+00:00,4,23.72,112.73,69.33,0.1,35.46,0.51,0.0,0.01,29.0,75,3.4,8,6,2,8,4.0,4.0,4.0,4.0,4.0,4.0,4.0
Karachi,2026-08-02 09:00:00+00:00,4,23.45,111.8,69.28,0.1,35.54,0.51,0.0,0.01,29.2,74,3.49,9,6,2,8,4.0,4.0,4.0,4.0,4.0,4.0,4.0
Karachi,2026-08-02 10:00:00+00:00,4,23.21,109.89,68.6,0.1,34.81,0.53,0.0,0.01,29.3,73,4.16,10,6,2,8,4.0,4.0,4.0,4.0,4.0,4.0,4.0
Karachi,2026-08-02 11:00:00+00:00,4,22.96,107.7,67.86,0.11,33.91,0.55,0.0,0.01,29.3,71,3.38,11,6,2,8,4.0,4.0,4.0,4.0,4.0,4.0,4.0
Karachi,2026-08-02 12:00:00+00:00,4,22.74,106.08,67.62,0.12,33.78,0.56,0.0,0.0,29.6,71,3.49,12,6,2,8,4.0,4.0,4.0,4.0,4.0,4.0,4.0
Karachi,2026-08-02 13:00:00+00:00,4,22.56,106.21,68.22,0.14,34.63,0.55,0.0,0.0,29.2,72,3.29,13,6,2,8,4.0,4.0,4.0,4.0,4.0,4.0,4.0
Karachi,2026-08-02 14:00:00+00:00,4,22.48,106.93,68.67,0.15,35.57,0.54,0.0,0.0,28.7,77,3.05,14,6,2,8,4.0,4.0,4.0,4.0,4.0,4.0,4.0
Karachi,2026-08-02 15:00:00+00:00,4,22.64,108.82,68.45,0.15,35.57,0.54,0.0,0.0,28.5,79,2.9,15,6,2,8,4.0,4.0,4.0,4.0,4.0,4.0,4.0
Karachi,2026-08-02 16:00:00+00:00,4,23.05,111.91,67.75,0.15,35.06,0.54,0.0,0.0,28.5,79,3.05,16,6,2,8,4.0,4.0,4.0,4.0,4.0,4.0,4.0
Karachi,2026-08-02 17:00:00+00:00,4,23.49,115.45,67.33,0.15,34.58,0.54,0.0,0.0,28.3,80,3.45,17,6,2,8,4.0,4.0,4.0,4.0,4.0,4.0,4.0
Karachi,2026-08-02 18:00:00+00:00,4,23.79,117.92,67.14,0.15,34.36,0.54,0.0,0.0,28.2,81,3.05,18,6,2,8,4.0,4.0,4.0,4.0,4.0,4.0,4.0
Karachi,2026-08-02 19:00:00+00:00,4,23.84,118.42,67.23,0.15,34.55,0.54,0.0,0.0,27.9,83,3.23,19,6,2,8,4.0,4.0,4.0,4.0,4.0,4.0,4.0
Karachi,2026-08-02 20:00:00+00:00,4,23.58,116.61,67.55,0.15,35.04,0.52,0.0,0.0,27.5,84,3.06,20,6,2,8,4.0,4.0,4.0,4.0,4.0,4.0,4.0
Karachi,2026-08-02 21:00:00+00:00,4,23.63,115.87,67.95,0.14,35.62,0.52,0.0,0.0,27.3,85,2.6,21,6,2,8,4.0,4.0,4.0,4.0,4.0,4.0,4.0
Karachi,2026-08-02 22:00:00+00:00,4,23.99,116.31,68.44,0.14,36.38,0.51,0.0,0.0,27.2,86,2.64,22,6,2,8,4.0,4.0,4.0,4.0,4.0,4.0,4.0
Karachi,2026-08-02 23:00:00+00:00,4,24.11,115.1,68.9,0.13,37.22,0.5,0.0,0.0,27.3,85,2.48,23,6,2,8,4.0,4.0,4.0,4.0,4.0,4.0,4.0
Karachi,2026-08-03 00:00:00+00:00,4,24.31,114.53,69.51,0.12,38.13,0.49,0.0,0.0,28.1,82,3.14,0,0,3,8,4.0,4.0,4.0,4.0,4.0,4.0,4.0
Karachi,2026-08-03 01:00:00+00:00,4,24.42,114.38,70.17,0.12,39.32,0.48,0.0,0.0,27.9,83,3.18,1,0,3,8,4.0,4.0,4.0,4.0,4.0,4.0,4.0
Karachi,2026-08-03 02:00:00+00:00,4,24.31,113.82,70.91,0.11,40.54,0.46,0.0,0.0,28.1,82,3.59,2,0,3,8,4.0,4.0,4.0,4.0,4.0,4.0,4.0
Karachi,2026-08-03 03:00:00+00:00,4,24.02,112.81,71.47,0.12,41.66,0.45,0.0,0.0,28.4,79,3.55,3,0,3,8,4.0,4.0,4.0,4.0,4.0,4.0,4.0
Karachi,2026-08-03 04:00:00+00:00,4,23.56,110.99,71.64,0.12,42.29,0.45,0.0,0.0,28.6,78,3.53,4,0,3,8,4.0,4.0,4.0,4.0,4.0,4.0,4.0
Karachi,2026-08-03 05:00:00+00:00,4,22.97,108.53,71.81,0.11,42.68,0.46,0.0,0.0,29.2,74,3.75,5,0,3,8,4.0,4.0,4.0,4.0,4.0,4.0,4.0
Karachi,2026-08-03 06:00:00+00:00,4,22.15,104.88,72.16,0.1,43.0,0.46,0.0,0.01,30.2,69,3.96,6,0,3,8,4.0,4.0,4.0,4.0,4.0,4.0,4.0
Karachi,2026-08-03 07:00:00+00:00,4,21.56,102.41,72.76,0.09,43.28,0.46,0.0,0.01,30.0,70,4.24,7,0,3,8,4.0,4.0,4.0,4.0,4.0,4.0,4.0
Karachi,2026-08-03 08:00:00+00:00,4,21.05,100.34,73.49,0.08,43.42,0.46,0.0,0.01,30.8,68,4.28,8,0,3,8,4.0,4.0,4.0,4.0,4.0,4.0,4.0
Karachi,2026-08-03 09:00:00+00:00,3,20.73,99.02,74.2,0.08,43.48,0.46,0.0,0.01,31.0,68,4.34,9,0,3,8,4.0,4.0,4.0,4.0,4.0,4.0,4.0
Karachi,2026-08-03 10:00:00+00:00,3,20.93,99.83,74.9,0.07,43.33,0.46,0.0,0.01,30.8,67,4.35,10,0,3,8,3.0,4.0,4.0,4.0,3.6666666666666665,3.8333333333333335,3.9583333333333335
Karachi,2026-08-03 11:00:00+00:00,4,21.23,100.57,75.17,0.08,42.86,0.48,0.0,0.01,30.3,70,4.71,11,0,3,8,3.0,4.0,4.0,4.0,3.333333333333333,3.6666666666666665,3.9166666666666665
Karachi,2026-08-03 12:00:00+00:00,4,21.39,100.21,75.29,0.09,42.27,0.5,0.0,0.01,30.1,68,4.63,12,0,3,8,4.0,3.0,4.0,4.0,3.333333333333333,3.6666666666666665,3.9166666666666665
Karachi,2026-08-03 13:00:00+00:00,3,21.53,99.91,75.78,0.1,42.13,0.51,0.0,0.0,29.3,72,4.15,13,0,3,8,4.0,3.0,4.0,4.0,3.6666666666666665,3.6666666666666665,3.9166666666666665
Karachi,2026-08-03 14:00:00+00:00,3,21.46,98.87,76.72,0.11,42.52,0.51,0.0,0.0,28.8,74,3.87,14,0,3,8,3.0,4.0,4.0,4.0,3.6666666666666665,3.5,3.875
Karachi,2026-08-03 15:00:00+00:00,3,21.57,99.4,77.61,0.11,42.97,0.5,0.0,0.0,28.6,75,4.0,15,0,3,8,3.0,4.0,3.0,4.0,3.333333333333333,3.333333333333333,3.8333333333333335
Karachi,2026-08-03 16:00:00+00:00,3,21.88,98.89,78.42,0.11,43.28,0.5,0.0,0.0,28.4,77,4.03,16,0,3,8,3.0,3.0,3.0,4.0,3.0,3.333333333333333,3.7916666666666665
Karachi,2026-08-03 17:00:00+00:00,4,22.09,100.23,78.93,0.11,43.44,0.51,0.0,0.0,28.2,79,3.92,17,0,3,8,3.0,3.0,4.0,4.0,3.0,3.333333333333333,3.75
Karachi,2026-08-03 18:00:00+00:00,4,22.16,103.88,79.46,0.11,43.61,0.52,0.0,0.0,28.1,78,3.36,18,0,3,8,4.0,3.0,4.0,4.0,3.333333333333333,3.333333333333333,3.75
Karachi,2026-08-03 19:00:00+00:00,4,21.99,104.71,79.86,0.11,43.74,0.52,0.0,0.0,27.8,80,3.25,19,0,3,8,4.0,3.0,3.0,4.0,3.6666666666666665,3.333333333333333,3.75
Karachi,2026-08-03 20:00:00+00:00,4,21.64,104.0,80.54,0.11,44.04,0.52,0.0,0.0,27.6,82,3.28,20,0,3,8,4.0,4.0,3.0,4.0,4.0,3.5,3.75
Karachi,2026-08-03 21:00:00+00:00,4,21.25,102.63,81.35,0.11,44.43,0.5,0.0,0.0,27.5,82,3.21,21,0,3,8,4.0,4.0,3.0,4.0,4.0,3.6666666666666665,3.75
Karachi,2026-08-03 22:00:00+00:00,4,20.82,100.57,81.93,0.11,44.8,0.49,0.0,0.0,27.4,83,3.05,22,0,3,8,4.0,4.0,3.0,4.0,4.0,3.8333333333333335,3.75
Karachi,2026-08-03 23:00:00+00:00,3,20.74,99.41,82.36,0.1,45.1,0.48,0.0,0.0,27.4,83,2.78,23,0,3,8,4.0,4.0,4.0,4.0,4.0,4.0,3.75
Karachi,2026-08-04 00:00:00+00:00,3,20.77,97.84,82.5,0.1,45.3,0.47,0.0,0.0,28.0,81,2.75,0,1,4,8,3.0,4.0,4.0,4.0,3.6666666666666665,3.8333333333333335,3.7083333333333335
Karachi,2026-08-04 01:00:00+00:00,3,20.46,94.42,82.45,0.1,45.55,0.47,0.0,0.0,27.8,81,2.78,1,1,4,8,3.0,4.0,4.0,4.0,3.333333333333333,3.6666666666666665,3.6666666666666665
Karachi,2026-08-04 02:00:00+00:00,3,19.95,90.44,82.52,0.1,45.77,0.45,0.0,0.0,28.3,77,2.99,2,1,4,8,3.0,3.0,4.0,4.0,3.0,3.5,3.625
Karachi,2026-08-04 03:00:00+00:00,3,19.52,87.04,82.46,0.1,46.1,0.44,0.0,0.0,29.3,71,3.7,3,1,4,8,3.0,3.0,4.0,4.0,3.0,3.333333333333333,3.583333333333333
Karachi,2026-08-04 04:00:00+00:00,3,19.2,84.36,82.12,0.1,46.17,0.43,0.0,0.01,30.0,67,4.01,4,1,4,8,3.0,3.0,4.0,4.0,3.0,3.1666666666666665,3.5416666666666665
Karachi,2026-08-04 05:00:00+00:00,3,19.04,83.05,81.79,0.09,46.07,0.43,0.0,0.01,30.3,67,3.91,5,1,4,8,3.0,3.0,3.0,4.0,3.0,3.0,3.5
Karachi,2026-08-04 06:00:00+00:00,3,18.97,82.94,81.45,0.07,45.63,0.44,0.0,0.01,31.0,63,4.27,6,1,4,8,3.0,3.0,3.0,4.0,3.0,3.0,3.458333333333333
Karachi,2026-08-04 07:00:00+00:00,3,18.94,83.53,81.09,0.06,45.07,0.44,0.0,0.01,31.3,62,4.22,7,1,4,8,3.0,3.0,3.0,4.0,3.0,3.0,3.4166666666666665
Karachi,2026-08-04 08:00:00+00:00,3,19.01,84.85,80.98,0.06,44.36,0.45,0.0,0.01,31.4,62,4.14,8,1,4,8,3.0,3.0,3.0,4.0,3.0,3.0,3.375
Karachi,2026-08-04 09:00:00+00:00,3,19.33,87.18,80.81,0.06,43.65,0.45,0.0,0.01,31.3,63,3.93,9,1,4,8,3.0,3.0,3.0,3.0,3.0,3.0,3.333333333333333
Karachi,2026-08-04 10:00:00+00:00,3,19.91,90.7,80.78,0.06,43.03,0.46,0.0,0.01,31.2,63,3.83,10,1,4,8,3.0,3.0,3.0,3.0,3.0,3.0,3.333333333333333
Karachi,2026-08-04 11:00:00+00:00,3,20.56,94.39,80.85,0.06,42.44,0.47,0.0,0.01,30.6,66,3.8,11,1,4,8,3.0,3.0,3.0,4.0,3.0,3.0,3.333333333333333
Karachi,2026-08-04 12:00:00+00:00,3,21.16,97.7,80.77,0.07,42.19,0.48,0.0,0.01,30.5,67,3.62,12,1,4,8,3.0,3.0,3.0,4.0,3.0,3.0,3.2916666666666665
Karachi,2026-08-04 13:00:00+00:00,4,21.7,100.54,81.03,0.08,42.17,0.49,0.0,0.0,29.5,72,3.8,13,1,4,8,3.0,3.0,3.0,3.0,3.0,3.0,3.25
Karachi,2026-08-04 14:00:00+00:00,4,22.13,102.89,81.21,0.09,42.47,0.5,0.0,0.0,29.1,76,3.83,14,1,4,8,4.0,3.0,3.0,3.0,3.333333333333333,3.1666666666666665,3.2916666666666665
Karachi,2026-08-04 15:00:00+00:00,4,22.47,105.09,81.52,0.1,42.95,0.51,0.0,0.0,28.7,77,4.05,15,1,4,8,4.0,3.0,3.0,3.0,3.6666666666666665,3.333333333333333,3.333333333333333
Karachi,2026-08-04 16:00:00+00:00,4,22.65,106.66,81.92,0.1,43.68,0.51,0.0,0.0,28.4,78,3.43,16,1,4,8,4.0,4.0,3.0,3.0,4.0,3.5,3.375
Karachi,2026-08-04 17:00:00+00:00,4,22.67,107.28,82.21,0.1,44.43,0.52,0.0,0.0,28.2,79,3.45,17,1,4,8,4.0,4.0,3.0,4.0,4.0,3.6666666666666665,3.4166666666666665
Karachi,2026-08-04 18:00:00+00:00,4,22.56,106.98,82.24,0.1,44.85,0.53,0.0,0.0,28.4,80,3.24,18,1,4,8,4.0,4.0,3.0,4.0,4.0,3.8333333333333335,3.4166666666666665
Karachi,2026-08-04 19:00:00+00:00,4,22.46,106.35,81.93,0.1,44.75,0.55,0.0,0.0,28.1,83,3.36,19,1,4,8,4.0,4.0,4.0,4.0,4.0,4.0,3.4166666666666665
Karachi,2026-08-04 20:00:00+00:00,4,22.15,104.71,81.66,0.1,44.6,0.56,0.0,0.0,27.9,85,3.88,20,1,4,8,4.0,4.0,4.0,4.0,4.0,4.0,3.4166666666666665
Karachi,2026-08-04 21:00:00+00:00,4,21.71,102.68,81.71,0.11,44.73,0.55,0.0,0.0,27.7,86,3.84,21,1,4,8,4.0,4.0,4.0,4.0,4.0,4.0,3.4166666666666665
Karachi,2026-08-04 22:00:00+00:00,4,21.8,103.35,81.86,0.11,45.03,0.54,0.0,0.0,27.6,87,3.81,22,1,4,8,4.0,4.0,4.0,4.0,4.0,4.0,3.4166666666666665
Karachi,2026-08-04 23:00:00+00:00,4,21.92,103.89,81.74,0.11,45.18,0.53,0.0,0.0,27.5,87,3.71,23,1,4,8,4.0,4.0,4.0,3.0,4.0,4.0,3.4166666666666665
Karachi,2026-08-05 00:00:00+00:00,4,21.84,103.43,81.25,0.11,45.38,0.53,0.0,0.0,28.0,83,3.26,0,2,5,8,4.0,4.0,4.0,3.0,4.0,4.0,3.458333333333333
Karachi,2026-08-05 01:00:00+00:00,4,21.58,102.23,80.86,0.1,45.84,0.52,0.0,0.0,27.8,85,3.36,1,2,5,8,4.0,4.0,4.0,3.0,4.0,4.0,3.5
Karachi,2026-08-05 02:00:00+00:00,4,22.03,104.89,80.36,0.11,46.46,0.52,0.0,0.0,28.0,83,3.53,2,2,5,8,4.0,4.0,4.0,3.0,4.0,4.0,3.5416666666666665
Karachi,2026-08-05 03:00:00+00:00,4,22.86,109.68,79.64,0.11,46.96,0.52,0.0,0.0,29.0,77,3.89,3,2,5,8,4.0,4.0,4.0,3.0,4.0,4.0,3.583333333333333
Karachi,2026-08-05 04:00:00+00:00,4,23.12,111.75,78.74,0.1,47.47,0.51,0.0,0.01,30.1,70,3.83,4,2,5,8,4.0,4.0,4.0,3.0,4.0,4.0,3.625
Karachi,2026-08-05 05:00:00+00:00,4,22.89,110.85,77.91,0.08,48.02,0.5,0.0,0.01,31.2,64,4.15,5,2,5,8,4.0,4.0,4.0,3.0,4.0,4.0,3.6666666666666665
Karachi,2026-08-05 06:00:00+00:00,4,22.66,109.5,77.22,0.07,48.04,0.49,0.0,0.01,31.1,64,4.54,6,2,5,8,4.0,4.0,4.0,3.0,4.0,4.0,3.7083333333333335
Karachi,2026-08-05 07:00:00+00:00,4,22.62,109.11,76.47,0.06,47.33,0.49,0.0,0.01,31.3,63,4.63,7,2,5,8,4.0,4.0,4.0,3.0,4.0,4.0,3.75
Karachi,2026-08-05 08:00:00+00:00,4,22.71,109.77,75.6,0.06,45.92,0.5,0.0,0.01,31.5,61,4.63,8,2,5,8,4.0,4.0,4.0,3.0,4.0,4.0,3.7916666666666665
Karachi,2026-08-05 09:00:00+00:00,4,22.9,110.94,74.73,0.06,44.25,0.51,0.0,0.01,31.7,62,4.9,9,2,5,8,4.0,4.0,4.0,3.0,4.0,4.0,3.8333333333333335
Karachi,2026-08-05 10:00:00+00:00,4,23.2,112.45,73.95,0.06,42.5,0.52,0.0,0.01,31.4,63,4.97,10,2,5,8,4.0,4.0,4.0,3.0,4.0,4.0,3.875
Karachi,2026-08-05 11:00:00+00:00,4,23.55,113.35,72.73,0.07,40.65,0.55,0.0,0.01,31.0,66,5.13,11,2,5,8,4.0,4.0,4.0,3.0,4.0,4.0,3.9166666666666665
Karachi,2026-08-05 12:00:00+00:00,4,23.75,113.58,72.14,0.08,39.66,0.58,0.0,0.01,30.3,70,5.05,12,2,5,8,4.0,4.0,4.0,3.0,4.0,4.0,3.9583333333333335
Karachi,2026-08-05 13:00:00+00:00,4,23.92,114.38,72.94,0.09,39.98,0.58,0.0,0.01,29.5,74,5.13,13,2,5,8,4.0,4.0,4.0,4.0,4.0,4.0,4.0
Karachi,2026-08-05 14:00:00+00:00,4,24.13,115.98,74.22,0.1,41.05,0.59,0.0,0.0,28.7,78,4.85,14,2,5,8,4.0,4.0,4.0,4.0,4.0,4.0,4.0
Karachi,2026-08-05 15:00:00+00:00,4,24.3,117.3,75.21,0.11,41.94,0.59,0.0,0.0,28.3,80,4.44,15,2,5,8,4.0,4.0,4.0,4.0,4.0,4.0,4.0
Karachi,2026-08-05 16:00:00+00:00,4,24.13,116.4,75.62,0.11,42.18,0.6,0.0,0.0,28.4,80,3.88,16,2,5,8,4.0,4.0,4.0,4.0,4.0,4.0,4.0
Karachi,2026-08-05 17:00:00+00:00,4,23.7,113.52,75.75,0.12,42.16,0.61,0.0,0.0,28.4,80,3.62,17,2,5,8,4.0,4.0,4.0,4.0,4.0,4.0,4.0
Karachi,2026-08-05 18:00:00+00:00,4,23.27,110.39,75.76,0.12,41.99,0.6,0.0,0.0,28.5,81,4.09,18,2,5,8,4.0,4.0,4.0,4.0,4.0,4.0,4.0
Karachi,2026-08-05 19:00:00+00:00,4,23.04,108.14,75.49,0.12,41.63,0.6,0.0,0.0,28.1,83,3.83,19,2,5,8,4.0,4.0,4.0,4.0,4.0,4.0,4.0
Karachi,2026-08-05 20:00:00+00:00,4,23.06,107.22,75.31,0.12,41.18,0.61,0.0,0.0,27.8,85,3.5,20,2,5,8,4.0,4.0,4.0,4.0,4.0,4.0,4.0
Karachi,2026-08-05 21:00:00+00:00,4,23.17,107.27,75.04,0.12,40.87,0.61,0.0,0.0,27.8,86,3.3,21,2,5,8,4.0,4.0,4.0,4.0,4.0,4.0,4.0
Karachi,2026-08-05 22:00:00+00:00,4,23.24,107.9,74.91,0.12,40.94,0.6,0.0,0.0,27.6,87,3.6,22,2,5,8,4.0,4.0,4.0,4.0,4.0,4.0,4.0
Karachi,2026-08-05 23:00:00+00:00,4,23.27,108.74,74.74,0.12,40.99,0.6,0.0,0.0,27.5,88,3.85,23,2,5,8,4.0,4.0,4.0,4.0,4.0,4.0,4.0
Karachi,2026-08-06 00:00:00+00:00,4,23.29,109.27,74.4,0.12,40.97,0.61,0.0,0.0,27.5,87,3.84,0,3,6,8,4.0,4.0,4.0,4.0,4.0,4.0,4.0
Karachi,2026-08-06 01:00:00+00:00,4,23.27,108.24,73.86,0.12,40.84,0.61,0.0,0.0,27.4,88,3.75,1,3,6,8,4.0,4.0,4.0,4.0,4.0,4.0,4.0
Karachi,2026-08-06 02:00:00+00:00,4,23.21,106.01,73.26,0.13,40.72,0.61,0.0,0.0,27.8,85,4.43,2,3,6,8,4.0,4.0,4.0,4.0,4.0,4.0,4.0
Karachi,2026-08-06 03:00:00+00:00,4,23.11,104.21,72.78,0.12,40.83,0.61,0.0,0.01,28.7,79,4.59,3,3,6,8,4.0,4.0,4.0,4.0,4.0,4.0,4.0
Karachi,2026-08-06 04:00:00+00:00,4,22.93,104.25,72.4,0.11,41.28,0.6,0.0,0.01,29.6,73,4.74,4,3,6,8,4.0,4.0,4.0,4.0,4.0,4.0,4.0
Karachi,2026-08-06 05:00:00+00:00,4,22.66,105.05,72.36,0.09,41.61,0.61,0.0,0.02,30.0,71,4.74,5,3,6,8,4.0,4.0,4.0,4.0,4.0,4.0,4.0
Karachi,2026-08-06 06:00:00+00:00,4,22.43,105.6,72.48,0.08,41.91,0.61,0.0,0.02,30.4,70,4.91,6,3,6,8,4.0,4.0,4.0,4.0,4.0,4.0,4.0
Karachi,2026-08-06 07:00:00+00:00,4,22.28,105.73,72.6,0.07,41.8,0.61,0.0,0.01,30.9,68,4.98,7,3,6,8,4.0,4.0,4.0,4.0,4.0,4.0,4.0
Karachi,2026-08-06 08:00:00+00:00,4,22.27,105.67,72.18,0.07,41.29,0.61,0.0,0.01,30.9,69,5.04,8,3,6,8,4.0,4.0,4.0,4.0,4.0,4.0,4.0
Karachi,2026-08-06 09:00:00+00:00,4,22.33,105.36,71.88,0.06,40.68,0.62,0.0,0.01,30.6,70,5.19,9,3,6,8,4.0,4.0,4.0,4.0,4.0,4.0,4.0
Karachi,2026-08-06 10:00:00+00:00,4,22.39,104.66,72.14,0.06,40.54,0.62,0.0,0.01,30.5,71,5.24,10,3,6,8,4.0,4.0,4.0,4.0,4.0,4.0,4.0
Karachi,2026-08-06 11:00:00+00:00,4,22.39,104.08,73.15,0.07,40.96,0.62,0.0,0.01,30.4,71,5.41,11,3,6,8,4.0,4.0,4.0,4.0,4.0,4.0,4.0
Karachi,2026-08-06 12:00:00+00:00,4,22.52,104.54,74.5,0.08,41.83,0.62,0.0,0.01,30.1,72,4.97,12,3,6,8,4.0,4.0,4.0,4.0,4.0,4.0,4.0
Karachi,2026-08-06 13:00:00+00:00,4,22.89,106.56,75.4,0.09,42.7,0.63,0.0,0.01,29.4,73,4.74,13,3,6,8,4.0,4.0,4.0,4.0,4.0,4.0,4.0
Karachi,2026-08-06 14:00:00+00:00,4,23.44,109.34,75.2,0.1,43.0,0.64,0.0,0.0,28.8,77,4.64,14,3,6,8,4.0,4.0,4.0,4.0,4.0,4.0,4.0
Karachi,2026-08-06 15:00:00+00:00,4,23.99,111.94,74.48,0.11,42.73,0.65,0.0,0.0,28.5,78,4.35,15,3,6,8,4.0,4.0,4.0,4.0,4.0,4.0,4.0
Karachi,2026-08-06 16:00:00+00:00,4,24.22,112.76,73.94,0.11,42.16,0.66,0.0,0.0,28.2,79,4.49,16,3,6,8,4.0,4.0,4.0,4.0,4.0,4.0,4.0
Karachi,2026-08-06 17:00:00+00:00,4,24.25,112.51,73.81,0.12,41.58,0.66,0.0,0.0,27.8,85,4.18,17,3,6,8,4.0,4.0,4.0,4.0,4.0,4.0,4.0
Karachi,2026-08-06 18:00:00+00:00,4,24.08,111.69,73.3,0.12,40.83,0.66,0.0,0.0,27.9,84,3.85,18,3,6,8,4.0,4.0,4.0,4.0,4.0,4.0,4.0
Karachi,2026-08-06 19:00:00+00:00,4,23.71,110.56,72.34,0.12,39.86,0.65,0.0,0.0,27.6,85,3.62,19,3,6,8,4.0,4.0,4.0,4.0,4.0,4.0,4.0
Karachi,2026-08-06 20:00:00+00:00,4,23.33,109.3,71.23,0.12,38.97,0.64,0.0,0.0,27.5,86,3.29,20,3,6,8,4.0,4.0,4.0,4.0,4.0,4.0,4.0
Karachi,2026-08-06 21:00:00+00:00,4,23.22,108.84,70.42,0.13,38.23,0.64,0.0,0.0,27.3,87,2.82,21,3,6,8,4.0,4.0,4.0,4.0,4.0,4.0,4.0
Karachi,2026-08-06 22:00:00+00:00,4,23.26,108.52,70.03,0.13,38.02,0.63,0.0,0.0,27.4,85,3.51,22,3,6,8,4.0,4.0,4.0,4.0,4.0,4.0,4.0
Karachi,2026-08-06 23:00:00+00:00,4,23.22,107.18,69.72,0.13,37.76,0.63,0.0,0.0,27.3,85,3.67,23,3,6,8,4.0,4.0,4.0,4.0,4.0,4.0,4.0
Karachi,2026-08-07 00:00:00+00:00,4,23.05,104.92,69.04,0.13,37.22,0.64,0.0,0.0,27.5,84,3.35,0,4,7,8,4.0,4.0,4.0,4.0,4.0,4.0,4.0
Karachi,2026-08-07 01:00:00+00:00,4,22.61,100.62,68.74,0.13,36.95,0.63,0.0,0.0,27.4,85,3.12,1,4,7,8,4.0,4.0,4.0,4.0,4.0,4.0,4.0
Karachi,2026-08-07 02:00:00+00:00,3,22.08,96.59,68.37,0.13,36.78,0.62,0.0,0.0,27.9,83,3.14,2,4,7,8,4.0,4.0,4.0,4.0,4.0,4.0,4.0
Karachi,2026-08-07 03:00:00+00:00,3,21.68,94.6,68.18,0.12,36.54,0.61,0.0,0.01,28.8,77,3.94,3,4,7,8,3.0,4.0,4.0,4.0,3.6666666666666665,3.8333333333333335,3.9583333333333335
Karachi,2026-08-07 04:00:00+00:00,3,21.3,94.26,67.87,0.11,36.18,0.6,0.0,0.01,29.5,72,4.11,4,4,7,8,3.0,4.0,4.0,4.0,3.333333333333333,3.6666666666666665,3.9166666666666665
Karachi,2026-08-07 05:00:00+00:00,3,20.95,94.18,67.97,0.1,35.94,0.59,0.0,0.02,30.5,67,4.16,5,4,7,8,3.0,3.0,4.0,4.0,3.0,3.5,3.875
Karachi,2026-08-07 06:00:00+00:00,3,20.54,92.66,68.17,0.09,35.67,0.57,0.0,0.02,30.7,65,4.48,6,4,7,8,3.0,3.0,4.0,4.0,3.0,3.333333333333333,3.8333333333333335
Karachi,2026-08-07 07:00:00+00:00,3,20.09,92.3,68.62,0.07,35.4,0.56,0.0,0.02,30.9,65,4.24,7,4,7,8,3.0,3.0,4.0,4.0,3.0,3.1666666666666665,3.7916666666666665
Karachi,2026-08-07 08:00:00+00:00,3,19.74,91.79,69.05,0.07,35.19,0.55,0.0,0.01,31.7,61,4.27,8,4,7,8,3.0,3.0,3.0,4.0,3.0,3.0,3.75
Karachi,2026-08-07 09:00:00+00:00,3,19.57,91.08,69.12,0.06,34.89,0.53,0.0,0.01,31.1,65,4.65,9,4,7,8,3.0,3.0,3.0,4.0,3.0,3.0,3.7083333333333335
Karachi,2026-08-07 10:00:00+00:00,3,19.52,90.31,69.26,0.06,34.66,0.52,0.0,0.01,30.2,70,4.57,10,4,7,8,3.0,3.0,3.0,4.0,3.0,3.0,3.6666666666666665
Karachi,2026-08-07 11:00:00+00:00,3,19.44,89.47,69.14,0.06,34.44,0.51,0.0,0.01,30.3,68,4.49,11,4,7,8,3.0,3.0,3.0,4.0,3.0,3.0,3.625
Karachi,2026-08-07 12:00:00+00:00,3,19.35,88.63,69.16,0.07,34.34,0.51,0.0,0.01,30.0,69,4.24,12,4,7,8,3.0,3.0,3.0,4.0,3.0,3.0,3.583333333333333
Karachi,2026-08-07 13:00:00+00:00,3,19.35,88.43,69.41,0.08,34.46,0.51,0.0,0.01,29.2,72,3.59,13,4,7,8,3.0,3.0,3.0,4.0,3.0,3.0,3.5416666666666665
Karachi,2026-08-07 14:00:00+00:00,3,19.47,89.54,69.63,0.09,34.55,0.51,0.0,0.0,28.7,74,3.73,14,4,7,8,3.0,3.0,3.0,4.0,3.0,3.0,3.5
Karachi,2026-08-07 15:00:00+00:00,3,19.8,92.14,69.85,0.1,34.51,0.51,0.0,0.0,28.4,77,4.03,15,4,7,8,3.0,3.0,3.0,4.0,3.0,3.0,3.458333333333333
Karachi,2026-08-07 16:00:00+00:00,3,20.2,95.23,69.91,0.1,34.39,0.52,0.0,0.0,28.1,79,3.37,16,4,7,8,3.0,3.0,3.0,4.0,3.0,3.0,3.4166666666666665
Karachi,2026-08-07 17:00:00+00:00,3,20.59,98.39,69.89,0.11,34.3,0.52,0.0,0.0,27.8,81,3.58,17,4,7,8,3.0,3.0,3.0,4.0,3.0,3.0,3.375
Karachi,2026-08-07 18:00:00+00:00,4,20.83,100.57,69.81,0.11,34.19,0.51,0.0,0.0,28.1,81,3.32,18,4,7,8,3.0,3.0,3.0,4.0,3.0,3.0,3.333333333333333
Karachi,2026-08-07 19:00:00+00:00,3,20.79,99.15,69.45,0.11,34.06,0.5,0.0,0.0,28.0,81,3.07,19,4,7,8,4.0,3.0,3.0,4.0,3.333333333333333,3.1666666666666665,3.333333333333333
Karachi,2026-08-07 20:00:00+00:00,3,20.76,97.55,69.17,0.11,34.13,0.49,0.0,0.0,27.9,81,3.19,20,4,7,8,3.0,3.0,3.0,4.0,3.333333333333333,3.1666666666666665,3.2916666666666665
Karachi,2026-08-07 21:00:00+00:00,3,20.89,97.22,68.91,0.11,34.17,0.48,0.0,0.0,27.7,83,3.44,21,4,7,8,3.0,4.0,3.0,4.0,3.333333333333333,3.1666666666666665,3.25
Karachi,2026-08-07 22:00:00+00:00,3,21.06,97.18,68.68,0.11,34.28,0.47,0.0,0.0,27.5,84,3.32,22,4,7,8,3.0,3.0,3.0,4.0,3.0,3.1666666666666665,3.208333333333333
Karachi,2026-08-07 23:00:00+00:00,3,21.04,95.66,68.56,0.11,34.5,0.47,0.0,0.0,27.3,85,2.99,23,4,7,8,3.0,3.0,3.0,4.0,3.0,3.1666666666666665,3.1666666666666665
Karachi,2026-08-08 00:00:00+00:00,3,20.95,92.51,68.56,0.11,34.89,0.46,0.0,0.0,27.3,86,2.99,0,5,8,8,3.0,3.0,4.0,4.0,3.0,3.1666666666666665,3.125
Karachi,2026-08-08 01:00:00+00:00,3,20.66,91.2,68.8,0.11,35.44,0.45,0.0,0.0,27.0,87,2.66,1,5,8,8,3.0,3.0,3.0,4.0,3.0,3.0,3.083333333333333
Karachi,2026-08-08 02:00:00+00:00,3,20.43,90.27,68.9,0.11,35.79,0.45,0.0,0.0,27.5,84,2.93,2,5,8,8,3.0,3.0,3.0,3.0,3.0,3.0,3.0416666666666665
Karachi,2026-08-08 03:00:00+00:00,3,20.16,88.37,68.67,0.12,36.01,0.45,0.0,0.0,28.3,79,3.4,3,5,8,8,3.0,3.0,3.0,3.0,3.0,3.0,3.0416666666666665
Karachi,2026-08-08 04:00:00+00:00,3,19.59,84.75,68.4,0.12,36.13,0.45,0.0,0.0,29.2,73,3.64,4,5,8,8,3.0,3.0,3.0,3.0,3.0,3.0,3.0416666666666665
Karachi,2026-08-08 05:00:00+00:00,3,18.91,80.7,68.11,0.11,36.17,0.45,0.0,0.01,30.2,67,3.85,5,5,8,8,3.0,3.0,3.0,3.0,3.0,3.0,3.0416666666666665
Karachi,2026-08-08 06:00:00+00:00,3,18.17,76.77,67.85,0.1,36.21,0.45,0.0,0.01,30.3,67,4.06,6,5,8,8,3.0,3.0,3.0,3.0,3.0,3.0,3.0416666666666665
Karachi,2026-08-08 07:00:00+00:00,3,17.44,74.01,67.56,0.09,36.39,0.45,0.0,0.01,29.9,70,4.29,7,5,8,8,3.0,3.0,3.0,3.0,3.0,3.0,3.0416666666666665
Karachi,2026-08-08 08:00:00+00:00,3,16.95,73.22,67.83,0.08,36.78,0.44,0.0,0.01,30.8,66,4.17,8,5,8,8,3.0,3.0,3.0,3.0,3.0,3.0,3.0416666666666665
Karachi,2026-08-08 09:00:00+00:00,3,16.96,74.81,68.05,0.08,37.05,0.43,0.0,0.01,30.9,65,4.0,9,5,8,8,3.0,3.0,3.0,3.0,3.0,3.0,3.0416666666666665
Karachi,2026-08-08 10:00:00+00:00,3,17.26,76.56,68.35,0.08,37.33,0.43,0.0,0.01,30.5,66,3.68,10,5,8,8,3.0,3.0,3.0,3.0,3.0,3.0,3.0416666666666665
Karachi,2026-08-08 11:00:00+00:00,3,17.38,75.21,68.82,0.08,37.54,0.41,0.0,0.01,30.6,64,3.23,11,5,8,8,3.0,3.0,3.0,3.0,3.0,3.0,3.0416666666666665
Karachi,2026-08-08 12:00:00+00:00,3,17.32,74.0,69.38,0.08,37.81,0.4,0.0,0.01,30.6,65,3.26,12,5,8,8,3.0,3.0,3.0,3.0,3.0,3.0,3.0416666666666665
Karachi,2026-08-08 13:00:00+00:00,3,17.34,74.62,70.08,0.09,38.13,0.4,0.0,0.01,29.7,68,3.25,13,5,8,8,3.0,3.0,3.0,3.0,3.0,3.0,3.0416666666666665
Karachi,2026-08-08 14:00:00+00:00,3,17.36,75.36,70.55,0.1,38.19,0.4,0.0,0.0,29.0,72,3.36,14,5,8,8,3.0,3.0,3.0,3.0,3.0,3.0,3.0416666666666665
Karachi,2026-08-08 15:00:00+00:00,3,17.4,74.47,70.64,0.1,37.97,0.4,0.0,0.0,28.4,77,3.29,15,5,8,8,3.0,3.0,3.0,3.0,3.0,3.0,3.0416666666666665
Karachi,2026-08-08 16:00:00+00:00,3,17.34,72.14,70.42,0.1,37.58,0.4,0.0,0.0,28.2,79,3.18,16,5,8,8,3.0,3.0,3.0,3.0,3.0,3.0,3.0416666666666665
Karachi,2026-08-08 17:00:00+00:00,3,17.14,68.81,70.43,0.1,37.33,0.4,0.0,0.0,28.0,80,3.19,17,5,8,8,3.0,3.0,3.0,3.0,3.0,3.0,3.0416666666666665
Karachi,2026-08-08 18:00:00+00:00,3,16.86,67.05,70.36,0.1,37.31,0.39,0.0,0.0,27.9,80,2.93,18,5,8,8,3.0,3.0,3.0,4.0,3.0,3.0,3.0416666666666665
Karachi,2026-08-08 19:00:00+00:00,3,16.7,65.45,70.15,0.1,37.25,0.38,0.0,0.0,27.6,82,2.76,19,5,8,8,3.0,3.0,3.0,3.0,3.0,3.0,3.0
Karachi,2026-08-08 20:00:00+00:00,3,16.82,64.05,70.19,0.11,37.32,0.37,0.0,0.0,27.4,83,2.71,20,5,8,8,3.0,3.0,3.0,3.0,3.0,3.0,3.0
Karachi,2026-08-08 21:00:00+00:00,3,17.12,63.64,70.17,0.11,37.51,0.36,0.0,0.0,27.2,84,2.4,21,5,8,8,3.0,3.0,3.0,3.0,3.0,3.0,3.0
Karachi,2026-08-08 22:00:00+00:00,3,17.58,64.8,70.31,0.11,37.68,0.34,0.0,0.0,27.0,85,2.1,22,5,8,8,3.0,3.0,3.0,3.0,3.0,3.0,3.0
Karachi,2026-08-08 23:00:00+00:00,3,18.35,68.04,70.34,0.11,37.79,0.34,0.0,0.0,26.7,87,2.35,23,5,8,8,3.0,3.0,3.0,3.0,3.0,3.0,3.0
Karachi,2026-08-09 00:00:00+00:00,3,19.28,72.0,70.42,0.11,37.82,0.34,0.0,0.0,27.1,84,2.35,0,6,9,8,3.0,3.0,3.0,3.0,3.0,3.0,3.0
Karachi,2026-08-09 01:00:00+00:00,3,19.95,74.12,70.49,0.1,37.98,0.34,0.0,0.0,27.0,85,2.21,1,6,9,8,3.0,3.0,3.0,3.0,3.0,3.0,3.0
Karachi,2026-08-09 02:00:00+00:00,3,20.21,74.18,70.74,0.11,38.34,0.33,0.0,0.0,27.5,83,2.47,2,6,9,8,3.0,3.0,3.0,3.0,3.0,3.0,3.0
Karachi,2026-08-09 03:00:00+00:00,3,20.25,73.32,71.0,0.11,38.95,0.32,0.0,0.01,28.5,77,2.96,3,6,9,8,3.0,3.0,3.0,3.0,3.0,3.0,3.0
Karachi,2026-08-09 04:00:00+00:00,3,20.33,74.07,71.18,0.09,39.71,0.31,0.0,0.01,29.6,71,2.9,4,6,9,8,3.0,3.0,3.0,3.0,3.0,3.0,3.0
Karachi,2026-08-09 05:00:00+00:00,3,20.31,74.37,71.56,0.08,40.65,0.31,0.0,0.01,30.8,65,2.82,5,6,9,8,3.0,3.0,3.0,3.0,3.0,3.0,3.0
Karachi,2026-08-09 06:00:00+00:00,3,20.01,72.13,72.02,0.06,41.55,0.3,0.0,0.01,31.1,64,2.89,6,6,9,8,3.0,3.0,3.0,3.0,3.0,3.0,3.0
Karachi,2026-08-09 07:00:00+00:00,3,19.57,70.84,72.53,0.05,42.07,0.29,0.0,0.01,30.7,67,3.47,7,6,9,8,3.0,3.0,3.0,3.0,3.0,3.0,3.0
Karachi,2026-08-09 08:00:00+00:00,3,19.11,70.5,72.9,0.05,42.17,0.28,0.0,0.01,30.7,68,4.03,8,6,9,8,3.0,3.0,3.0,3.0,3.0,3.0,3.0
Karachi,2026-08-09 09:00:00+00:00,3,18.65,70.23,72.81,0.05,41.72,0.29,0.0,0.01,31.0,67,4.17,9,6,9,8,3.0,3.0,3.0,3.0,3.0,3.0,3.0
Karachi,2026-08-09 10:00:00+00:00,3,18.23,69.44,72.61,0.04,40.89,0.29,0.0,0.01,30.6,68,4.43,10,6,9,8,3.0,3.0,3.0,3.0,3.0,3.0,3.0
Karachi,2026-08-09 11:00:00+00:00,3,17.93,68.9,72.13,0.05,39.8,0.3,0.0,0.01,30.2,69,4.39,11,6,9,8,3.0,3.0,3.0,3.0,3.0,3.0,3.0
Karachi,2026-08-09 12:00:00+00:00,3,17.81,69.0,71.56,0.05,38.81,0.32,0.0,0.01,30.1,68,4.4,12,6,9,8,3.0,3.0,3.0,3.0,3.0,3.0,3.0
Karachi,2026-08-09 13:00:00+00:00,3,17.88,69.37,71.07,0.06,38.2,0.34,0.0,0.01,29.1,73,3.89,13,6,9,8,3.0,3.0,3.0,3.0,3.0,3.0,3.0
Karachi,2026-08-09 14:00:00+00:00,3,17.88,69.2,70.92,0.08,37.85,0.35,0.0,0.0,28.6,75,3.47,14,6,9,8,3.0,3.0,3.0,3.0,3.0,3.0,3.0
Karachi,2026-08-09 15:00:00+00:00,3,17.79,68.47,71.09,0.08,37.83,0.35,0.0,0.0,28.3,77,3.09,15,6,9,8,3.0,3.0,3.0,3.0,3.0,3.0,3.0
Karachi,2026-08-09 16:00:00+00:00,3,17.64,67.44,71.32,0.08,37.97,0.35,0.0,0.0,28.2,78,3.59,16,6,9,8,3.0,3.0,3.0,3.0,3.0,3.0,3.0
Karachi,2026-08-09 17:00:00+00:00,3,17.45,66.46,71.73,0.08,38.26,0.35,0.0,0.0,28.0,79,3.48,17,6,9,8,3.0,3.0,3.0,3.0,3.0,3.0,3.0
Karachi,2026-08-09 18:00:00+00:00,3,17.23,66.23,72.23,0.08,38.71,0.35,0.0,0.0,28.2,78,3.97,18,6,9,8,3.0,3.0,3.0,3.0,3.0,3.0,3.0
Karachi,2026-08-09 19:00:00+00:00,3,17.05,66.81,72.77,0.08,39.21,0.35,0.0,0.0,27.8,80,4.2,19,6,9,8,3.0,3.0,3.0,3.0,3.0,3.0,3.0
Karachi,2026-08-09 20:00:00+00:00,3,17.12,68.9,73.28,0.08,39.71,0.35,0.0,0.0,27.5,83,3.54,20,6,9,8,3.0,3.0,3.0,3.0,3.0,3.0,3.0
Karachi,2026-08-09 21:00:00+00:00,3,17.48,72.35,73.64,0.08,40.07,0.36,0.0,0.0,27.3,84,2.71,21,6,9,8,3.0,3.0,3.0,3.0,3.0,3.0,3.0
Karachi,2026-08-09 22:00:00+00:00,3,17.99,75.2,74.1,0.08,40.31,0.36,0.0,0.0,27.1,86,2.6,22,6,9,8,3.0,3.0,3.0,3.0,3.0,3.0,3.0
Karachi,2026-08-09 23:00:00+00:00,3,18.29,75.39,73.92,0.09,40.18,0.36,0.0,0.0,27.0,86,3.1,23,6,9,8,3.0,3.0,3.0,3.0,3.0,3.0,3.0
Karachi,2026-08-10 00:00:00+00:00,3,18.24,73.02,73.57,0.09,39.65,0.35,0.0,0.0,27.3,84,3.59,0,0,10,8,3.0,3.0,3.0,3.0,3.0,3.0,3.0
Karachi,2026-08-10 01:00:00+00:00,3,17.81,67.83,72.91,0.09,38.93,0.34,0.0,0.0,27.2,85,3.2,1,0,10,8,3.0,3.0,3.0,3.0,3.0,3.0,3.0
Karachi,2026-08-10 02:00:00+00:00,3,17.17,61.57,72.31,0.1,38.12,0.35,0.0,0.0,27.6,83,3.62,2,0,10,8,3.0,3.0,3.0,3.0,3.0,3.0,3.0
Karachi,2026-08-10 03:00:00+00:00,3,16.4,56.02,71.76,0.1,37.58,0.34,0.0,0.01,28.5,78,3.78,3,0,10,8,3.0,3.0,3.0,3.0,3.0,3.0,3.0
Karachi,2026-08-10 04:00:00+00:00,3,15.67,52.85,71.43,0.09,37.49,0.33,0.0,0.01,29.6,71,4.45,4,0,10,8,3.0,3.0,3.0,3.0,3.0,3.0,3.0
Karachi,2026-08-10 05:00:00+00:00,3,15.18,52.1,71.17,0.07,37.62,0.33,0.0,0.01,30.7,64,4.69,5,0,10,8,3.0,3.0,3.0,3.0,3.0,3.0,3.0
Karachi,2026-08-10 06:00:00+00:00,3,14.85,52.07,70.74,0.06,37.71,0.32,0.0,0.01,30.6,66,5.25,6,0,10,8,3.0,3.0,3.0,3.0,3.0,3.0,3.0
Karachi,2026-08-10 07:00:00+00:00,3,14.57,51.89,70.56,0.05,37.63,0.31,0.0,0.01,31.1,64,5.24,7,0,10,8,3.0,3.0,3.0,3.0,3.0,3.0,3.0
Karachi,2026-08-10 08:00:00+00:00,3,14.19,50.79,70.38,0.05,37.51,0.31,0.0,0.01,30.8,65,5.15,8,0,10,8,3.0,3.0,3.0,3.0,3.0,3.0,3.0
Karachi,2026-08-10 09:00:00+00:00,2,13.73,49.25,70.38,0.05,37.49,0.31,0.0,0.01,30.6,67,5.23,9,0,10,8,3.0,3.0,3.0,3.0,3.0,3.0,3.0
Karachi,2026-08-10 10:00:00+00:00,2,13.38,48.78,70.41,0.05,37.55,0.31,0.0,0.01,30.0,70,5.41,10,0,10,8,2.0,3.0,3.0,3.0,2.6666666666666665,2.833333333333333,2.958333333333333
Karachi,2026-08-10 11:00:00+00:00,3,13.4,50.41,69.92,0.05,37.23,0.34,0.0,0.01,29.6,73,5.43,11,0,10,8,2.0,3.0,3.0,3.0,2.333333333333333,2.6666666666666665,2.9166666666666665
Karachi,2026-08-10 12:00:00+00:00,3,13.73,53.36,69.2,0.05,36.82,0.37,0.0,0.01,29.5,70,5.61,12,0,10,8,3.0,2.0,3.0,3.0,2.333333333333333,2.6666666666666665,2.9166666666666665
Karachi,2026-08-10 13:00:00+00:00,3,14.2,56.45,68.62,0.06,36.7,0.39,0.0,0.01,28.5,74,5.58,13,0,10,8,3.0,2.0,3.0,3.0,2.6666666666666665,2.6666666666666665,2.9166666666666665
Karachi,2026-08-10 14:00:00+00:00,3,14.49,58.1,68.64,0.08,36.99,0.4,0.0,0.0,27.8,77,5.05,14,0,10,8,3.0,3.0,3.0,3.0,3.0,2.6666666666666665,2.9166666666666665
Karachi,2026-08-10 15:00:00+00:00,3,14.58,58.73,69.23,0.08,37.65,0.4,0.0,0.0,27.7,77,4.75,15,0,10,8,3.0,3.0,2.0,3.0,3.0,2.6666666666666665,2.9166666666666665
Karachi,2026-08-10 16:00:00+00:00,3,14.56,59.07,70.29,0.08,38.32,0.4,0.0,0.0,27.7,77,4.03,16,0,10,8,3.0,3.0,2.0,3.0,3.0,2.833333333333333,2.9166666666666665
Karachi,2026-08-10 17:00:00+00:00,3,14.75,60.72,70.96,0.08,38.7,0.41,0.0,0.0,27.5,81,3.78,17,0,10,8,3.0,3.0,3.0,3.0,3.0,3.0,2.9166666666666665
Karachi,2026-08-10 18:00:00+00:00,3,15.27,64.24,71.26,0.09,38.6,0.43,0.0,0.0,27.8,81,4.05,18,0,10,8,3.0,3.0,3.0,3.0,3.0,3.0,2.9166666666666665
Karachi,2026-08-10 19:00:00+00:00,3,15.85,66.78,71.2,0.09,38.24,0.45,0.0,0.0,27.4,83,3.88,19,0,10,8,3.0,3.0,3.0,3.0,3.0,3.0,2.9166666666666665
Karachi,2026-08-10 20:00:00+00:00,3,16.4,70.21,71.16,0.09,37.83,0.45,0.0,0.0,27.2,85,3.71,20,0,10,8,3.0,3.0,3.0,3.0,3.0,3.0,2.9166666666666665
Karachi,2026-08-10 21:00:00+00:00,3,16.93,73.6,71.27,0.1,37.49,0.44,0.0,0.0,27.1,86,3.59,21,0,10,8,3.0,3.0,3.0,3.0,3.0,3.0,2.9166666666666665
Karachi,2026-08-10 22:00:00+00:00,3,16.86,73.63,71.72,0.1,37.9,0.42,0.0,0.0,27.1,86,3.47,22,0,10,8,3.0,3.0,3.0,3.0,3.0,3.0,2.9166666666666665
Karachi,2026-08-10 23:00:00+00:00,3,17.06,73.95,71.91,0.1,37.84,0.42,0.0,0.0,27.1,86,3.53,23,0,10,8,3.0,3.0,3.0,3.0,3.0,3.0,2.9166666666666665
Karachi,2026-08-11 00:00:00+00:00,3,17.54,74.85,71.6,0.1,37.31,0.42,0.0,0.0,27.4,83,4.16,0,1,11,8,3.0,3.0,3.0,3.0,3.0,3.0,2.9166666666666665
Karachi,2026-08-11 01:00:00+00:00,3,17.56,73.66,71.35,0.1,37.26,0.42,0.0,0.0,27.4,83,4.02,1,1,11,8,3.0,3.0,3.0,3.0,3.0,3.0,2.9166666666666665
Karachi,2026-08-11 02:00:00+00:00,3,16.97,71.25,71.77,0.1,38.0,0.41,0.0,0.0,27.7,83,3.93,2,1,11,8,3.0,3.0,3.0,3.0,3.0,3.0,2.9166666666666665
Karachi,2026-08-11 03:00:00+00:00,3,16.53,70.76,72.39,0.1,39.17,0.39,0.0,0.0,28.7,76,4.59,3,1,11,8,3.0,3.0,3.0,3.0,3.0,3.0,2.9166666666666665
Karachi,2026-08-11 04:00:00+00:00,3,16.52,72.25,72.69,0.09,40.16,0.39,0.0,0.01,29.2,72,5.03,4,1,11,8,3.0,3.0,3.0,3.0,3.0,3.0,2.9166666666666665
Karachi,2026-08-11 05:00:00+00:00,3,16.86,74.87,72.5,0.08,40.54,0.39,0.0,0.01,29.5,71,5.12,5,1,11,8,3.0,3.0,3.0,3.0,3.0,3.0,2.9166666666666665
Karachi,2026-08-11 06:00:00+00:00,3,17.15,76.76,72.07,0.07,40.46,0.41,0.0,0.01,30.1,69,5.25,6,1,11,8,3.0,3.0,3.0,3.0,3.0,3.0,2.9166666666666665
Karachi,2026-08-11 07:00:00+00:00,3,17.24,77.29,71.7,0.06,40.38,0.41,0.0,0.01,30.2,69,5.33,7,1,11,8,3.0,3.0,3.0,3.0,3.0,3.0,2.9166666666666665
Karachi,2026-08-11 08:00:00+00:00,3,17.24,77.34,71.54,0.05,40.65,0.42,0.0,0.01,30.1,69,5.09,8,1,11,8,3.0,3.0,3.0,3.0,3.0,3.0,2.9166666666666665
Karachi,2026-08-11 09:00:00+00:00,3,17.18,76.96,72.03,0.05,41.28,0.41,0.0,0.01,30.2,71,4.74,9,1,11,8,3.0,3.0,3.0,2.0,3.0,3.0,2.9166666666666665
Karachi,2026-08-11 10:00:00+00:00,3,16.95,75.77,72.84,0.05,42.17,0.41,0.0,0.01,29.8,72,4.7,10,1,11,8,3.0,3.0,3.0,2.0,3.0,3.0,2.958333333333333
Karachi,2026-08-11 11:00:00+00:00,3,16.64,74.38,73.19,0.05,42.5,0.4,0.0,0.01,29.9,72,4.68,11,1,11,8,3.0,3.0,3.0,3.0,3.0,3.0,3.0
Karachi,2026-08-11 12:00:00+00:00,3,16.6,74.26,73.13,0.05,42.39,0.41,0.0,0.01,29.5,73,4.48,12,1,11,8,3.0,3.0,3.0,3.0,3.0,3.0,3.0
Karachi,2026-08-11 13:00:00+00:00,3,16.97,76.25,72.75,0.07,42.37,0.43,0.0,0.01,28.6,77,4.33,13,1,11,8,3.0,3.0,3.0,3.0,3.0,3.0,3.0
Karachi,2026-08-11 14:00:00+00:00,3,17.67,79.86,72.39,0.09,42.44,0.46,0.0,0.0,28.0,80,4.01,14,1,11,8,3.0,3.0,3.0,3.0,3.0,3.0,3.0
Karachi,2026-08-11 15:00:00+00:00,3,18.4,82.98,72.29,0.09,43.09,0.48,0.0,0.0,27.6,83,3.53,15,1,11,8,3.0,3.0,3.0,3.0,3.0,3.0,3.0
Karachi,2026-08-11 16:00:00+00:00,3,18.85,83.8,72.9,0.1,44.25,0.49,0.0,0.0,27.3,85,3.23,16,1,11,8,3.0,3.0,3.0,3.0,3.0,3.0,3.0
Karachi,2026-08-11 17:00:00+00:00,3,19.07,83.27,73.85,0.1,45.47,0.49,0.0,0.0,27.1,87,3.11,17,1,11,8,3.0,3.0,3.0,3.0,3.0,3.0,3.0
Karachi,2026-08-11 18:00:00+00:00,3,19.27,82.63,74.59,0.1,46.31,0.49,0.0,0.0,27.4,84,3.3,18,1,11,8,3.0,3.0,3.0,3.0,3.0,3.0,3.0
Karachi,2026-08-11 19:00:00+00:00,3,19.43,82.3,74.64,0.1,46.47,0.48,0.0,0.0,27.0,86,2.82,19,1,11,8,3.0,3.0,3.0,3.0,3.0,3.0,3.0
Karachi,2026-08-11 20:00:00+00:00,3,19.65,82.67,74.69,0.1,46.37,0.48,0.0,0.0,26.8,87,2.55,20,1,11,8,3.0,3.0,3.0,3.0,3.0,3.0,3.0
Karachi,2026-08-11 21:00:00+00:00,3,19.9,83.53,74.34,0.1,46.17,0.48,0.0,0.0,26.7,88,2.71,21,1,11,8,3.0,3.0,3.0,3.0,3.0,3.0,3.0
Karachi,2026-08-11 22:00:00+00:00,3,20.14,84.6,74.25,0.1,46.04,0.48,0.0,0.0,26.4,89,2.93,22,1,11,8,3.0,3.0,3.0,3.0,3.0,3.0,3.0
Karachi,2026-08-11 23:00:00+00:00,3,20.33,85.92,73.82,0.1,45.98,0.48,0.0,0.0,26.5,88,2.86,23,1,11,8,3.0,3.0,3.0,3.0,3.0,3.0,3.0
Karachi,2026-08-12 00:00:00+00:00,3,20.45,87.16,73.5,0.1,45.84,0.47,0.0,0.0,27.0,88,2.78,0,2,12,8,3.0,3.0,3.0,3.0,3.0,3.0,3.0
Karachi,2026-08-12 01:00:00+00:00,3,20.25,83.06,73.09,0.1,45.75,0.46,0.0,0.0,26.9,88,3.03,1,2,12,8,3.0,3.0,3.0,3.0,3.0,3.0,3.0
Karachi,2026-08-12 02:00:00+00:00,3,19.82,78.55,72.99,0.1,45.78,0.43,0.0,0.0,27.1,87,3.2,2,2,12,8,3.0,3.0,3.0,3.0,3.0,3.0,3.0
Karachi,2026-08-12 03:00:00+00:00,3,19.58,77.48,72.87,0.11,45.68,0.42,0.0,0.0,27.9,81,3.65,3,2,12,8,3.0,3.0,3.0,3.0,3.0,3.0,3.0
Karachi,2026-08-12 04:00:00+00:00,3,19.76,81.21,72.74,0.1,45.32,0.42,0.0,0.01,28.9,75,3.65,4,2,12,8,3.0,3.0,3.0,3.0,3.0,3.0,3.0
Karachi,2026-08-12 05:00:00+00:00,3,20.21,86.12,72.48,0.09,44.55,0.43,0.0,0.01,29.6,72,3.85,5,2,12,8,3.0,3.0,3.0,3.0,3.0,3.0,3.0
Karachi,2026-08-12 06:00:00+00:00,3,20.43,88.16,72.4,0.08,43.7,0.43,0.0,0.01,30.0,69,4.07,6,2,12,8,3.0,3.0,3.0,3.0,3.0,3.0,3.0
Karachi,2026-08-12 07:00:00+00:00,3,20.29,87.98,72.4,0.07,42.83,0.43,0.0,0.01,29.8,70,4.23,7,2,12,8,3.0,3.0,3.0,3.0,3.0,3.0,3.0
Karachi,2026-08-12 08:00:00+00:00,3,19.95,86.47,72.65,0.06,41.96,0.42,0.0,0.01,30.6,67,4.13,8,2,12,8,3.0,3.0,3.0,3.0,3.0,3.0,3.0
Karachi,2026-08-12 09:00:00+00:00,3,19.44,84.13,72.93,0.06,41.14,0.41,0.0,0.01,30.5,67,3.86,9,2,12,8,3.0,3.0,3.0,3.0,3.0,3.0,3.0
Karachi,2026-08-12 10:00:00+00:00,3,18.84,81.46,73.47,0.06,40.62,0.4,0.0,0.01,30.6,67,3.65,10,2,12,8,3.0,3.0,3.0,3.0,3.0,3.0,3.0
Karachi,2026-08-12 11:00:00+00:00,3,18.18,78.4,73.87,0.06,40.31,0.39,0.0,0.01,30.1,70,3.65,11,2,12,8,3.0,3.0,3.0,3.0,3.0,3.0,3.0
Karachi,2026-08-12 12:00:00+00:00,3,17.62,75.99,74.21,0.07,40.18,0.38,0.0,0.01,29.7,70,3.87,12,2,12,8,3.0,3.0,3.0,3.0,3.0,3.0,3.0
Karachi,2026-08-12 13:00:00+00:00,3,17.33,74.57,74.47,0.08,40.05,0.38,0.0,0.0,28.9,74,3.8,13,2,12,8,3.0,3.0,3.0,3.0,3.0,3.0,3.0
Karachi,2026-08-12 14:00:00+00:00,3,17.18,73.74,74.59,0.09,39.79,0.39,0.0,0.0,28.4,78,3.34,14,2,12,8,3.0,3.0,3.0,3.0,3.0,3.0,3.0
Karachi,2026-08-12 15:00:00+00:00,3,17.1,72.98,74.56,0.09,39.58,0.4,0.0,0.0,28.2,79,2.97,15,2,12,8,3.0,3.0,3.0,3.0,3.0,3.0,3.0
Karachi,2026-08-12 16:00:00+00:00,3,17.0,72.05,74.54,0.09,39.57,0.4,0.0,0.0,28.1,80,2.98,16,2,12,8,3.0,3.0,3.0,3.0,3.0,3.0,3.0
Karachi,2026-08-12 17:00:00+00:00,3,16.91,71.24,74.47,0.09,39.67,0.4,0.0,0.0,28.0,81,2.88,17,2,12,8,3.0,3.0,3.0,3.0,3.0,3.0,3.0
Karachi,2026-08-12 18:00:00+00:00,3,16.74,70.16,74.31,0.09,39.35,0.41,0.0,0.0,28.0,81,3.57,18,2,12,8,3.0,3.0,3.0,3.0,3.0,3.0,3.0
Karachi,2026-08-12 19:00:00+00:00,3,16.65,69.39,73.55,0.09,38.49,0.41,0.0,0.0,27.5,84,3.25,19,2,12,8,3.0,3.0,3.0,3.0,3.0,3.0,3.0
Karachi,2026-08-12 20:00:00+00:00,3,16.66,69.19,72.77,0.1,37.55,0.42,0.0,0.0,27.3,85,3.25,20,2,12,8,3.0,3.0,3.0,3.0,3.0,3.0,3.0
Karachi,2026-08-12 21:00:00+00:00,3,16.75,69.53,72.23,0.1,36.84,0.42,0.0,0.0,27.0,86,2.96,21,2,12,8,3.0,3.0,3.0,3.0,3.0,3.0,3.0
Karachi,2026-08-12 22:00:00+00:00,3,16.79,68.58,72.0,0.1,36.59,0.41,0.0,0.0,26.9,87,2.71,22,2,12,8,3.0,3.0,3.0,3.0,3.0,3.0,3.0
Karachi,2026-08-12 23:00:00+00:00,3,16.76,65.32,71.85,0.1,36.85,0.4,0.0,0.0,26.8,88,3.07,23,2,12,8,3.0,3.0,3.0,3.0,3.0,3.0,3.0
Karachi,2026-08-13 00:00:00+00:00,3,16.72,62.71,72.05,0.1,37.49,0.38,0.0,0.0,27.1,86,2.96,0,3,13,8,3.0,3.0,3.0,3.0,3.0,3.0,3.0
Karachi,2026-08-13 01:00:00+00:00,3,16.81,62.8,72.15,0.1,38.25,0.37,0.0,0.0,27.0,86,2.97,1,3,13,8,3.0,3.0,3.0,3.0,3.0,3.0,3.0
Karachi,2026-08-13 02:00:00+00:00,3,16.95,64.72,72.43,0.1,39.04,0.37,0.0,0.0,27.0,86,3.3,2,3,13,8,3.0,3.0,3.0,3.0,3.0,3.0,3.0
Karachi,2026-08-13 03:00:00+00:00,3,17.1,66.53,72.33,0.1,39.59,0.37,0.0,0.01,28.2,79,3.94,3,3,13,8,3.0,3.0,3.0,3.0,3.0,3.0,3.0
Karachi,2026-08-13 04:00:00+00:00,3,17.07,67.26,72.11,0.08,40.1,0.36,0.0,0.01,29.4,73,4.25,4,3,13,8,3.0,3.0,3.0,3.0,3.0,3.0,3.0
Karachi,2026-08-13 05:00:00+00:00,3,17.03,68.42,71.78,0.07,40.39,0.36,0.0,0.01,30.1,68,4.2,5,3,13,8,3.0,3.0,3.0,3.0,3.0,3.0,3.0
Karachi,2026-08-13 06:00:00+00:00,3,17.0,69.51,71.43,0.06,40.3,0.37,0.0,0.01,30.2,67,4.29,6,3,13,8,3.0,3.0,3.0,3.0,3.0,3.0,3.0
Karachi,2026-08-13 07:00:00+00:00,3,16.9,68.98,70.82,0.05,39.86,0.37,0.0,0.01,30.2,67,4.35,7,3,13,8,3.0,3.0,3.0,3.0,3.0,3.0,3.0
Karachi,2026-08-13 08:00:00+00:00,3,16.71,66.55,70.23,0.05,39.2,0.37,0.0,0.01,30.5,66,4.45,8,3,13,8,3.0,3.0,3.0,3.0,3.0,3.0,3.0
Karachi,2026-08-13 09:00:00+00:00,3,16.47,64.08,69.76,0.05,38.7,0.37,0.0,0.01,30.9,64,4.48,9,3,13,8,3.0,3.0,3.0,3.0,3.0,3.0,3.0
Karachi,2026-08-13 10:00:00+00:00,3,16.24,63.09,69.88,0.05,38.58,0.37,0.0,0.01,30.5,64,4.45,10,3,13,8,3.0,3.0,3.0,3.0,3.0,3.0,3.0
Karachi,2026-08-13 11:00:00+00:00,3,16.02,64.51,69.98,0.05,38.72,0.38,0.0,0.01,30.2,66,4.47,11,3,13,8,3.0,3.0,3.0,3.0,3.0,3.0,3.0
Karachi,2026-08-13 12:00:00+00:00,3,15.72,65.39,70.08,0.05,39.12,0.4,0.0,0.01,29.6,69,4.66,12,3,13,8,3.0,3.0,3.0,3.0,3.0,3.0,3.0
Karachi,2026-08-13 13:00:00+00:00,3,15.38,63.0,70.17,0.06,39.55,0.41,0.0,0.01,28.7,74,4.12,13,3,13,8,3.0,3.0,3.0,3.0,3.0,3.0,3.0
Karachi,2026-08-13 14:00:00+00:00,3,14.98,59.9,70.17,0.08,39.87,0.41,0.0,0.0,28.0,77,4.06,14,3,13,8,3.0,3.0,3.0,3.0,3.0,3.0,3.0
Karachi,2026-08-13 15:00:00+00:00,3,14.48,57.66,70.14,0.08,40.19,0.41,0.0,0.0,27.9,77,4.02,15,3,13,8,3.0,3.0,3.0,3.0,3.0,3.0,3.0
Karachi,2026-08-13 16:00:00+00:00,3,14.08,57.57,70.33,0.08,40.56,0.41,0.0,0.0,27.8,77,4.34,16,3,13,8,3.0,3.0,3.0,3.0,3.0,3.0,3.0
Karachi,2026-08-13 17:00:00+00:00,3,14.16,59.68,70.46,0.08,40.82,0.42,0.0,0.0,27.4,81,4.16,17,3,13,8,3.0,3.0,3.0,3.0,3.0,3.0,3.0
Karachi,2026-08-13 18:00:00+00:00,3,14.88,63.98,70.22,0.08,40.75,0.43,0.0,0.0,27.3,82,4.3,18,3,13,8,3.0,3.0,3.0,3.0,3.0,3.0,3.0
Karachi,2026-08-13 19:00:00+00:00,3,15.89,69.07,69.9,0.09,40.48,0.44,0.0,0.0,27.1,82,3.66,19,3,13,8,3.0,3.0,3.0,3.0,3.0,3.0,3.0
Karachi,2026-08-13 20:00:00+00:00,3,16.66,73.03,70.14,0.09,40.52,0.45,0.0,0.0,26.7,85,3.37,20,3,13,8,3.0,3.0,3.0,3.0,3.0,3.0,3.0
Karachi,2026-08-13 21:00:00+00:00,3,16.99,74.78,70.79,0.09,40.86,0.45,0.0,0.0,26.6,86,3.26,21,3,13,8,3.0,3.0,3.0,3.0,3.0,3.0,3.0
Karachi,2026-08-13 22:00:00+00:00,3,16.92,73.49,71.49,0.09,41.39,0.43,0.0,0.0,26.7,85,3.52,22,3,13,8,3.0,3.0,3.0,3.0,3.0,3.0,3.0
Karachi,2026-08-13 23:00:00+00:00,3,16.93,72.12,71.92,0.09,42.0,0.42,0.0,0.0,26.6,85,3.61,23,3,13,8,3.0,3.0,3.0,3.0,3.0,3.0,3.0
Karachi,2026-08-14 00:00:00+00:00,3,17.29,73.84,71.69,0.09,42.5,0.42,0.0,0.0,26.8,82,3.57,0,4,14,8,3.0,3.0,3.0,3.0,3.0,3.0,3.0
Karachi,2026-08-14 01:00:00+00:00,3,17.79,75.69,71.16,0.08,43.14,0.42,0.0,0.0,26.8,82,3.76,1,4,14,8,3.0,3.0,3.0,3.0,3.0,3.0,3.0
Karachi,2026-08-14 02:00:00+00:00,3,18.13,76.51,70.61,0.09,44.1,0.41,0.0,0.0,27.1,81,4.0,2,4,14,8,3.0,3.0,3.0,3.0,3.0,3.0,3.0
Karachi,2026-08-14 03:00:00+00:00,3,18.35,77.17,69.83,0.09,45.29,0.41,0.0,0.0,28.1,75,4.34,3,4,14,8,3.0,3.0,3.0,3.0,3.0,3.0,3.0
Karachi,2026-08-14 04:00:00+00:00,3,18.35,76.91,68.94,0.08,46.48,0.41,0.0,0.01,29.0,69,4.56,4,4,14,8,3.0,3.0,3.0,3.0,3.0,3.0,3.0
Karachi,2026-08-14 05:00:00+00:00,3,18.25,76.81,67.79,0.06,47.48,0.41,0.0,0.01,29.6,66,4.81,5,4,14,8,3.0,3.0,3.0,3.0,3.0,3.0,3.0
Karachi,2026-08-14 06:00:00+00:00,3,18.17,76.59,66.69,0.05,48.02,0.42,0.0,0.01,30.2,63,5.31,6,4,14,8,3.0,3.0,3.0,3.0,3.0,3.0,3.0
Karachi,2026-08-14 07:00:00+00:00,3,17.81,74.81,66.16,0.05,48.11,0.42,0.0,0.01,29.6,67,5.04,7,4,14,8,3.0,3.0,3.0,3.0,3.0,3.0,3.0
Karachi,2026-08-14 08:00:00+00:00,3,17.06,71.07,66.34,0.04,47.74,0.41,0.0,0.01,29.7,69,5.36,8,4,14,8,3.0,3.0,3.0,3.0,3.0,3.0,3.0
Karachi,2026-08-14 09:00:00+00:00,3,16.11,66.73,66.83,0.04,46.71,0.4,0.0,0.01,29.2,73,5.34,9,4,14,8,3.0,3.0,3.0,3.0,3.0,3.0,3.0
Karachi,2026-08-14 10:00:00+00:00,3,16.04,66.67,67.26,0.05,44.96,0.4,0.0,0.01,29.6,71,5.37,10,4,14,8,3.0,3.0,3.0,3.0,3.0,3.0,3.0
Karachi,2026-08-14 11:00:00+00:00,3,16.39,68.88,67.3,0.05,42.6,0.42,0.0,0.01,29.1,72,5.46,11,4,14,8,3.0,3.0,3.0,3.0,3.0,3.0,3.0
Karachi,2026-08-14 12:00:00+00:00,3,16.65,70.21,67.45,0.06,40.44,0.44,0.0,0.01,29.3,69,4.99,12,4,14,8,3.0,3.0,3.0,3.0,3.0,3.0,3.0
Karachi,2026-08-14 13:00:00+00:00,3,16.49,69.28,68.46,0.07,39.2,0.45,0.0,0.01,28.6,73,4.55,13,4,14,8,3.0,3.0,3.0,3.0,3.0,3.0,3.0
Karachi,2026-08-14 14:00:00+00:00,3,16.16,67.77,69.6,0.08,38.76,0.45,0.0,0.0,28.1,75,4.53,14,4,14,8,3.0,3.0,3.0,3.0,3.0,3.0,3.0
Karachi,2026-08-14 15:00:00+00:00,3,15.92,67.34,70.48,0.09,38.59,0.45,0.0,0.0,27.7,77,4.19,15,4,14,8,3.0,3.0,3.0,3.0,3.0,3.0,3.0
Karachi,2026-08-14 16:00:00+00:00,3,15.9,68.29,70.65,0.09,38.32,0.46,0.0,0.0,27.5,78,3.88,16,4,14,8,3.0,3.0,3.0,3.0,3.0,3.0,3.0
Karachi,2026-08-14 17:00:00+00:00,3,15.97,68.97,70.48,0.09,38.09,0.45,0.0,0.0,27.3,80,3.73,17,4,14,8,3.0,3.0,3.0,3.0,3.0,3.0,3.0
Karachi,2026-08-14 18:00:00+00:00,3,15.95,69.52,70.55,0.09,38.08,0.44,0.0,0.0,27.4,80,4.15,18,4,14,8,3.0,3.0,3.0,3.0,3.0,3.0,3.0
Karachi,2026-08-14 19:00:00+00:00,3,15.88,67.97,70.51,0.09,38.43,0.43,0.0,0.0,27.1,82,3.46,19,4,14,8,3.0,3.0,3.0,3.0,3.0,3.0,3.0
Karachi,2026-08-14 20:00:00+00:00,3,16.58,70.11,70.67,0.09,39.1,0.43,0.0,0.0,26.9,83,3.16,20,4,14,8,3.0,3.0,3.0,3.0,3.0,3.0,3.0
Karachi,2026-08-14 21:00:00+00:00,3,17.6,73.17,70.52,0.09,39.69,0.43,0.0,0.0,27.0,82,3.24,21,4,14,8,3.0,3.0,3.0,3.0,3.0,3.0,3.0
Karachi,2026-08-14 22:00:00+00:00,3,17.86,73.39,70.22,0.1,40.08,0.43,0.0,0.0,27.0,83,3.54,22,4,14,8,3.0,3.0,3.0,3.0,3.0,3.0,3.0
Karachi,2026-08-14 23:00:00+00:00,3,17.56,71.71,69.51,0.1,40.25,0.43,0.0,0.0,26.9,85,3.67,23,4,14,8,3.0,3.0,3.0,3.0,3.0,3.0,3.0
Karachi,2026-08-15 00:00:00+00:00,3,17.39,72.26,68.8,0.1,40.41,0.44,0.0,0.0,27.3,82,3.73,0,5,15,8,3.0,3.0,3.0,3.0,3.0,3.0,3.0
Karachi,2026-08-15 01:00:00+00:00,3,17.15,74.88,68.43,0.09,40.93,0.44,0.0,0.0,27.2,83,3.43,1,5,15,8,3.0,3.0,3.0,3.0,3.0,3.0,3.0
Karachi,2026-08-15 02:00:00+00:00,3,17.01,76.78,68.36,0.09,41.89,0.44,0.0,0.0,27.4,82,3.34,2,5,15,8,3.0,3.0,3.0,3.0,3.0,3.0,3.0
Karachi,2026-08-15 03:00:00+00:00,3,17.09,78.02,68.32,0.1,43.0,0.44,0.0,0.0,27.9,78,3.83,3,5,15,8,3.0,3.0,3.0,3.0,3.0,3.0,3.0
Karachi,2026-08-15 04:00:00+00:00,3,17.09,77.52,68.22,0.09,44.08,0.43,0.0,0.0,28.5,75,4.13,4,5,15,8,3.0,3.0,3.0,3.0,3.0,3.0,3.0
Karachi,2026-08-15 05:00:00+00:00,3,17.08,76.47,67.99,0.08,45.02,0.43,0.0,0.01,29.3,71,4.34,5,5,15,8,3.0,3.0,3.0,3.0,3.0,3.0,3.0
Karachi,2026-08-15 06:00:00+00:00,3,17.06,74.94,67.77,0.07,45.67,0.42,0.0,0.01,30.0,67,4.48,6,5,15,8,3.0,3.0,3.0,3.0,3.0,3.0,3.0
Karachi,2026-08-15 07:00:00+00:00,3,16.91,71.47,67.44,0.06,45.86,0.41,0.0,0.01,29.5,71,4.63,7,5,15,8,3.0,3.0,3.0,3.0,3.0,3.0,3.0
Karachi,2026-08-15 08:00:00+00:00,3,16.61,68.25,67.12,0.06,45.66,0.4,0.0,0.01,30.2,68,4.47,8,5,15,8,3.0,3.0,3.0,3.0,3.0,3.0,3.0
Karachi,2026-08-15 09:00:00+00:00,3,16.26,65.47,66.98,0.05,45.02,0.39,0.0,0.01,30.1,70,4.6,9,5,15,8,3.0,3.0,3.0,3.0,3.0,3.0,3.0
Karachi,2026-08-15 10:00:00+00:00,3,16.0,63.19,66.98,0.05,44.18,0.39,0.0,0.01,29.7,73,4.7,10,5,15,8,3.0,3.0,3.0,3.0,3.0,3.0,3.0
Karachi,2026-08-15 11:00:00+00:00,3,15.77,60.99,67.05,0.05,43.31,0.38,0.0,0.01,29.5,73,4.56,11,5,15,8,3.0,3.0,3.0,3.0,3.0,3.0,3.0
Karachi,2026-08-15 12:00:00+00:00,3,15.46,58.59,67.09,0.06,42.6,0.38,0.0,0.01,29.1,75,4.42,12,5,15,8,3.0,3.0,3.0,3.0,3.0,3.0,3.0
Karachi,2026-08-15 13:00:00+00:00,3,15.13,57.65,67.21,0.07,42.28,0.38,0.0,0.01,28.4,77,3.86,13,5,15,8,3.0,3.0,3.0,3.0,3.0,3.0,3.0
Karachi,2026-08-15 14:00:00+00:00,3,14.93,57.77,67.5,0.08,42.14,0.38,0.0,0.0,27.7,81,3.47,14,5,15,8,3.0,3.0,3.0,3.0,3.0,3.0,3.0
Karachi,2026-08-15 15:00:00+00:00,3,15.11,58.97,67.56,0.09,42.17,0.38,0.0,0.0,27.5,82,3.26,15,5,15,8,3.0,3.0,3.0,3.0,3.0,3.0,3.0
Karachi,2026-08-15 16:00:00+00:00,3,15.46,60.91,67.62,0.09,42.32,0.38,0.0,0.0,27.4,83,3.54,16,5,15,8,3.0,3.0,3.0,3.0,3.0,3.0,3.0
Karachi,2026-08-15 17:00:00+00:00,3,16.07,64.21,67.73,0.09,42.58,0.39,0.0,0.0,27.2,85,3.47,17,5,15,8,3.0,3.0,3.0,3.0,3.0,3.0,3.0
Karachi,2026-08-15 18:00:00+00:00,3,16.95,69.42,67.67,0.08,42.88,0.41,0.0,0.0,27.4,85,3.49,18,5,15,8,3.0,3.0,3.0,3.0,3.0,3.0,3.0
Karachi,2026-08-15 19:00:00+00:00,3,17.98,76.09,67.53,0.08,43.13,0.43,0.0,0.0,27.1,86,3.19,19,5,15,8,3.0,3.0,3.0,3.0,3.0,3.0,3.0
Karachi,2026-08-15 20:00:00+00:00,3,18.96,81.2,67.48,0.08,43.41,0.44,0.0,0.0,27.1,86,3.02,20,5,15,8,3.0,3.0,3.0,3.0,3.0,3.0,3.0
Karachi,2026-08-15 21:00:00+00:00,3,19.68,83.36,67.7,0.08,43.64,0.44,0.0,0.0,27.0,86,3.02,21,5,15,8,3.0,3.0,3.0,3.0,3.0,3.0,3.0
Karachi,2026-08-15 22:00:00+00:00,3,20.09,84.0,68.27,0.08,44.01,0.44,0.0,0.0,26.6,89,3.02,22,5,15,8,3.0,3.0,3.0,3.0,3.0,3.0,3.0
Karachi,2026-08-15 23:00:00+00:00,3,20.29,86.41,68.93,0.08,44.37,0.43,0.0,0.0,26.6,89,3.28,23,5,15,8,3.0,3.0,3.0,3.0,3.0,3.0,3.0
Karachi,2026-08-16 00:00:00+00:00,3,20.38,90.12,69.56,0.08,44.71,0.44,0.0,0.0,27.0,88,3.56,0,6,16,8,3.0,3.0,3.0,3.0,3.0,3.0,3.0
Karachi,2026-08-16 01:00:00+00:00,3,20.26,92.05,69.98,0.08,45.05,0.44,0.0,0.0,27.1,87,3.38,1,6,16,8,3.0,3.0,3.0,3.0,3.0,3.0,3.0
Karachi,2026-08-16 02:00:00+00:00,3,20.0,91.8,70.46,0.09,45.36,0.43,0.0,0.0,27.3,85,3.26,2,6,16,8,3.0,3.0,3.0,3.0,3.0,3.0,3.0
Karachi,2026-08-16 03:00:00+00:00,3,19.6,89.66,70.83,0.09,45.76,0.42,0.0,0.0,27.9,82,3.31,3,6,16,8,3.0,3.0,3.0,3.0,3.0,3.0,3.0
Karachi,2026-08-16 04:00:00+00:00,3,19.06,87.64,71.15,0.08,46.08,0.4,0.0,0.01,29.2,74,3.76,4,6,16,8,3.0,3.0,3.0,3.0,3.0,3.0,3.0
Karachi,2026-08-16 05:00:00+00:00,3,18.77,86.68,71.27,0.07,46.38,0.4,0.0,0.01,29.9,70,4.66,5,6,16,8,3.0,3.0,3.0,3.0,3.0,3.0,3.0
Karachi,2026-08-16 06:00:00+00:00,3,18.67,85.93,71.29,0.05,46.55,0.39,0.0,0.01,29.4,73,4.99,6,6,16,8,3.0,3.0,3.0,3.0,3.0,3.0,3.0
Karachi,2026-08-16 07:00:00+00:00,3,18.74,85.84,70.88,0.05,46.25,0.39,0.0,0.01,29.3,74,4.92,7,6,16,8,3.0,3.0,3.0,3.0,3.0,3.0,3.0
Karachi,2026-08-16 08:00:00+00:00,3,18.92,86.72,70.07,0.04,45.72,0.4,0.0,0.01,29.7,72,4.92,8,6,16,8,3.0,3.0,3.0,3.0,3.0,3.0,3.0
Karachi,2026-08-16 09:00:00+00:00,3,19.09,87.89,68.98,0.04,45.16,0.41,0.0,0.01,29.9,70,4.66,9,6,16,8,3.0,3.0,3.0,3.0,3.0,3.0,3.0
Karachi,2026-08-16 10:00:00+00:00,3,19.04,86.46,67.99,0.05,44.97,0.42,0.0,0.01,29.7,71,4.58,10,6,16,8,3.0,3.0,3.0,3.0,3.0,3.0,3.0
Karachi,2026-08-16 11:00:00+00:00,3,18.54,82.07,67.05,0.05,45.13,0.42,0.0,0.01,29.2,74,4.7,11,6,16,8,3.0,3.0,3.0,3.0,3.0,3.0,3.0
Karachi,2026-08-16 12:00:00+00:00,3,17.92,77.9,66.31,0.06,45.75,0.43,0.0,0.01,29.0,75,4.87,12,6,16,8,3.0,3.0,3.0,3.0,3.0,3.0,3.0
Karachi,2026-08-16 13:00:00+00:00,3,17.63,76.27,65.93,0.07,46.46,0.44,0.0,0.0,28.4,76,4.76,13,6,16,8,3.0,3.0,3.0,3.0,3.0,3.0,3.0
Karachi,2026-08-16 14:00:00+00:00,3,17.61,76.9,65.88,0.09,46.94,0.45,0.0,0.0,27.8,79,4.63,14,6,16,8,3.0,3.0,3.0,3.0,3.0,3.0,3.0
Karachi,2026-08-16 15:00:00+00:00,3,17.73,79.04,65.82,0.09,47.13,0.47,0.0,0.0,27.7,81,4.56,15,6,16,8,3.0,3.0,3.0,3.0,3.0,3.0,3.0
Karachi,2026-08-16 16:00:00+00:00,3,17.86,82.4,65.75,0.09,47.01,0.48,0.0,0.0,27.5,81,4.49,16,6,16,8,3.0,3.0,3.0,3.0,3.0,3.0,3.0
Karachi,2026-08-16 17:00:00+00:00,3,17.98,84.53,65.92,0.09,46.7,0.49,0.0,0.0,27.2,84,4.07,17,6,16,8,3.0,3.0,3.0,3.0,3.0,3.0,3.0
Karachi,2026-08-16 18:00:00+00:00,3,18.35,87.23,66.32,0.09,46.32,0.49,0.0,0.0,27.3,83,4.0,18,6,16,8,3.0,3.0,3.0,3.0,3.0,3.0,3.0
Karachi,2026-08-16 19:00:00+00:00,3,18.72,88.22,66.75,0.09,45.7,0.49,0.0,0.0,27.0,83,3.81,19,6,16,8,3.0,3.0,3.0,3.0,3.0,3.0,3.0
Karachi,2026-08-16 20:00:00+00:00,3,19.25,92.38,67.21,0.09,45.08,0.5,0.0,0.0,26.9,84,3.98,20,6,16,8,3.0,3.0,3.0,3.0,3.0,3.0,3.0
Karachi,2026-08-16 21:00:00+00:00,3,19.85,96.6,67.7,0.09,44.41,0.51,0.0,0.0,26.7,85,4.17,21,6,16,8,3.0,3.0,3.0,3.0,3.0,3.0,3.0
Karachi,2026-08-16 22:00:00+00:00,3,20.3,97.15,68.1,0.09,43.77,0.51,0.0,0.0,26.7,84,4.27,22,6,16,8,3.0,3.0,3.0,3.0,3.0,3.0,3.0
Karachi,2026-08-16 23:00:00+00:00,3,20.54,96.67,68.53,0.1,43.31,0.5,0.0,0.0,26.7,84,4.16,23,6,16,8,3.0,3.0,3.0,3.0,3.0,3.0,3.0
Karachi,2026-08-17 00:00:00+00:00,3,20.57,95.56,68.9,0.1,43.15,0.49,0.0,0.0,26.8,87,3.52,0,0,17,8,3.0,3.0,3.0,3.0,3.0,3.0,3.0
Karachi,2026-08-17 01:00:00+00:00,3,20.35,90.6,69.46,0.1,43.23,0.48,0.0,0.0,26.8,86,3.4,1,0,17,8,3.0,3.0,3.0,3.0,3.0,3.0,3.0
Karachi,2026-08-17 02:00:00+00:00,3,19.9,85.57,69.98,0.1,43.55,0.46,0.0,0.0,26.9,84,3.38,2,0,17,8,3.0,3.0,3.0,3.0,3.0,3.0,3.0
Karachi,2026-08-17 03:00:00+00:00,3,19.41,82.0,70.47,0.1,43.9,0.44,0.0,0.0,27.9,79,4.22,3,0,17,8,3.0,3.0,3.0,3.0,3.0,3.0,3.0
Karachi,2026-08-17 04:00:00+00:00,3,18.97,78.69,70.75,0.09,44.19,0.43,0.0,0.01,28.7,74,4.57,4,0,17,8,3.0,3.0,3.0,3.0,3.0,3.0,3.0
Karachi,2026-08-17 05:00:00+00:00,3,18.63,75.42,70.81,0.07,44.29,0.41,0.0,0.01,29.6,69,4.54,5,0,17,8,3.0,3.0,3.0,3.0,3.0,3.0,3.0
Karachi,2026-08-17 06:00:00+00:00,3,18.43,75.04,70.82,0.07,44.06,0.4,0.0,0.01,30.3,65,4.7,6,0,17,8,3.0,3.0,3.0,3.0,3.0,3.0,3.0
Karachi,2026-08-17 07:00:00+00:00,3,18.13,74.99,70.6,0.06,43.3,0.4,0.0,0.01,29.5,70,4.88,7,0,17,8,3.0,3.0,3.0,3.0,3.0,3.0,3.0
Karachi,2026-08-17 08:00:00+00:00,3,17.69,74.0,70.46,0.06,42.3,0.41,0.0,0.01,29.5,71,5.18,8,0,17,8,3.0,3.0,3.0,3.0,3.0,3.0,3.0
Karachi,2026-08-17 09:00:00+00:00,3,17.32,72.57,70.36,0.06,41.14,0.41,0.0,0.01,29.6,71,5.24,9,0,17,8,3.0,3.0,3.0,3.0,3.0,3.0,3.0
Karachi,2026-08-17 10:00:00+00:00,3,17.18,71.34,70.41,0.06,39.95,0.42,0.0,0.01,29.7,70,5.21,10,0,17,8,3.0,3.0,3.0,3.0,3.0,3.0,3.0
Karachi,2026-08-17 11:00:00+00:00,3,17.01,69.7,70.42,0.06,38.92,0.43,0.0,0.01,29.1,72,5.31,11,0,17,8,3.0,3.0,3.0,3.0,3.0,3.0,3.0
Karachi,2026-08-17 12:00:00+00:00,3,16.93,68.76,70.61,0.07,38.28,0.44,0.0,0.01,28.9,74,5.19,12,0,17,8,3.0,3.0,3.0,3.0,3.0,3.0,3.0
Karachi,2026-08-17 13:00:00+00:00,3,17.1,70.04,71.22,0.08,38.04,0.45,0.0,0.01,28.3,78,4.98,13,0,17,8,3.0,3.0,3.0,3.0,3.0,3.0,3.0
Karachi,2026-08-17 14:00:00+00:00,3,17.47,72.76,71.86,0.09,38.0,0.46,0.0,0.0,27.7,80,4.9,14,0,17,8,3.0,3.0,3.0,3.0,3.0,3.0,3.0
Karachi,2026-08-17 15:00:00+00:00,3,17.92,75.96,72.18,0.1,37.88,0.48,0.0,0.0,27.3,83,4.7,15,0,17,8,3.0,3.0,3.0,3.0,3.0,3.0,3.0
Karachi,2026-08-17 16:00:00+00:00,3,18.52,79.23,72.47,0.1,37.67,0.49,0.0,0.0,27.2,83,4.42,16,0,17,8,3.0,3.0,3.0,3.0,3.0,3.0,3.0
Karachi,2026-08-17 17:00:00+00:00,3,19.49,83.76,72.45,0.1,37.45,0.5,0.0,0.0,27.2,83,3.81,17,0,17,8,3.0,3.0,3.0,3.0,3.0,3.0,3.0
Karachi,2026-08-17 18:00:00+00:00,3,20.54,88.31,72.22,0.11,37.27,0.52,0.0,0.0,27.3,84,3.87,18,0,17,8,3.0,3.0,3.0,3.0,3.0,3.0,3.0
Karachi,2026-08-17 19:00:00+00:00,3,21.22,91.04,71.91,0.12,37.02,0.54,0.0,0.0,27.2,84,3.67,19,0,17,8,3.0,3.0,3.0,3.0,3.0,3.0,3.0
Karachi,2026-08-17 20:00:00+00:00,3,21.44,91.55,71.67,0.12,36.77,0.53,0.0,0.0,27.0,84,3.75,20,0,17,8,3.0,3.0,3.0,3.0,3.0,3.0,3.0
Karachi,2026-08-17 21:00:00+00:00,3,21.3,90.39,71.6,0.12,36.56,0.53,0.0,0.0,26.9,86,3.8,21,0,17,8,3.0,3.0,3.0,3.0,3.0,3.0,3.0
Karachi,2026-08-17 22:00:00+00:00,3,21.09,88.68,71.67,0.12,36.26,0.51,0.0,0.0,26.7,87,3.81,22,0,17,8,3.0,3.0,3.0,3.0,3.0,3.0,3.0
Karachi,2026-08-17 23:00:00+00:00,3,20.8,86.26,71.72,0.12,35.93,0.51,0.0,0.0,26.8,88,3.89,23,0,17,8,3.0,3.0,3.0,3.0,3.0,3.0,3.0
Lahore,2026-07-25 00:00:00+00:00,3,43.46,45.0,668.68,7.1,54.23,3.02,4.11,0.0,25.3,97,2.89,0,5,25,7,3.0,3.0,3.0,3.0,3.0,3.0,3.208333333333333
Lahore,2026-07-25 01:00:00+00:00,3,43.16,44.4,699.6,7.84,44.92,2.49,3.86,0.0,25.3,96,2.73,1,5,25,7,3.0,3.0,3.0,3.0,3.0,3.0,3.208333333333333
Lahore,2026-07-25 02:00:00+00:00,3,43.14,44.5,735.14,8.98,36.49,2.26,3.89,0.08,24.9,95,4.0,2,5,25,7,3.0,3.0,3.0,3.0,3.0,3.0,3.208333333333333
Lahore,2026-07-25 03:00:00+00:00,3,44.68,46.34,766.52,9.9,32.36,2.25,4.01,0.53,25.4,95,3.88,3,5,25,7,3.0,3.0,3.0,3.0,3.0,3.0,3.208333333333333
Lahore,2026-07-25 04:00:00+00:00,3,48.48,50.6,782.06,10.08,35.88,2.41,4.35,1.09,26.4,90,3.56,4,5,25,7,3.0,3.0,3.0,3.0,3.0,3.0,3.208333333333333
Lahore,2026-07-25 05:00:00+00:00,4,53.74,56.22,773.64,9.52,47.76,2.75,4.99,1.31,28.2,84,3.46,5,5,25,7,3.0,3.0,3.0,3.0,3.0,3.0,3.208333333333333
Lahore,2026-07-25 06:00:00+00:00,4,61.3,63.95,740.99,8.07,69.28,3.1,5.56,1.07,27.2,90,3.59,6,5,25,7,4.0,3.0,3.0,3.0,3.333333333333333,3.1666666666666665,3.25
Lahore,2026-07-25 07:00:00+00:00,3,48.09,50.17,555.35,4.2,103.75,2.55,3.98,0.44,28.4,89,1.23,7,5,25,7,4.0,3.0,3.0,3.0,3.6666666666666665,3.333333333333333,3.2916666666666665
Lahore,2026-07-25 08:00:00+00:00,3,38.2,39.89,427.33,2.29,116.88,2.0,3.55,0.23,29.9,81,2.5,8,5,25,7,3.0,4.0,3.0,4.0,3.6666666666666665,3.333333333333333,3.2916666666666665
Lahore,2026-07-25 09:00:00+00:00,3,35.08,36.68,367.86,1.77,121.49,1.85,3.75,0.19,31.5,75,2.46,9,5,25,7,3.0,4.0,3.0,4.0,3.333333333333333,3.333333333333333,3.25
Lahore,2026-07-25 10:00:00+00:00,3,33.19,34.76,338.84,1.74,123.2,1.9,4.27,0.17,32.1,72,2.64,10,5,25,7,3.0,3.0,3.0,4.0,3.0,3.333333333333333,3.208333333333333
Lahore,2026-07-25 11:00:00+00:00,3,31.95,33.46,334.61,2.18,119.45,2.05,5.08,0.17,28.6,86,2.65,11,5,25,7,3.0,3.0,4.0,4.0,3.0,3.333333333333333,3.1666666666666665
Lahore,2026-07-25 12:00:00+00:00,3,31.56,32.93,352.84,3.14,111.79,2.24,5.54,0.17,29.7,82,2.75,12,5,25,7,3.0,3.0,4.0,4.0,3.0,3.1666666666666665,3.125
Lahore,2026-07-25 13:00:00+00:00,3,32.77,34.1,387.3,4.61,100.51,2.28,6.12,0.14,28.9,87,2.6,13,5,25,7,3.0,3.0,3.0,3.0,3.0,3.0,3.083333333333333
Lahore,2026-07-25 14:00:00+00:00,3,36.08,37.63,431.94,6.3,89.74,2.52,7.17,0.02,28.5,89,2.19,14,5,25,7,3.0,3.0,3.0,3.0,3.0,3.0,3.083333333333333
Lahore,2026-07-25 15:00:00+00:00,3,40.21,42.03,468.25,7.03,83.21,2.88,7.84,0.0,28.2,90,2.35,15,5,25,7,3.0,3.0,3.0,3.0,3.0,3.0,3.083333333333333
Lahore,2026-07-25 16:00:00+00:00,3,44.16,46.29,490.42,7.09,79.69,3.23,8.3,0.0,28.1,90,2.23,16,5,25,7,3.0,3.0,3.0,3.0,3.0,3.0,3.083333333333333
Lahore,2026-07-25 17:00:00+00:00,3,46.78,49.24,502.78,7.03,76.66,3.56,8.68,0.0,27.9,91,2.06,17,5,25,7,3.0,3.0,3.0,3.0,3.0,3.0,3.083333333333333
Lahore,2026-07-25 18:00:00+00:00,3,46.75,49.39,503.67,6.95,73.62,3.69,8.63,0.0,27.8,91,1.83,18,5,25,7,3.0,3.0,3.0,3.0,3.0,3.0,3.083333333333333
Lahore,2026-07-25 19:00:00+00:00,3,44.8,47.46,497.96,6.91,69.03,3.68,8.43,0.0,27.3,93,1.79,19,5,25,7,3.0,3.0,3.0,3.0,3.0,3.0,3.083333333333333
Lahore,2026-07-25 20:00:00+00:00,3,42.3,45.05,495.47,7.09,62.45,3.56,8.4,0.0,27.0,94,1.57,20,5,25,7,3.0,3.0,3.0,3.0,3.0,3.0,3.083333333333333
Lahore,2026-07-25 21:00:00+00:00,3,39.68,42.61,498.41,7.43,54.71,3.41,8.48,0.0,26.9,94,1.78,21,5,25,7,3.0,3.0,3.0,3.0,3.0,3.0,3.083333333333333
Lahore,2026-07-25 22:00:00+00:00,3,37.32,40.43,503.18,7.83,47.44,3.26,8.32,0.0,26.8,93,1.81,22,5,25,7,3.0,3.0,3.0,3.0,3.0,3.0,3.083333333333333
Lahore,2026-07-25 23:00:00+00:00,3,35.53,38.73,510.46,8.18,41.41,3.12,7.94,0.0,26.7,93,1.77,23,5,25,7,3.0,3.0,3.0,3.0,3.0,3.0,3.083333333333333
Lahore,2026-07-26 00:00:00+00:00,3,34.29,37.52,519.11,8.49,36.53,3.02,7.55,0.0,27.6,93,2.14,0,6,26,7,3.0,3.0,3.0,3.0,3.0,3.0,3.083333333333333
Lahore,2026-07-26 01:00:00+00:00,3,33.2,36.41,527.25,8.66,32.63,3.13,7.2,0.01,27.3,92,2.01,1,6,26,7,3.0,3.0,3.0,3.0,3.0,3.0,3.083333333333333
Lahore,2026-07-26 02:00:00+00:00,3,33.3,36.76,540.63,8.31,32.35,3.32,7.38,0.54,27.5,94,1.77,2,6,26,7,3.0,3.0,3.0,3.0,3.0,3.0,3.083333333333333
Lahore,2026-07-26 03:00:00+00:00,3,35.97,39.91,552.62,7.41,39.33,3.53,7.82,1.34,28.8,90,0.89,3,6,26,7,3.0,3.0,3.0,3.0,3.0,3.0,3.083333333333333
Lahore,2026-07-26 04:00:00+00:00,3,41.74,46.21,546.03,6.6,53.53,3.8,8.03,1.28,30.1,86,0.76,4,6,26,7,3.0,3.0,3.0,3.0,3.0,3.0,3.083333333333333
Lahore,2026-07-26 05:00:00+00:00,4,51.11,55.67,531.12,5.51,71.58,3.87,7.96,0.79,31.1,81,0.94,5,6,26,7,3.0,3.0,3.0,4.0,3.0,3.0,3.083333333333333
Lahore,2026-07-26 06:00:00+00:00,4,60.57,64.86,521.0,4.49,87.79,3.81,7.66,0.47,31.9,75,0.52,6,6,26,7,4.0,3.0,3.0,4.0,3.333333333333333,3.1666666666666665,3.083333333333333
Lahore,2026-07-26 07:00:00+00:00,4,58.6,61.92,485.76,3.85,90.94,3.2,7.47,0.33,32.6,72,0.7,7,6,26,7,4.0,3.0,3.0,3.0,3.6666666666666665,3.333333333333333,3.083333333333333
Lahore,2026-07-26 08:00:00+00:00,4,55.96,58.64,466.03,3.79,86.31,2.48,8.7,0.34,32.9,70,0.68,8,6,26,7,4.0,4.0,3.0,3.0,4.0,3.5,3.125
Lahore,2026-07-26 09:00:00+00:00,4,55.34,57.82,460.75,4.03,86.56,2.23,10.66,0.36,33.4,67,0.49,9,6,26,7,4.0,4.0,3.0,3.0,4.0,3.6666666666666665,3.1666666666666665
Lahore,2026-07-26 10:00:00+00:00,4,55.62,57.99,460.43,4.22,92.09,2.26,12.55,0.38,33.7,64,0.36,10,6,26,7,4.0,4.0,3.0,3.0,4.0,3.8333333333333335,3.208333333333333
Lahore,2026-07-26 11:00:00+00:00,4,55.22,57.43,452.37,3.97,97.44,2.24,11.91,0.35,33.6,63,0.39,11,6,26,7,4.0,4.0,4.0,3.0,4.0,4.0,3.25
Lahore,2026-07-26 12:00:00+00:00,4,52.48,54.48,435.33,3.8,103.35,2.36,10.08,0.27,33.5,63,1.28,12,6,26,7,4.0,4.0,4.0,3.0,4.0,4.0,3.2916666666666665
Lahore,2026-07-26 13:00:00+00:00,4,51.9,54.21,462.05,5.81,94.8,2.42,12.55,0.22,32.0,73,1.62,13,6,26,7,4.0,4.0,4.0,3.0,4.0,4.0,3.333333333333333
Lahore,2026-07-26 14:00:00+00:00,4,55.93,59.24,541.13,9.59,73.49,2.3,18.09,0.05,30.8,83,0.81,14,6,26,7,4.0,4.0,4.0,3.0,4.0,4.0,3.375
Lahore,2026-07-26 15:00:00+00:00,4,60.39,64.69,617.61,11.99,59.1,2.22,20.07,0.0,30.3,87,0.74,15,6,26,7,4.0,4.0,4.0,3.0,4.0,4.0,3.4166666666666665
Lahore,2026-07-26 16:00:00+00:00,4,63.72,68.88,678.25,13.8,48.35,2.1,20.04,0.0,30.0,89,0.78,16,6,26,7,4.0,4.0,4.0,3.0,4.0,4.0,3.458333333333333
Lahore,2026-07-26 17:00:00+00:00,4,66.93,72.94,734.3,15.22,39.23,2.05,21.41,0.0,29.7,90,1.14,17,6,26,7,4.0,4.0,4.0,3.0,4.0,4.0,3.5
Lahore,2026-07-26 18:00:00+00:00,4,69.77,76.31,777.69,16.26,31.82,2.03,24.08,0.0,30.2,89,1.07,18,6,26,7,4.0,4.0,4.0,3.0,4.0,4.0,3.5416666666666665
Lahore,2026-07-26 19:00:00+00:00,4,71.19,77.7,793.15,16.59,26.14,1.91,27.4,0.01,29.7,91,0.9,19,6,26,7,4.0,4.0,4.0,3.0,4.0,4.0,3.583333333333333
Lahore,2026-07-26 20:00:00+00:00,4,72.8,79.28,804.85,16.7,21.41,1.79,29.12,0.01,29.5,92,0.81,20,6,26,7,4.0,4.0,4.0,3.0,4.0,4.0,3.625
Lahore,2026-07-26 21:00:00+00:00,4,74.14,80.72,821.27,17.0,17.3,1.69,30.09,0.03,29.3,92,0.81,21,6,26,7,4.0,4.0,4.0,3.0,4.0,4.0,3.6666666666666665
Lahore,2026-07-26 22:00:00+00:00,5,75.72,82.42,842.61,17.25,13.88,1.55,28.69,0.05,29.1,92,0.89,22,6,26,7,4.0,4.0,4.0,3.0,4.0,4.0,3.7083333333333335
Lahore,2026-07-26 23:00:00+00:00,5,76.89,83.66,864.17,17.14,11.88,1.34,23.17,0.07,28.2,92,2.23,23,6,26,7,5.0,4.0,4.0,3.0,4.333333333333333,4.166666666666667,3.7916666666666665
Lahore,2026-07-27 00:00:00+00:00,5,76.94,83.68,880.34,16.81,11.84,1.2,18.02,0.07,29.2,93,0.5,0,0,27,7,5.0,4.0,4.0,3.0,4.666666666666667,4.333333333333333,3.875
Lahore,2026-07-27 01:00:00+00:00,5,75.41,81.88,879.18,15.58,14.04,1.18,14.45,0.07,29.3,92,0.67,1,0,27,7,5.0,5.0,4.0,3.0,5.0,4.5,3.9583333333333335
Lahore,2026-07-27 02:00:00+00:00,5,75.16,81.72,887.68,12.8,18.76,1.37,13.88,1.33,30.4,85,0.21,2,0,27,7,5.0,5.0,4.0,3.0,5.0,4.666666666666667,4.041666666666667
Lahore,2026-07-27 03:00:00+00:00,5,76.75,83.4,890.75,10.36,33.07,1.71,14.4,2.68,31.4,76,0.11,3,0,27,7,5.0,5.0,4.0,3.0,5.0,4.833333333333333,4.125
Lahore,2026-07-27 04:00:00+00:00,4,53.93,57.44,514.44,3.54,103.48,4.52,6.05,0.42,32.0,73,0.55,4,0,27,7,5.0,5.0,5.0,3.0,5.0,5.0,4.208333333333333
Lahore,2026-07-27 05:00:00+00:00,3,41.11,43.53,407.2,1.66,113.43,3.46,4.32,0.19,32.9,68,0.65,5,0,27,7,4.0,5.0,5.0,4.0,4.666666666666667,4.833333333333333,4.25
Lahore,2026-07-27 06:00:00+00:00,3,36.26,38.3,366.63,1.16,114.09,2.7,3.94,0.14,33.4,64,1.05,6,0,27,7,3.0,5.0,5.0,4.0,4.0,4.5,4.208333333333333
Lahore,2026-07-27 07:00:00+00:00,3,33.59,35.48,341.03,0.96,113.36,2.17,3.8,0.12,34.1,63,1.05,7,0,27,7,3.0,4.0,5.0,4.0,3.333333333333333,4.166666666666667,4.166666666666667
Lahore,2026-07-27 08:00:00+00:00,3,31.73,33.55,319.96,0.89,110.1,1.81,3.86,0.11,34.7,61,1.27,8,0,27,7,3.0,3.0,5.0,4.0,3.0,3.8333333333333335,4.125
Lahore,2026-07-27 09:00:00+00:00,3,30.58,32.36,305.62,0.9,108.13,1.61,4.0,0.11,35.0,60,1.66,9,0,27,7,3.0,3.0,5.0,4.0,3.0,3.5,4.083333333333333
Lahore,2026-07-27 10:00:00+00:00,3,30.76,32.59,306.49,1.12,108.11,1.55,4.73,0.12,35.0,59,1.81,10,0,27,7,3.0,3.0,4.0,4.0,3.0,3.1666666666666665,4.041666666666667
Lahore,2026-07-27 11:00:00+00:00,3,31.72,33.72,318.21,1.7,106.92,1.56,6.24,0.15,34.8,59,1.71,11,0,27,7,3.0,3.0,3.0,4.0,3.0,3.0,4.0
Lahore,2026-07-27 12:00:00+00:00,3,32.19,34.4,333.23,2.61,104.74,1.56,7.83,0.14,34.7,59,1.8,12,0,27,7,3.0,3.0,3.0,4.0,3.0,3.0,3.9583333333333335
Lahore,2026-07-27 13:00:00+00:00,3,34.3,37.42,402.6,6.79,87.05,1.72,13.7,0.15,33.9,67,1.24,13,0,27,7,3.0,3.0,3.0,4.0,3.0,3.0,3.9166666666666665
Lahore,2026-07-27 14:00:00+00:00,3,38.1,42.85,514.5,12.14,62.47,1.94,20.98,0.03,33.0,72,1.0,14,0,27,7,3.0,3.0,3.0,4.0,3.0,3.0,3.875
Lahore,2026-07-27 15:00:00+00:00,3,41.74,48.17,612.3,15.5,46.46,2.09,26.08,0.0,32.5,75,0.91,15,0,27,7,3.0,3.0,3.0,4.0,3.0,3.0,3.8333333333333335
Lahore,2026-07-27 16:00:00+00:00,3,44.24,52.14,684.69,17.73,35.61,2.1,27.98,0.0,32.1,78,0.57,16,0,27,7,3.0,3.0,3.0,4.0,3.0,3.0,3.7916666666666665
Lahore,2026-07-27 17:00:00+00:00,3,46.28,55.48,741.77,19.11,27.6,2.05,27.24,0.0,31.8,78,0.05,17,0,27,7,3.0,3.0,3.0,4.0,3.0,3.0,3.75
Lahore,2026-07-27 18:00:00+00:00,3,47.78,57.9,786.35,20.17,21.12,1.89,25.13,0.01,32.6,77,0.27,18,0,27,7,3.0,3.0,3.0,4.0,3.0,3.0,3.7083333333333335
Lahore,2026-07-27 19:00:00+00:00,3,47.78,58.09,798.81,20.47,16.99,1.62,22.13,0.02,31.7,81,0.47,19,0,27,7,3.0,3.0,3.0,4.0,3.0,3.0,3.6666666666666665
Lahore,2026-07-27 20:00:00+00:00,3,47.63,58.2,796.41,20.01,15.87,1.47,19.69,0.04,30.9,85,0.91,20,0,27,7,3.0,3.0,3.0,4.0,3.0,3.0,3.625
Lahore,2026-07-27 21:00:00+00:00,3,47.53,58.8,786.63,19.07,16.66,1.38,17.66,0.06,29.6,85,2.38,21,0,27,7,3.0,3.0,3.0,4.0,3.0,3.0,3.583333333333333
Lahore,2026-07-27 22:00:00+00:00,3,46.57,59.11,736.7,16.59,23.08,1.49,15.39,0.05,29.0,83,1.31,22,0,27,7,3.0,3.0,3.0,5.0,3.0,3.0,3.5416666666666665
Lahore,2026-07-27 23:00:00+00:00,3,45.76,59.31,699.19,15.05,25.38,1.53,13.72,0.02,27.2,93,0.96,23,0,27,7,3.0,3.0,3.0,5.0,3.0,3.0,3.458333333333333
Lahore,2026-07-28 00:00:00+00:00,3,45.07,59.36,658.19,13.72,26.79,1.59,12.2,0.01,29.7,86,0.43,0,1,28,7,3.0,3.0,3.0,5.0,3.0,3.0,3.375
Lahore,2026-07-28 01:00:00+00:00,3,43.83,59.97,591.18,11.57,31.42,1.83,11.31,0.0,29.5,87,0.85,1,1,28,7,3.0,3.0,3.0,5.0,3.0,3.0,3.2916666666666665
Lahore,2026-07-28 02:00:00+00:00,3,43.71,64.59,561.0,10.74,32.98,2.21,12.29,0.1,29.7,87,1.97,2,1,28,7,3.0,3.0,3.0,5.0,3.0,3.0,3.208333333333333
Lahore,2026-07-28 03:00:00+00:00,3,43.23,72.58,529.97,9.97,37.94,2.68,12.71,0.38,30.5,83,1.37,3,1,28,7,3.0,3.0,3.0,5.0,3.0,3.0,3.125
Lahore,2026-07-28 04:00:00+00:00,3,37.72,83.84,379.08,4.9,71.3,2.74,7.98,0.23,31.8,76,1.47,4,1,28,7,3.0,3.0,3.0,4.0,3.0,3.0,3.0416666666666665
Lahore,2026-07-28 05:00:00+00:00,3,33.2,78.96,353.02,3.08,84.76,2.27,6.89,0.2,33.0,71,1.59,5,1,28,7,3.0,3.0,3.0,3.0,3.0,3.0,3.0
Lahore,2026-07-28 06:00:00+00:00,3,30.23,72.26,351.31,2.27,92.68,2.02,6.67,0.17,34.3,58,1.32,6,1,28,7,3.0,3.0,3.0,3.0,3.0,3.0,3.0
Lahore,2026-07-28 07:00:00+00:00,3,28.4,67.26,354.12,1.84,99.55,1.85,6.67,0.13,32.7,68,1.07,7,1,28,7,3.0,3.0,3.0,3.0,3.0,3.0,3.0
Lahore,2026-07-28 08:00:00+00:00,3,26.72,62.03,355.81,1.77,101.78,1.69,6.82,0.1,33.1,70,1.85,8,1,28,7,3.0,3.0,3.0,3.0,3.0,3.0,3.0
Lahore,2026-07-28 09:00:00+00:00,3,25.1,57.76,356.83,1.9,102.23,1.58,7.05,0.08,32.7,72,2.67,9,1,28,7,3.0,3.0,3.0,3.0,3.0,3.0,3.0
Lahore,2026-07-28 10:00:00+00:00,3,25.17,57.13,376.84,2.9,96.76,1.61,8.94,0.11,33.7,68,2.05,10,1,28,7,3.0,3.0,3.0,3.0,3.0,3.0,3.0
Lahore,2026-07-28 11:00:00+00:00,3,26.82,59.27,415.47,4.86,87.2,1.75,12.56,0.19,33.9,66,1.79,11,1,28,7,3.0,3.0,3.0,3.0,3.0,3.0,3.0
Lahore,2026-07-28 12:00:00+00:00,3,28.41,61.39,459.66,7.32,79.97,1.92,16.59,0.25,33.7,65,1.1,12,1,28,7,3.0,3.0,3.0,3.0,3.0,3.0,3.0
Lahore,2026-07-28 13:00:00+00:00,3,30.81,64.05,535.93,11.65,68.14,2.17,22.81,0.22,32.8,72,1.46,13,1,28,7,3.0,3.0,3.0,3.0,3.0,3.0,3.0
Lahore,2026-07-28 14:00:00+00:00,3,34.3,67.29,641.81,16.54,49.88,2.43,28.71,0.04,31.5,79,1.84,14,1,28,7,3.0,3.0,3.0,3.0,3.0,3.0,3.0
Lahore,2026-07-28 15:00:00+00:00,3,37.93,70.53,740.34,19.8,35.58,2.59,32.57,0.0,30.8,81,2.54,15,1,28,7,3.0,3.0,3.0,3.0,3.0,3.0,3.0
Lahore,2026-07-28 16:00:00+00:00,3,40.1,70.6,799.94,22.2,25.11,2.55,33.93,0.0,30.4,83,2.51,16,1,28,7,3.0,3.0,3.0,3.0,3.0,3.0,3.0
Lahore,2026-07-28 17:00:00+00:00,3,40.89,68.57,828.87,23.26,19.07,2.47,33.17,0.02,29.9,85,2.67,17,1,28,7,3.0,3.0,3.0,3.0,3.0,3.0,3.0
Lahore,2026-07-28 18:00:00+00:00,3,40.12,64.68,821.26,23.08,17.23,2.42,31.52,0.02,29.9,87,3.16,18,1,28,7,3.0,3.0,3.0,3.0,3.0,3.0,3.0
Lahore,2026-07-28 19:00:00+00:00,3,34.32,56.13,695.81,18.34,27.83,2.7,26.4,0.0,29.3,90,3.18,19,1,28,7,3.0,3.0,3.0,3.0,3.0,3.0,3.0
Lahore,2026-07-28 20:00:00+00:00,3,31.73,51.99,643.96,16.63,29.73,2.98,24.61,0.0,28.9,91,2.72,20,1,28,7,3.0,3.0,3.0,3.0,3.0,3.0,3.0
Lahore,2026-07-28 21:00:00+00:00,3,30.15,50.68,610.71,15.59,29.77,3.11,23.3,0.0,28.2,92,2.66,21,1,28,7,3.0,3.0,3.0,3.0,3.0,3.0,3.0
Lahore,2026-07-28 22:00:00+00:00,3,28.73,52.11,563.76,13.74,31.53,3.18,20.91,0.0,27.9,93,3.04,22,1,28,7,3.0,3.0,3.0,3.0,3.0,3.0,3.0
Lahore,2026-07-28 23:00:00+00:00,3,28.18,54.3,536.67,12.64,31.09,2.92,19.75,0.0,27.7,94,2.77,23,1,28,7,3.0,3.0,3.0,3.0,3.0,3.0,3.0
Lahore,2026-07-29 00:00:00+00:00,3,28.11,56.73,518.26,12.01,29.56,2.58,19.31,0.0,26.8,95,2.39,0,2,29,7,3.0,3.0,3.0,3.0,3.0,3.0,3.0
Lahore,2026-07-29 01:00:00+00:00,3,28.56,59.85,508.21,11.43,27.78,2.3,18.43,0.02,26.8,96,2.04,1,2,29,7,3.0,3.0,3.0,3.0,3.0,3.0,3.0
Lahore,2026-07-29 02:00:00+00:00,3,29.41,65.66,502.85,10.05,28.38,2.28,16.58,0.68,27.5,92,2.18,2,2,29,7,3.0,3.0,3.0,3.0,3.0,3.0,3.0
Lahore,2026-07-29 03:00:00+00:00,3,30.31,75.37,473.27,8.07,35.64,2.56,14.65,1.74,28.7,87,2.6,3,2,29,7,3.0,3.0,3.0,3.0,3.0,3.0,3.0
Lahore,2026-07-29 04:00:00+00:00,3,32.22,86.41,405.42,6.48,50.89,3.2,13.1,1.54,30.2,79,2.66,4,2,29,7,3.0,3.0,3.0,3.0,3.0,3.0,3.0
Lahore,2026-07-29 05:00:00+00:00,3,39.52,95.4,381.06,5.45,68.78,3.64,12.59,1.1,31.0,76,3.13,5,2,29,7,3.0,3.0,3.0,3.0,3.0,3.0,3.0
Lahore,2026-07-29 06:00:00+00:00,4,49.11,106.61,352.36,3.98,91.05,3.88,11.88,0.61,29.5,73,1.16,6,2,29,7,3.0,3.0,3.0,3.0,3.0,3.0,3.0
Lahore,2026-07-29 07:00:00+00:00,4,52.36,104.7,333.59,3.09,98.33,3.21,11.54,0.4,30.3,73,1.03,7,2,29,7,4.0,3.0,3.0,3.0,3.333333333333333,3.1666666666666665,3.0416666666666665
Lahore,2026-07-29 08:00:00+00:00,4,53.37,97.62,357.04,3.71,97.6,2.64,14.8,0.42,31.0,72,1.32,8,2,29,7,4.0,3.0,3.0,3.0,3.6666666666666665,3.333333333333333,3.083333333333333
Lahore,2026-07-29 09:00:00+00:00,4,54.44,93.62,388.75,5.16,102.56,2.73,20.57,0.42,31.8,70,0.96,9,2,29,7,4.0,4.0,3.0,3.0,4.0,3.5,3.125
Lahore,2026-07-29 10:00:00+00:00,4,56.6,92.38,427.81,7.14,112.27,3.09,28.66,0.44,32.4,67,1.14,10,2,29,7,4.0,4.0,3.0,3.0,4.0,3.6666666666666665,3.1666666666666665
Lahore,2026-07-29 11:00:00+00:00,4,57.92,91.75,446.22,7.79,115.87,3.08,31.34,0.48,32.1,69,1.54,11,2,29,7,4.0,4.0,3.0,3.0,4.0,3.8333333333333335,3.208333333333333
Lahore,2026-07-29 12:00:00+00:00,4,56.09,88.39,439.24,7.78,110.78,2.74,27.65,0.41,32.3,66,1.08,12,2,29,7,4.0,4.0,4.0,3.0,4.0,4.0,3.25
Lahore,2026-07-29 13:00:00+00:00,4,53.87,85.63,450.08,9.03,97.44,2.45,24.6,0.25,31.6,70,0.89,13,2,29,7,4.0,4.0,4.0,3.0,4.0,4.0,3.2916666666666665
Lahore,2026-07-29 14:00:00+00:00,4,54.93,86.92,513.01,12.02,79.43,2.42,26.85,0.04,30.5,79,0.85,14,2,29,7,4.0,4.0,4.0,3.0,4.0,4.0,3.333333333333333
Lahore,2026-07-29 15:00:00+00:00,4,55.38,87.64,567.17,13.43,66.5,2.4,26.93,0.0,29.7,83,1.0,15,2,29,7,4.0,4.0,4.0,3.0,4.0,4.0,3.375
Lahore,2026-07-29 16:00:00+00:00,4,53.3,85.13,590.17,13.62,58.93,2.29,24.32,0.0,29.3,83,1.32,16,2,29,7,4.0,4.0,4.0,3.0,4.0,4.0,3.4166666666666665
Lahore,2026-07-29 17:00:00+00:00,3,49.72,80.65,585.84,12.91,55.7,2.19,21.28,0.0,28.9,83,1.66,17,2,29,7,4.0,4.0,4.0,3.0,4.0,4.0,3.458333333333333
Lahore,2026-07-29 18:00:00+00:00,3,45.53,74.98,562.72,12.12,55.26,2.09,19.74,0.0,29.3,84,1.51,18,2,29,7,3.0,4.0,4.0,3.0,3.6666666666666665,3.8333333333333335,3.458333333333333
Lahore,2026-07-29 19:00:00+00:00,3,40.02,65.98,499.83,10.1,60.97,1.91,15.67,0.0,28.6,86,1.56,19,2,29,7,3.0,4.0,4.0,3.0,3.333333333333333,3.6666666666666665,3.458333333333333
Lahore,2026-07-29 20:00:00+00:00,3,37.99,59.71,483.07,9.64,58.36,1.87,14.64,0.0,28.3,86,1.21,20,2,29,7,3.0,3.0,4.0,3.0,3.0,3.5,3.458333333333333
Lahore,2026-07-29 21:00:00+00:00,3,38.21,56.73,492.55,9.9,55.16,2.19,18.16,0.0,28.1,87,1.12,21,2,29,7,3.0,3.0,4.0,3.0,3.0,3.333333333333333,3.458333333333333
Lahore,2026-07-29 22:00:00+00:00,3,39.66,55.32,502.39,10.11,53.9,2.87,21.67,0.0,27.9,88,1.8,22,2,29,7,3.0,3.0,4.0,3.0,3.0,3.1666666666666665,3.458333333333333
Lahore,2026-07-29 23:00:00+00:00,3,41.53,54.88,509.55,9.51,50.35,2.98,16.45,0.0,27.7,89,1.5,23,2,29,7,3.0,3.0,3.0,3.0,3.0,3.0,3.458333333333333
Lahore,2026-07-30 00:00:00+00:00,3,43.37,54.83,521.16,8.89,47.98,2.83,10.71,0.0,27.1,95,1.99,0,3,30,7,3.0,3.0,3.0,3.0,3.0,3.0,3.458333333333333
Lahore,2026-07-30 01:00:00+00:00,3,45.86,56.47,540.93,8.7,44.61,2.52,8.59,0.0,26.8,94,1.44,1,3,30,7,3.0,3.0,3.0,3.0,3.0,3.0,3.458333333333333
Lahore,2026-07-30 02:00:00+00:00,3,49.92,60.8,581.21,9.0,41.5,2.61,8.45,0.27,27.2,91,1.79,2,3,30,7,3.0,3.0,3.0,3.0,3.0,3.0,3.458333333333333
Lahore,2026-07-30 03:00:00+00:00,4,55.35,66.68,610.45,8.86,45.53,3.31,8.7,1.06,28.3,84,1.59,3,3,30,7,3.0,3.0,3.0,3.0,3.0,3.0,3.458333333333333
Lahore,2026-07-30 04:00:00+00:00,4,57.43,76.72,492.18,6.33,71.06,5.71,6.51,0.8,29.9,77,2.47,4,3,30,7,4.0,3.0,3.0,3.0,3.333333333333333,3.1666666666666665,3.5
Lahore,2026-07-30 05:00:00+00:00,4,59.79,79.75,454.77,4.56,88.71,5.24,6.71,0.58,31.3,72,1.48,5,3,30,7,4.0,3.0,3.0,3.0,3.6666666666666665,3.333333333333333,3.5416666666666665
Lahore,2026-07-30 06:00:00+00:00,4,64.27,85.04,424.84,3.01,109.97,4.8,6.84,0.38,33.2,66,0.89,6,3,30,7,4.0,4.0,3.0,4.0,4.0,3.5,3.583333333333333
Lahore,2026-07-30 07:00:00+00:00,3,47.36,73.07,303.13,1.55,116.98,3.4,4.78,0.2,33.8,65,0.85,7,3,30,7,4.0,4.0,3.0,4.0,4.0,3.6666666666666665,3.583333333333333
Lahore,2026-07-30 08:00:00+00:00,3,39.48,66.81,256.94,1.17,114.58,2.52,4.42,0.15,34.2,65,1.01,8,3,30,7,3.0,4.0,3.0,4.0,3.6666666666666665,3.6666666666666665,3.5416666666666665
Lahore,2026-07-30 09:00:00+00:00,3,37.46,64.46,246.77,1.11,114.74,2.14,4.59,0.14,32.6,72,2.34,9,3,30,7,3.0,4.0,4.0,4.0,3.333333333333333,3.6666666666666665,3.5
Lahore,2026-07-30 10:00:00+00:00,3,37.43,64.58,260.47,1.98,111.2,1.91,6.23,0.22,32.3,75,2.14,10,3,30,7,3.0,3.0,4.0,4.0,3.0,3.5,3.458333333333333
Lahore,2026-07-30 11:00:00+00:00,3,38.28,66.11,294.35,3.95,105.95,1.9,9.49,0.3,32.8,73,0.45,11,3,30,7,3.0,3.0,4.0,4.0,3.0,3.333333333333333,3.4166666666666665
Lahore,2026-07-30 12:00:00+00:00,3,38.75,67.12,337.11,7.03,101.33,2.1,13.52,0.25,32.2,73,2.02,12,3,30,7,3.0,3.0,4.0,4.0,3.0,3.1666666666666665,3.375
Lahore,2026-07-30 13:00:00+00:00,3,40.03,68.45,397.5,10.83,91.48,2.4,18.72,0.15,31.3,77,1.41,13,3,30,7,3.0,3.0,3.0,4.0,3.0,3.0,3.333333333333333
Lahore,2026-07-30 14:00:00+00:00,3,42.83,70.13,460.11,12.75,76.5,2.52,21.86,0.02,29.0,86,2.06,14,3,30,7,3.0,3.0,3.0,4.0,3.0,3.0,3.2916666666666665
Lahore,2026-07-30 15:00:00+00:00,3,47.5,72.21,513.88,12.85,67.9,2.59,22.66,0.0,27.6,95,0.96,15,3,30,7,3.0,3.0,3.0,4.0,3.0,3.0,3.25
Lahore,2026-07-30 16:00:00+00:00,4,56.66,76.45,573.54,12.46,65.46,2.82,21.26,0.0,27.9,94,0.92,16,3,30,7,3.0,3.0,3.0,4.0,3.0,3.0,3.208333333333333
Lahore,2026-07-30 17:00:00+00:00,4,71.7,86.87,649.66,11.94,67.24,3.37,20.11,0.0,28.4,92,2.01,17,3,30,7,4.0,3.0,3.0,3.0,3.333333333333333,3.1666666666666665,3.208333333333333
Lahore,2026-07-30 18:00:00+00:00,5,88.22,99.41,702.63,10.19,75.07,4.2,18.52,0.0,28.8,90,2.54,18,3,30,7,4.0,3.0,3.0,3.0,3.6666666666666665,3.333333333333333,3.25
Lahore,2026-07-30 19:00:00+00:00,5,96.5,104.23,701.63,7.17,89.99,5.56,15.59,0.0,28.3,92,2.53,19,3,30,7,5.0,4.0,3.0,3.0,4.333333333333333,3.6666666666666665,3.333333333333333
Lahore,2026-07-30 20:00:00+00:00,5,91.37,97.34,702.21,6.17,90.64,5.96,13.54,0.0,28.2,94,2.53,20,3,30,7,5.0,4.0,3.0,3.0,4.666666666666667,4.0,3.4166666666666665
Lahore,2026-07-30 21:00:00+00:00,5,80.01,85.12,697.41,5.76,85.89,5.78,12.08,0.0,28.0,94,2.21,21,3,30,7,5.0,5.0,3.0,3.0,5.0,4.333333333333333,3.5
Lahore,2026-07-30 22:00:00+00:00,4,68.98,74.07,689.86,5.59,79.39,5.46,11.2,0.0,27.9,93,2.06,22,3,30,7,5.0,5.0,4.0,3.0,5.0,4.666666666666667,3.583333333333333
Lahore,2026-07-30 23:00:00+00:00,4,61.61,67.41,682.93,5.62,72.59,5.29,10.89,0.0,27.1,95,2.46,23,3,30,7,4.0,5.0,4.0,3.0,4.666666666666667,4.666666666666667,3.625
Lahore,2026-07-31 00:00:00+00:00,4,58.11,65.1,672.61,5.88,65.78,5.39,10.63,0.0,26.3,91,4.27,0,4,31,7,4.0,5.0,5.0,3.0,4.333333333333333,4.666666666666667,3.6666666666666665
Lahore,2026-07-31 01:00:00+00:00,4,58.08,65.92,667.53,6.38,58.43,5.6,10.03,0.0,25.8,93,1.43,1,4,31,7,4.0,4.0,5.0,3.0,4.0,4.5,3.7083333333333335
Lahore,2026-07-31 02:00:00+00:00,4,60.72,68.85,672.43,7.53,50.74,5.85,9.1,0.07,26.2,91,2.89,2,4,31,7,4.0,4.0,5.0,3.0,4.0,4.333333333333333,3.75
Lahore,2026-07-31 03:00:00+00:00,4,63.95,72.12,684.13,9.01,45.8,6.16,8.24,0.28,25.4,94,2.82,3,4,31,7,4.0,4.0,5.0,4.0,4.0,4.166666666666667,3.7916666666666665
Lahore,2026-07-31 04:00:00+00:00,4,61.18,67.88,664.55,9.36,47.59,6.26,6.96,0.5,25.8,95,2.7,4,4,31,7,4.0,4.0,4.0,4.0,4.0,4.0,3.7916666666666665
Lahore,2026-07-31 05:00:00+00:00,4,60.8,66.29,659.15,9.27,50.54,5.75,6.74,0.85,28.3,85,2.33,5,4,31,7,4.0,4.0,4.0,4.0,4.0,4.0,3.7916666666666665
Lahore,2026-07-31 06:00:00+00:00,4,64.39,69.29,658.49,8.53,58.54,5.33,7.05,1.21,31.0,80,3.09,6,4,31,7,4.0,4.0,4.0,4.0,4.0,4.0,3.7916666666666665
Lahore,2026-07-31 07:00:00+00:00,5,77.99,82.43,658.04,6.34,83.72,4.79,7.52,1.18,29.3,83,2.41,7,4,31,7,4.0,4.0,4.0,3.0,4.0,4.0,3.7916666666666665
Lahore,2026-07-31 08:00:00+00:00,5,90.53,94.34,650.71,5.31,99.55,4.18,8.21,0.65,30.7,80,0.92,8,4,31,7,5.0,4.0,4.0,3.0,4.333333333333333,4.166666666666667,3.875
Lahore,2026-07-31 09:00:00+00:00,5,92.58,95.75,640.38,5.35,101.35,3.83,9.26,0.51,31.7,77,1.77,9,4,31,7,5.0,4.0,4.0,3.0,4.666666666666667,4.333333333333333,3.9583333333333335
Lahore,2026-07-31 10:00:00+00:00,5,88.01,90.67,626.82,6.11,94.34,3.45,10.0,0.36,31.7,77,1.66,10,4,31,7,5.0,5.0,4.0,3.0,5.0,4.5,4.041666666666667
Lahore,2026-07-31 11:00:00+00:00,5,77.58,79.86,597.67,7.05,82.73,3.19,9.52,0.31,31.1,77,1.87,11,4,31,7,5.0,5.0,4.0,3.0,5.0,4.666666666666667,4.125
Lahore,2026-07-31 12:00:00+00:00,4,62.83,64.78,548.92,8.16,73.74,3.25,9.1,0.25,30.4,80,1.98,12,4,31,7,5.0,5.0,4.0,3.0,5.0,4.833333333333333,4.208333333333333
Lahore,2026-07-31 13:00:00+00:00,3,48.14,50.01,493.26,9.18,70.4,3.58,8.78,0.16,29.7,84,2.53,13,4,31,7,4.0,5.0,5.0,3.0,4.666666666666667,4.833333333333333,4.25
Lahore,2026-07-31 14:00:00+00:00,3,42.17,44.36,484.87,10.64,62.69,3.79,9.88,0.03,29.4,85,2.58,14,4,31,7,3.0,5.0,5.0,3.0,4.0,4.5,4.25
Lahore,2026-07-31 15:00:00+00:00,3,37.22,39.65,478.78,11.1,55.33,3.79,10.27,0.0,29.2,86,2.55,15,4,31,7,3.0,4.0,5.0,3.0,3.333333333333333,4.166666666666667,4.25
Lahore,2026-07-31 16:00:00+00:00,3,31.05,33.66,457.21,10.9,48.52,3.66,9.93,0.0,28.9,87,2.5,16,4,31,7,3.0,3.0,5.0,4.0,3.0,3.8333333333333335,4.25
Lahore,2026-07-31 17:00:00+00:00,3,26.27,29.1,437.32,10.57,43.68,3.68,9.6,0.0,28.4,87,2.2,17,4,31,7,3.0,3.0,5.0,4.0,3.0,3.5,4.208333333333333
Lahore,2026-07-31 18:00:00+00:00,2,23.19,26.17,419.39,10.33,40.59,3.77,9.12,0.0,28.0,88,2.43,18,4,31,7,3.0,3.0,4.0,5.0,3.0,3.1666666666666665,4.166666666666667
Lahore,2026-07-31 19:00:00+00:00,2,20.82,23.82,395.79,9.99,38.68,3.9,8.63,0.0,27.7,88,2.19,19,4,31,7,2.0,3.0,3.0,5.0,2.6666666666666665,2.833333333333333,4.041666666666667
Lahore,2026-07-31 20:00:00+00:00,2,19.19,22.21,374.99,9.53,37.75,4.08,8.42,0.0,27.7,88,1.82,20,4,31,7,2.0,3.0,3.0,5.0,2.333333333333333,2.6666666666666665,3.9166666666666665
Lahore,2026-07-31 21:00:00+00:00,2,18.23,21.31,360.61,9.04,36.93,4.25,8.37,0.0,27.6,89,1.84,21,4,31,7,2.0,2.0,3.0,5.0,2.0,2.5,3.7916666666666665
Lahore,2026-07-31 22:00:00+00:00,2,18.16,21.37,356.36,8.77,35.39,4.31,8.33,0.0,27.6,89,1.87,22,4,31,7,2.0,2.0,3.0,4.0,2.0,2.333333333333333,3.6666666666666665
Lahore,2026-07-31 23:00:00+00:00,2,18.95,22.35,361.91,8.86,32.5,4.1,8.31,0.0,27.5,88,1.99,23,4,31,7,2.0,2.0,3.0,4.0,2.0,2.1666666666666665,3.583333333333333
Lahore,2026-08-01 00:00:00+00:00,2,20.16,23.8,373.57,9.17,29.14,3.86,8.34,0.0,27.9,88,2.05,0,5,1,8,2.0,2.0,2.0,4.0,2.0,2.0,3.5
Lahore,2026-08-01 01:00:00+00:00,2,21.54,25.51,390.38,9.74,25.43,3.75,6.6,0.01,27.8,88,2.04,1,5,1,8,2.0,2.0,2.0,4.0,2.0,2.0,3.4166666666666665
Lahore,2026-08-01 02:00:00+00:00,2,23.32,27.82,412.64,9.24,24.61,4.02,5.85,0.95,28.4,85,2.45,2,5,1,8,2.0,2.0,2.0,4.0,2.0,2.0,3.333333333333333
Lahore,2026-08-01 03:00:00+00:00,3,26.44,31.43,429.78,7.73,30.73,4.74,5.85,2.57,28.6,82,4.28,3,5,1,8,2.0,2.0,2.0,4.0,2.0,2.0,3.25
Lahore,2026-08-01 04:00:00+00:00,3,32.35,37.21,421.01,7.46,46.26,6.25,5.96,2.34,28.1,84,3.29,4,5,1,8,3.0,2.0,2.0,4.0,2.333333333333333,2.1666666666666665,3.208333333333333
Lahore,2026-08-01 05:00:00+00:00,3,42.5,46.9,421.82,7.03,64.71,6.19,5.3,1.43,29.5,82,2.18,5,5,1,8,3.0,2.0,2.0,4.0,2.6666666666666665,2.333333333333333,3.1666666666666665
Lahore,2026-08-01 06:00:00+00:00,4,52.49,56.32,422.61,6.33,81.06,5.76,4.61,0.65,31.1,74,1.75,6,5,1,8,3.0,3.0,2.0,4.0,3.0,2.5,3.125
Lahore,2026-08-01 07:00:00+00:00,3,46.96,49.55,390.16,5.31,87.7,4.84,3.29,0.24,32.2,68,1.77,7,5,1,8,4.0,3.0,2.0,5.0,3.333333333333333,2.833333333333333,3.125
Lahore,2026-08-01 08:00:00+00:00,3,41.32,43.08,369.12,4.85,87.5,3.96,2.43,0.16,33.0,62,2.15,8,5,1,8,3.0,3.0,2.0,5.0,3.333333333333333,3.0,3.0416666666666665
Lahore,2026-08-01 09:00:00+00:00,3,39.19,40.55,366.53,4.85,87.02,3.4,2.01,0.11,33.4,61,1.66,9,5,1,8,3.0,4.0,3.0,5.0,3.333333333333333,3.1666666666666665,2.958333333333333
Lahore,2026-08-01 10:00:00+00:00,3,38.12,39.35,369.24,5.02,85.36,2.79,1.96,0.11,33.4,62,1.32,10,5,1,8,3.0,3.0,3.0,5.0,3.0,3.1666666666666665,2.875
Lahore,2026-08-01 11:00:00+00:00,3,38.38,39.73,379.23,5.63,81.84,2.46,2.27,0.11,33.2,63,1.07,11,5,1,8,3.0,3.0,3.0,5.0,3.0,3.1666666666666665,2.7916666666666665
Lahore,2026-08-01 12:00:00+00:00,3,38.33,39.83,392.87,6.65,78.32,2.34,2.65,0.11,32.5,66,0.61,12,5,1,8,3.0,3.0,4.0,4.0,3.0,3.1666666666666665,2.708333333333333
Lahore,2026-08-01 13:00:00+00:00,3,39.1,41.06,416.1,8.21,73.27,2.32,3.3,0.08,32.1,68,0.52,13,5,1,8,3.0,3.0,3.0,3.0,3.0,3.0,2.6666666666666665
Lahore,2026-08-01 14:00:00+00:00,3,40.79,43.53,448.01,9.87,64.58,2.36,3.91,0.01,31.1,81,0.07,14,5,1,8,3.0,3.0,3.0,3.0,3.0,3.0,2.6666666666666665
Lahore,2026-08-01 15:00:00+00:00,3,42.31,45.83,479.7,10.98,56.93,2.41,4.13,0.0,30.4,85,0.78,15,5,1,8,3.0,3.0,3.0,3.0,3.0,3.0,2.6666666666666665
Lahore,2026-08-01 16:00:00+00:00,3,42.83,46.85,498.93,11.61,50.76,2.42,3.9,0.0,29.8,86,1.21,16,5,1,8,3.0,3.0,3.0,3.0,3.0,3.0,2.6666666666666665
Lahore,2026-08-01 17:00:00+00:00,3,42.33,46.54,504.62,11.55,47.22,2.44,3.57,0.0,29.4,88,1.35,17,5,1,8,3.0,3.0,3.0,3.0,3.0,3.0,2.6666666666666665
Lahore,2026-08-01 18:00:00+00:00,3,40.83,44.88,493.81,10.82,46.48,2.49,3.2,0.0,29.6,86,1.61,18,5,1,8,3.0,3.0,3.0,2.0,3.0,3.0,2.6666666666666665
Lahore,2026-08-01 19:00:00+00:00,3,38.42,42.2,474.75,10.0,45.52,2.67,2.85,0.0,29.3,86,1.5,19,5,1,8,3.0,3.0,3.0,2.0,3.0,3.0,2.708333333333333
Lahore,2026-08-01 20:00:00+00:00,3,36.78,40.58,476.78,10.11,40.24,2.84,2.67,0.0,29.1,85,1.85,20,5,1,8,3.0,3.0,3.0,2.0,3.0,3.0,2.75
Lahore,2026-08-01 21:00:00+00:00,3,35.51,39.4,485.57,10.41,34.8,2.88,2.55,0.0,29.0,85,2.15,21,5,1,8,3.0,3.0,3.0,2.0,3.0,3.0,2.7916666666666665
Lahore,2026-08-01 22:00:00+00:00,3,34.36,38.31,495.75,10.64,30.49,2.82,2.43,0.0,28.7,87,1.88,22,5,1,8,3.0,3.0,3.0,2.0,3.0,3.0,2.833333333333333
Lahore,2026-08-01 23:00:00+00:00,3,33.62,37.61,506.64,10.82,27.47,2.71,2.3,0.0,28.4,89,1.66,23,5,1,8,3.0,3.0,3.0,2.0,3.0,3.0,2.875
Lahore,2026-08-02 00:00:00+00:00,3,33.18,37.2,516.54,10.99,25.28,2.63,2.18,0.0,28.5,84,1.98,0,6,2,8,3.0,3.0,3.0,2.0,3.0,3.0,2.9166666666666665
Lahore,2026-08-02 01:00:00+00:00,3,32.72,36.87,525.78,11.06,23.35,2.64,2.17,0.02,28.1,85,1.9,1,6,2,8,3.0,3.0,3.0,2.0,3.0,3.0,2.958333333333333
Lahore,2026-08-02 02:00:00+00:00,3,32.7,37.14,538.38,10.25,23.85,2.9,2.41,0.76,28.4,88,1.1,2,6,2,8,3.0,3.0,3.0,2.0,3.0,3.0,3.0
Lahore,2026-08-02 03:00:00+00:00,3,34.07,38.71,542.51,8.72,30.45,3.56,2.52,1.95,29.4,85,0.76,3,6,2,8,3.0,3.0,3.0,3.0,3.0,3.0,3.0416666666666665
Lahore,2026-08-02 04:00:00+00:00,3,27.25,30.11,447.25,5.92,64.97,4.69,1.11,0.87,30.5,79,1.03,4,6,2,8,3.0,3.0,3.0,3.0,3.0,3.0,3.0416666666666665
Lahore,2026-08-02 05:00:00+00:00,2,23.04,24.67,397.63,3.93,86.5,3.42,0.78,0.39,31.4,75,1.76,5,6,2,8,3.0,3.0,3.0,3.0,3.0,3.0,3.0416666666666665
Lahore,2026-08-02 06:00:00+00:00,2,23.93,25.18,379.37,3.02,97.88,2.85,0.74,0.27,31.6,72,1.16,6,6,2,8,2.0,3.0,3.0,4.0,2.6666666666666665,2.833333333333333,3.0
Lahore,2026-08-02 07:00:00+00:00,3,24.02,25.09,365.06,2.48,105.52,2.44,0.75,0.19,32.8,67,1.71,7,6,2,8,2.0,3.0,3.0,3.0,2.333333333333333,2.6666666666666665,2.9166666666666665
Lahore,2026-08-02 08:00:00+00:00,3,22.38,23.33,346.01,2.16,109.0,2.11,0.77,0.15,33.5,65,0.91,8,6,2,8,3.0,2.0,3.0,3.0,2.333333333333333,2.6666666666666665,2.9166666666666665
Lahore,2026-08-02 09:00:00+00:00,3,20.47,21.35,328.4,2.03,109.55,1.9,0.8,0.12,33.9,64,1.28,9,6,2,8,3.0,2.0,3.0,3.0,2.6666666666666665,2.6666666666666665,2.9166666666666665
Lahore,2026-08-02 10:00:00+00:00,3,19.71,20.68,324.56,2.37,108.66,1.84,1.01,0.11,34.0,63,1.15,10,6,2,8,3.0,3.0,3.0,3.0,3.0,2.6666666666666665,2.9166666666666665
Lahore,2026-08-02 11:00:00+00:00,3,20.35,21.57,333.08,3.24,104.93,1.91,1.41,0.11,33.9,64,1.11,11,6,2,8,3.0,3.0,2.0,3.0,3.0,2.6666666666666665,2.9166666666666665
Lahore,2026-08-02 12:00:00+00:00,3,20.84,22.3,346.57,4.4,100.7,2.0,1.82,0.08,34.3,62,1.48,12,6,2,8,3.0,3.0,2.0,3.0,3.0,2.833333333333333,2.9166666666666665
Lahore,2026-08-02 13:00:00+00:00,2,22.86,24.89,381.53,6.57,90.72,2.06,2.93,0.05,33.4,68,0.99,13,6,2,8,3.0,3.0,3.0,3.0,3.0,3.0,2.9166666666666665
Lahore,2026-08-02 14:00:00+00:00,3,26.44,29.34,433.52,8.97,76.77,2.11,4.3,0.01,32.1,74,1.39,14,6,2,8,2.0,3.0,3.0,3.0,2.6666666666666665,2.833333333333333,2.875
Lahore,2026-08-02 15:00:00+00:00,3,30.22,33.91,487.46,10.7,66.18,2.16,5.27,0.0,31.4,76,1.41,15,6,2,8,3.0,3.0,3.0,3.0,2.6666666666666665,2.833333333333333,2.875
Lahore,2026-08-02 16:00:00+00:00,3,33.79,38.18,533.24,12.06,57.88,2.18,5.61,0.0,30.8,79,2.27,16,6,2,8,3.0,2.0,3.0,3.0,2.6666666666666665,2.833333333333333,2.875
Lahore,2026-08-02 17:00:00+00:00,3,36.2,41.05,560.39,12.57,53.14,2.28,5.43,0.0,29.9,83,2.33,17,6,2,8,3.0,3.0,3.0,3.0,3.0,2.833333333333333,2.875
Lahore,2026-08-02 18:00:00+00:00,3,36.47,41.3,562.43,12.19,50.82,2.36,4.78,0.0,29.9,82,1.87,18,6,2,8,3.0,3.0,3.0,3.0,3.0,2.833333333333333,2.875
Lahore,2026-08-02 19:00:00+00:00,3,34.82,39.31,534.9,11.18,49.55,2.42,3.96,0.0,29.3,82,1.25,19,6,2,8,3.0,3.0,2.0,3.0,3.0,2.833333333333333,2.875
Lahore,2026-08-02 20:00:00+00:00,3,33.73,38.26,517.49,10.56,47.34,2.43,3.48,0.0,29.0,84,1.55,20,6,2,8,3.0,3.0,3.0,3.0,3.0,3.0,2.875
Lahore,2026-08-02 21:00:00+00:00,3,33.19,37.95,504.08,9.99,45.39,2.41,3.17,0.0,28.8,87,1.6,21,6,2,8,3.0,3.0,3.0,3.0,3.0,3.0,2.875
Lahore,2026-08-02 22:00:00+00:00,3,32.92,38.06,494.19,9.64,42.47,2.27,2.94,0.0,28.7,88,1.66,22,6,2,8,3.0,3.0,3.0,3.0,3.0,3.0,2.875
Lahore,2026-08-02 23:00:00+00:00,3,33.48,39.37,503.42,10.14,37.13,2.02,3.12,0.0,28.3,90,0.86,23,6,2,8,3.0,3.0,3.0,3.0,3.0,3.0,2.875
Lahore,2026-08-03 00:00:00+00:00,3,34.28,41.09,517.42,10.87,32.11,1.86,3.55,0.0,29.3,86,1.54,0,0,3,8,3.0,3.0,3.0,3.0,3.0,3.0,2.875
Lahore,2026-08-03 01:00:00+00:00,3,34.75,42.22,533.79,11.44,27.38,2.04,3.78,0.02,29.1,87,1.29,1,0,3,8,3.0,3.0,3.0,3.0,3.0,3.0,2.875
Lahore,2026-08-03 02:00:00+00:00,3,35.25,43.56,560.94,10.87,25.3,2.31,3.78,0.8,29.0,87,2.62,2,0,3,8,3.0,3.0,3.0,3.0,3.0,3.0,2.875
Lahore,2026-08-03 03:00:00+00:00,3,36.14,45.1,578.2,8.83,30.72,2.48,3.69,2.58,30.3,80,1.46,3,0,3,8,3.0,3.0,3.0,3.0,3.0,3.0,2.875
Lahore,2026-08-03 04:00:00+00:00,3,39.1,48.36,570.85,8.25,43.08,2.51,3.5,2.24,32.1,72,1.75,4,0,3,8,3.0,3.0,3.0,3.0,3.0,3.0,2.875
Lahore,2026-08-03 05:00:00+00:00,3,48.5,58.27,571.3,7.44,60.64,2.43,3.62,1.48,33.3,68,1.55,5,0,3,8,3.0,3.0,3.0,2.0,3.0,3.0,2.875
Lahore,2026-08-03 06:00:00+00:00,4,63.38,73.36,554.03,5.99,84.85,2.4,3.46,0.7,35.2,55,1.3,6,0,3,8,3.0,3.0,3.0,2.0,3.0,3.0,2.9166666666666665
Lahore,2026-08-03 07:00:00+00:00,4,56.73,64.6,425.95,3.2,110.57,2.78,1.4,0.25,35.2,57,1.37,7,0,3,8,4.0,3.0,3.0,3.0,3.333333333333333,3.1666666666666665,3.0
Lahore,2026-08-03 08:00:00+00:00,4,55.8,61.73,405.41,2.54,115.19,2.26,1.54,0.21,33.0,69,2.21,8,0,3,8,4.0,3.0,3.0,3.0,3.6666666666666665,3.333333333333333,3.0416666666666665
Lahore,2026-08-03 09:00:00+00:00,4,56.1,61.14,406.55,2.55,115.3,1.97,1.86,0.21,34.5,63,2.11,9,0,3,8,4.0,4.0,3.0,3.0,4.0,3.5,3.083333333333333
Lahore,2026-08-03 10:00:00+00:00,4,55.58,59.93,414.16,3.21,111.72,1.87,2.16,0.19,33.9,64,1.94,10,0,3,8,4.0,4.0,3.0,3.0,4.0,3.6666666666666665,3.125
Lahore,2026-08-03 11:00:00+00:00,4,53.16,57.09,426.24,4.44,105.02,1.92,2.44,0.18,31.3,76,1.55,11,0,3,8,4.0,4.0,3.0,3.0,4.0,3.8333333333333335,3.1666666666666665
Lahore,2026-08-03 12:00:00+00:00,3,48.49,52.06,437.67,6.06,97.16,2.11,2.63,0.14,29.2,80,1.1,12,0,3,8,4.0,4.0,4.0,3.0,4.0,4.0,3.208333333333333
Lahore,2026-08-03 13:00:00+00:00,3,45.42,49.21,467.59,8.41,85.19,2.32,3.26,0.09,28.9,81,1.23,13,0,3,8,3.0,4.0,4.0,2.0,3.6666666666666665,3.8333333333333335,3.208333333333333
Lahore,2026-08-03 14:00:00+00:00,3,45.83,50.56,516.51,10.57,71.0,2.38,3.99,0.01,28.4,83,1.5,14,0,3,8,3.0,4.0,4.0,3.0,3.333333333333333,3.6666666666666665,3.25
Lahore,2026-08-03 15:00:00+00:00,3,47.52,53.27,564.66,11.95,60.43,2.39,4.22,0.0,28.1,85,1.15,15,0,3,8,3.0,3.0,4.0,3.0,3.0,3.5,3.25
Lahore,2026-08-03 16:00:00+00:00,3,48.71,55.38,598.67,12.64,52.43,2.32,4.09,0.0,27.9,87,0.87,16,0,3,8,3.0,3.0,4.0,3.0,3.0,3.333333333333333,3.25
Lahore,2026-08-03 17:00:00+00:00,3,49.95,57.44,628.18,12.87,46.68,2.24,3.86,0.0,27.7,89,0.9,17,0,3,8,3.0,3.0,4.0,3.0,3.0,3.1666666666666665,3.25
Lahore,2026-08-03 18:00:00+00:00,4,50.92,58.83,644.88,12.82,43.42,2.13,3.5,0.0,27.9,91,1.48,18,0,3,8,3.0,3.0,3.0,3.0,3.0,3.0,3.25
Lahore,2026-08-03 19:00:00+00:00,4,50.08,57.44,615.46,11.01,48.41,2.02,2.86,0.0,27.6,91,1.63,19,0,3,8,4.0,3.0,3.0,3.0,3.333333333333333,3.1666666666666665,3.2916666666666665
Lahore,2026-08-03 20:00:00+00:00,4,50.05,57.29,598.72,9.82,48.2,1.88,2.53,0.0,27.5,91,1.62,20,0,3,8,4.0,3.0,3.0,3.0,3.6666666666666665,3.333333333333333,3.333333333333333
Lahore,2026-08-03 21:00:00+00:00,4,50.59,58.2,598.88,9.52,44.05,1.78,2.42,0.0,27.4,92,1.07,21,0,3,8,4.0,4.0,3.0,3.0,4.0,3.5,3.375
Lahore,2026-08-03 22:00:00+00:00,4,50.71,58.81,601.2,9.6,39.8,2.07,2.25,0.0,27.2,93,0.81,22,0,3,8,4.0,4.0,3.0,3.0,4.0,3.6666666666666665,3.4166666666666665
Lahore,2026-08-03 23:00:00+00:00,4,51.0,59.23,607.72,9.68,35.94,2.66,1.97,0.0,26.9,95,0.95,23,0,3,8,4.0,4.0,3.0,3.0,4.0,3.8333333333333335,3.458333333333333
Lahore,2026-08-04 00:00:00+00:00,4,51.99,59.77,617.0,9.77,32.29,3.26,1.7,0.0,27.6,95,0.71,0,1,4,8,4.0,4.0,4.0,3.0,4.0,4.0,3.5
Lahore,2026-08-04 01:00:00+00:00,4,54.06,61.47,626.4,9.67,28.97,3.19,1.53,0.0,27.4,95,0.76,1,1,4,8,4.0,4.0,4.0,3.0,4.0,4.0,3.5416666666666665
Lahore,2026-08-04 02:00:00+00:00,4,57.44,65.32,644.76,9.95,26.59,3.11,1.52,0.06,28.0,92,0.47,2,1,4,8,4.0,4.0,4.0,3.0,4.0,4.0,3.583333333333333
Lahore,2026-08-04 03:00:00+00:00,4,60.73,69.05,660.39,10.03,27.17,3.26,1.47,0.47,29.2,86,0.63,3,1,4,8,4.0,4.0,4.0,3.0,4.0,4.0,3.625
Lahore,2026-08-04 04:00:00+00:00,4,63.09,71.0,645.63,8.71,34.55,3.42,1.3,1.0,30.1,82,1.64,4,1,4,8,4.0,4.0,4.0,3.0,4.0,4.0,3.6666666666666665
Lahore,2026-08-04 05:00:00+00:00,4,65.79,72.91,637.05,7.79,43.55,3.18,1.24,1.01,31.0,77,1.14,5,1,4,8,4.0,4.0,4.0,3.0,4.0,4.0,3.7083333333333335
Lahore,2026-08-04 06:00:00+00:00,4,70.86,77.33,623.79,6.57,59.31,2.93,1.18,0.82,32.0,70,0.25,6,1,4,8,4.0,4.0,4.0,4.0,4.0,4.0,3.75
Lahore,2026-08-04 07:00:00+00:00,4,53.78,57.76,495.62,3.54,86.1,2.03,0.33,0.32,32.5,71,0.38,7,1,4,8,4.0,4.0,4.0,4.0,4.0,4.0,3.75
Lahore,2026-08-04 08:00:00+00:00,3,40.48,43.2,433.29,2.41,95.43,1.41,0.25,0.17,33.0,69,0.25,8,1,4,8,4.0,4.0,4.0,4.0,4.0,4.0,3.75
Lahore,2026-08-04 09:00:00+00:00,3,36.11,38.39,421.47,2.27,98.26,1.26,0.34,0.13,33.0,69,0.18,9,1,4,8,3.0,4.0,4.0,4.0,3.6666666666666665,3.8333333333333335,3.7083333333333335
Lahore,2026-08-04 10:00:00+00:00,3,37.44,40.14,459.71,4.26,87.01,1.41,1.69,0.24,33.3,68,0.3,10,1,4,8,3.0,4.0,4.0,4.0,3.333333333333333,3.6666666666666665,3.6666666666666665
Lahore,2026-08-04 11:00:00+00:00,3,41.83,45.62,537.58,8.0,69.63,1.7,3.72,0.42,32.8,71,1.03,11,1,4,8,3.0,3.0,4.0,4.0,3.0,3.5,3.625
Lahore,2026-08-04 12:00:00+00:00,3,45.5,50.26,623.07,12.8,58.9,2.17,5.9,0.46,30.4,81,0.41,12,1,4,8,3.0,3.0,4.0,3.0,3.0,3.333333333333333,3.583333333333333
Lahore,2026-08-04 13:00:00+00:00,3,48.94,54.6,709.52,17.63,51.99,2.73,8.02,0.4,30.7,80,0.76,13,1,4,8,3.0,3.0,4.0,3.0,3.0,3.1666666666666665,3.583333333333333
Lahore,2026-08-04 14:00:00+00:00,4,52.08,58.42,761.57,18.95,43.85,2.6,7.61,0.06,30.2,85,0.6,14,1,4,8,3.0,3.0,3.0,3.0,3.0,3.0,3.583333333333333
Lahore,2026-08-04 15:00:00+00:00,4,53.82,60.17,774.3,17.81,42.67,2.38,5.95,0.0,29.8,88,0.87,15,1,4,8,4.0,3.0,3.0,3.0,3.333333333333333,3.1666666666666665,3.625
Lahore,2026-08-04 16:00:00+00:00,4,54.56,60.72,764.6,16.55,42.44,2.23,4.44,0.0,29.4,89,1.03,16,1,4,8,4.0,3.0,3.0,3.0,3.6666666666666665,3.333333333333333,3.6666666666666665
Lahore,2026-08-04 17:00:00+00:00,4,57.24,64.08,793.03,16.74,37.46,2.15,3.89,0.0,28.9,91,1.15,17,1,4,8,4.0,4.0,3.0,3.0,4.0,3.5,3.7083333333333335
Lahore,2026-08-04 18:00:00+00:00,4,59.9,67.28,816.12,16.98,33.09,2.04,3.38,0.0,30.5,83,1.8,18,1,4,8,4.0,4.0,3.0,4.0,4.0,3.6666666666666665,3.75
Lahore,2026-08-04 19:00:00+00:00,4,61.75,69.19,822.14,16.92,29.71,1.84,2.85,0.0,30.0,82,0.11,19,1,4,8,4.0,4.0,3.0,4.0,4.0,3.8333333333333335,3.75
Lahore,2026-08-04 20:00:00+00:00,4,63.64,71.03,820.52,16.48,27.7,1.69,2.47,0.0,27.1,92,2.46,20,1,4,8,4.0,4.0,4.0,4.0,4.0,4.0,3.75
Lahore,2026-08-04 21:00:00+00:00,4,65.33,72.85,807.4,15.55,27.57,1.65,2.18,0.0,26.9,93,1.44,21,1,4,8,4.0,4.0,4.0,4.0,4.0,4.0,3.75
Lahore,2026-08-04 22:00:00+00:00,4,66.08,74.33,777.91,14.06,29.28,1.75,1.95,0.0,26.5,96,1.59,22,1,4,8,4.0,4.0,4.0,4.0,4.0,4.0,3.75
Lahore,2026-08-04 23:00:00+00:00,4,66.13,75.91,752.35,12.86,30.01,1.83,1.88,0.0,26.3,97,2.01,23,1,4,8,4.0,4.0,4.0,4.0,4.0,4.0,3.75
Lahore,2026-08-05 00:00:00+00:00,4,65.46,77.54,730.16,12.08,29.36,1.9,1.87,0.0,28.3,89,1.18,0,2,5,8,4.0,4.0,4.0,4.0,4.0,4.0,3.75
Lahore,2026-08-05 01:00:00+00:00,4,63.58,78.89,704.84,11.42,28.45,2.13,1.88,0.01,27.8,92,0.88,1,2,5,8,4.0,4.0,4.0,4.0,4.0,4.0,3.75
Lahore,2026-08-05 02:00:00+00:00,4,61.48,82.15,679.48,10.39,29.72,2.52,2.0,0.59,28.6,88,1.21,2,2,5,8,4.0,4.0,4.0,4.0,4.0,4.0,3.75
Lahore,2026-08-05 03:00:00+00:00,4,59.54,88.65,634.26,8.38,38.73,2.99,2.03,1.8,29.6,83,1.33,3,2,5,8,4.0,4.0,4.0,4.0,4.0,4.0,3.75
Lahore,2026-08-05 04:00:00+00:00,4,54.82,98.35,507.55,5.92,60.51,3.62,1.41,1.43,30.9,77,0.95,4,2,5,8,4.0,4.0,4.0,4.0,4.0,4.0,3.75
Lahore,2026-08-05 05:00:00+00:00,4,55.76,109.52,418.51,3.82,84.14,3.32,1.28,0.77,32.0,71,1.1,5,2,5,8,4.0,4.0,4.0,4.0,4.0,4.0,3.75
Lahore,2026-08-05 06:00:00+00:00,4,59.86,118.39,371.22,2.41,103.55,2.73,1.35,0.39,33.5,59,0.87,6,2,5,8,4.0,4.0,4.0,4.0,4.0,4.0,3.75
Lahore,2026-08-05 07:00:00+00:00,3,46.62,97.83,293.21,1.37,103.37,1.78,0.91,0.2,34.0,59,0.76,7,2,5,8,4.0,4.0,4.0,4.0,4.0,4.0,3.75
Lahore,2026-08-05 08:00:00+00:00,3,35.44,77.21,252.52,1.06,97.11,1.23,0.74,0.15,34.4,56,0.67,8,2,5,8,3.0,4.0,4.0,3.0,3.6666666666666665,3.8333333333333335,3.7083333333333335
Lahore,2026-08-05 09:00:00+00:00,3,31.48,68.75,241.89,1.08,95.21,1.09,0.76,0.14,34.6,56,0.78,9,2,5,8,3.0,4.0,4.0,3.0,3.333333333333333,3.6666666666666665,3.7083333333333335
Lahore,2026-08-05 10:00:00+00:00,3,31.4,66.33,265.75,2.28,87.9,1.19,1.8,0.3,34.6,58,0.95,10,2,5,8,3.0,3.0,4.0,3.0,3.0,3.5,3.7083333333333335
Lahore,2026-08-05 11:00:00+00:00,3,33.58,67.65,316.38,4.56,82.62,1.51,3.73,0.53,34.3,59,1.08,11,2,5,8,3.0,3.0,4.0,3.0,3.0,3.333333333333333,3.7083333333333335
Lahore,2026-08-05 12:00:00+00:00,3,35.34,69.44,371.13,8.03,82.45,2.0,6.13,0.59,33.2,69,1.45,12,2,5,8,3.0,3.0,4.0,3.0,3.0,3.1666666666666665,3.7083333333333335
Lahore,2026-08-05 13:00:00+00:00,3,36.76,71.01,437.11,12.72,75.48,2.43,8.43,0.42,32.4,76,1.56,13,2,5,8,3.0,3.0,3.0,3.0,3.0,3.0,3.7083333333333335
Lahore,2026-08-05 14:00:00+00:00,3,37.77,71.74,488.3,14.68,61.08,2.38,8.11,0.05,31.2,81,1.6,14,2,5,8,3.0,3.0,3.0,4.0,3.0,3.0,3.7083333333333335
Lahore,2026-08-05 15:00:00+00:00,3,37.84,70.69,505.28,14.16,53.13,2.14,6.34,0.0,30.5,82,1.52,15,2,5,8,3.0,3.0,3.0,4.0,3.0,3.0,3.6666666666666665
Lahore,2026-08-05 16:00:00+00:00,3,37.61,69.08,507.17,13.91,48.38,1.98,4.88,0.0,30.2,79,2.1,16,2,5,8,3.0,3.0,3.0,4.0,3.0,3.0,3.625
Lahore,2026-08-05 17:00:00+00:00,3,38.78,69.61,534.84,14.8,41.45,1.95,4.36,0.0,29.7,80,1.73,17,2,5,8,3.0,3.0,3.0,4.0,3.0,3.0,3.583333333333333
Lahore,2026-08-05 18:00:00+00:00,3,39.76,70.02,556.84,15.52,36.49,1.9,3.95,0.0,30.4,83,1.98,18,2,5,8,3.0,3.0,3.0,4.0,3.0,3.0,3.5416666666666665
Lahore,2026-08-05 19:00:00+00:00,3,37.09,67.66,486.29,12.01,46.59,2.07,2.95,0.0,29.8,85,2.18,19,2,5,8,3.0,3.0,3.0,4.0,3.0,3.0,3.5
Lahore,2026-08-05 20:00:00+00:00,3,35.54,65.84,456.86,11.05,48.01,2.05,2.83,0.0,24.3,96,4.04,20,2,5,8,3.0,3.0,3.0,4.0,3.0,3.0,3.458333333333333
Lahore,2026-08-05 21:00:00+00:00,3,34.32,64.85,449.61,10.95,43.88,1.96,2.94,0.0,24.7,97,1.71,21,2,5,8,3.0,3.0,3.0,4.0,3.0,3.0,3.4166666666666665
Lahore,2026-08-05 22:00:00+00:00,3,33.09,64.46,441.42,10.88,39.06,1.81,2.95,0.0,24.5,95,2.56,22,2,5,8,3.0,3.0,3.0,4.0,3.0,3.0,3.375
Lahore,2026-08-05 23:00:00+00:00,3,33.74,65.09,453.2,11.28,33.34,1.62,2.89,0.0,24.9,96,2.14,23,2,5,8,3.0,3.0,3.0,4.0,3.0,3.0,3.333333333333333
Lahore,2026-08-06 00:00:00+00:00,3,35.88,66.02,475.91,11.63,28.91,1.69,2.81,0.0,26.2,90,2.31,0,3,6,8,3.0,3.0,3.0,4.0,3.0,3.0,3.2916666666666665
Lahore,2026-08-06 01:00:00+00:00,3,38.23,65.46,495.96,11.55,25.62,2.04,2.76,0.01,26.6,90,1.35,1,3,6,8,3.0,3.0,3.0,4.0,3.0,3.0,3.25
Lahore,2026-08-06 02:00:00+00:00,3,40.33,67.46,514.85,10.61,24.88,2.48,2.71,0.7,27.4,89,1.27,2,3,6,8,3.0,3.0,3.0,4.0,3.0,3.0,3.208333333333333
Lahore,2026-08-06 03:00:00+00:00,3,41.23,72.68,507.96,8.33,29.93,2.83,2.59,2.28,29.1,82,1.96,3,3,6,8,3.0,3.0,3.0,4.0,3.0,3.0,3.1666666666666665
Lahore,2026-08-06 04:00:00+00:00,3,41.53,82.97,447.57,6.32,44.18,3.25,2.24,2.11,30.6,75,2.3,4,3,6,8,3.0,3.0,3.0,4.0,3.0,3.0,3.125
Lahore,2026-08-06 05:00:00+00:00,3,46.1,95.27,395.94,4.87,64.05,3.12,2.23,1.27,32.0,72,2.79,5,3,6,8,3.0,3.0,3.0,4.0,3.0,3.0,3.083333333333333
Lahore,2026-08-06 06:00:00+00:00,4,54.4,113.09,343.7,3.13,85.3,2.58,2.25,0.58,32.1,68,2.84,6,3,6,8,3.0,3.0,3.0,4.0,3.0,3.0,3.0416666666666665
Lahore,2026-08-06 07:00:00+00:00,4,38.33,118.21,202.1,1.25,88.47,1.3,1.09,0.2,33.1,64,1.82,7,3,6,8,4.0,3.0,3.0,3.0,3.333333333333333,3.1666666666666665,3.0416666666666665
Lahore,2026-08-06 08:00:00+00:00,4,31.99,111.35,168.39,0.9,86.28,0.89,0.77,0.14,33.8,61,1.3,8,3,6,8,4.0,3.0,3.0,3.0,3.6666666666666665,3.333333333333333,3.083333333333333
Lahore,2026-08-06 09:00:00+00:00,4,30.07,105.08,161.05,0.88,86.03,0.82,0.71,0.13,34.3,60,1.17,9,3,6,8,4.0,4.0,3.0,3.0,4.0,3.5,3.125
Lahore,2026-08-06 10:00:00+00:00,4,31.8,103.12,189.65,1.96,81.63,0.99,1.74,0.35,34.3,60,1.0,10,3,6,8,4.0,4.0,3.0,3.0,4.0,3.6666666666666665,3.1666666666666665
Lahore,2026-08-06 11:00:00+00:00,4,36.15,105.64,244.13,3.79,77.09,1.29,3.29,0.69,34.1,60,1.63,11,3,6,8,4.0,4.0,3.0,3.0,4.0,3.8333333333333335,3.208333333333333
Lahore,2026-08-06 12:00:00+00:00,4,39.53,107.88,297.86,6.27,74.18,1.59,4.89,0.9,33.5,58,1.53,12,3,6,8,4.0,4.0,4.0,3.0,4.0,4.0,3.25
Lahore,2026-08-06 13:00:00+00:00,4,41.84,109.1,354.21,9.64,67.87,1.84,6.32,0.62,32.3,68,1.68,13,3,6,8,4.0,4.0,4.0,3.0,4.0,4.0,3.2916666666666665
Lahore,2026-08-06 14:00:00+00:00,4,42.79,106.52,391.03,11.01,57.29,1.83,5.88,0.06,30.9,73,1.99,14,3,6,8,4.0,4.0,4.0,3.0,4.0,4.0,3.333333333333333
Lahore,2026-08-06 15:00:00+00:00,3,41.96,99.02,386.67,10.04,56.65,2.02,4.97,0.0,30.2,75,2.15,15,3,6,8,4.0,4.0,4.0,3.0,4.0,4.0,3.375
Lahore,2026-08-06 16:00:00+00:00,3,39.65,85.2,342.34,8.2,64.28,3.2,3.45,0.0,29.7,78,2.91,16,3,6,8,3.0,4.0,4.0,3.0,3.6666666666666665,3.8333333333333335,3.375
Lahore,2026-08-06 17:00:00+00:00,3,42.74,76.43,362.63,8.73,66.66,5.06,3.12,0.0,29.1,81,3.18,17,3,6,8,3.0,4.0,4.0,3.0,3.333333333333333,3.6666666666666665,3.375
Lahore,2026-08-06 18:00:00+00:00,3,47.84,72.58,386.72,9.07,69.48,6.61,2.86,0.0,29.0,85,2.76,18,3,6,8,3.0,3.0,4.0,3.0,3.0,3.5,3.375
Lahore,2026-08-06 19:00:00+00:00,4,51.96,71.01,400.84,8.97,69.29,7.06,2.6,0.0,28.3,89,2.62,19,3,6,8,3.0,3.0,4.0,3.0,3.0,3.333333333333333,3.375
Lahore,2026-08-06 20:00:00+00:00,4,54.06,70.75,413.05,8.78,65.44,6.43,2.52,0.0,28.0,91,2.46,20,3,6,8,4.0,3.0,4.0,3.0,3.333333333333333,3.333333333333333,3.4166666666666665
Lahore,2026-08-06 21:00:00+00:00,4,53.84,70.28,420.54,8.64,59.47,5.37,2.53,0.0,27.7,92,1.91,21,3,6,8,4.0,3.0,3.0,3.0,3.6666666666666665,3.333333333333333,3.458333333333333
Lahore,2026-08-06 22:00:00+00:00,4,52.07,69.47,421.18,8.47,54.47,4.47,2.44,0.0,27.3,94,1.69,22,3,6,8,4.0,4.0,3.0,3.0,4.0,3.5,3.5
Lahore,2026-08-06 23:00:00+00:00,4,51.86,69.2,430.25,8.47,49.92,3.75,2.28,0.0,26.7,95,1.53,23,3,6,8,4.0,4.0,3.0,3.0,4.0,3.6666666666666665,3.5416666666666665
Lahore,2026-08-07 00:00:00+00:00,4,54.3,69.76,460.48,8.78,43.97,3.26,2.17,0.0,23.9,96,3.08,0,4,7,8,4.0,4.0,3.0,3.0,4.0,3.8333333333333335,3.583333333333333
Lahore,2026-08-07 01:00:00+00:00,4,59.18,71.72,511.12,9.03,37.67,3.13,2.03,0.0,24.8,94,2.54,1,4,7,8,4.0,4.0,4.0,3.0,4.0,4.0,3.625
Lahore,2026-08-07 02:00:00+00:00,4,64.38,75.05,572.04,9.19,34.18,3.44,1.92,0.27,25.6,91,1.53,2,4,7,8,4.0,4.0,4.0,3.0,4.0,4.0,3.6666666666666665
Lahore,2026-08-07 03:00:00+00:00,4,67.47,77.4,616.14,8.77,38.04,3.98,1.8,1.06,27.1,85,2.48,3,4,7,8,4.0,4.0,4.0,3.0,4.0,4.0,3.7083333333333335
Lahore,2026-08-07 04:00:00+00:00,4,66.41,77.26,588.65,7.57,58.02,4.83,1.5,1.13,28.9,76,2.83,4,4,7,8,4.0,4.0,4.0,3.0,4.0,4.0,3.75
Lahore,2026-08-07 05:00:00+00:00,5,77.01,88.17,607.1,6.06,82.34,4.66,1.61,0.95,30.2,73,2.68,5,4,7,8,4.0,4.0,4.0,3.0,4.0,4.0,3.7916666666666665
Lahore,2026-08-07 06:00:00+00:00,5,97.56,108.86,638.15,4.25,116.36,4.23,1.44,0.54,31.4,67,2.11,6,4,7,8,5.0,4.0,4.0,4.0,4.333333333333333,4.166666666666667,3.875
Lahore,2026-08-07 07:00:00+00:00,4,74.04,90.72,451.33,1.93,131.54,3.14,0.65,0.22,32.4,64,1.96,7,4,7,8,5.0,4.0,4.0,4.0,4.666666666666667,4.333333333333333,3.9166666666666665
Lahore,2026-08-07 08:00:00+00:00,4,63.31,80.27,391.99,1.4,132.33,2.45,0.48,0.16,32.7,62,1.35,8,4,7,8,4.0,5.0,4.0,4.0,4.666666666666667,4.333333333333333,3.9166666666666665
Lahore,2026-08-07 09:00:00+00:00,4,64.98,79.9,412.94,1.43,137.7,2.41,0.51,0.15,33.4,59,1.06,9,4,7,8,4.0,5.0,4.0,4.0,4.333333333333333,4.333333333333333,3.9166666666666665
Lahore,2026-08-07 10:00:00+00:00,4,70.09,83.25,453.26,1.89,141.77,2.6,0.86,0.18,33.6,57,1.0,10,4,7,8,4.0,4.0,4.0,4.0,4.0,4.333333333333333,3.9166666666666665
Lahore,2026-08-07 11:00:00+00:00,5,78.16,90.02,508.32,2.85,143.29,2.88,1.56,0.22,33.6,57,1.45,11,4,7,8,4.0,4.0,5.0,4.0,4.0,4.333333333333333,3.9166666666666665
Lahore,2026-08-07 12:00:00+00:00,5,85.71,96.58,567.67,4.36,143.38,3.18,2.26,0.22,32.0,60,2.6,12,4,7,8,5.0,4.0,5.0,4.0,4.333333333333333,4.333333333333333,3.9583333333333335
Lahore,2026-08-07 13:00:00+00:00,5,94.79,105.59,679.05,9.06,123.4,3.35,4.13,0.17,31.0,65,2.47,13,4,7,8,5.0,4.0,4.0,4.0,4.666666666666667,4.333333333333333,4.0
Lahore,2026-08-07 14:00:00+00:00,5,105.19,117.01,823.37,14.56,92.58,3.35,6.59,0.02,30.0,73,1.06,14,4,7,8,5.0,5.0,4.0,4.0,5.0,4.5,4.041666666666667
Lahore,2026-08-07 15:00:00+00:00,5,114.97,128.19,950.93,17.84,71.65,3.34,8.55,0.0,29.8,75,0.71,15,4,7,8,5.0,5.0,4.0,3.0,5.0,4.666666666666667,4.083333333333333
Lahore,2026-08-07 16:00:00+00:00,5,123.89,137.78,1047.6,19.91,57.74,3.1,8.98,0.0,29.0,81,0.86,16,4,7,8,5.0,5.0,4.0,3.0,5.0,4.833333333333333,4.166666666666667
Lahore,2026-08-07 17:00:00+00:00,5,130.93,144.44,1108.49,20.25,49.16,2.75,7.98,0.0,28.6,83,0.87,17,4,7,8,5.0,5.0,5.0,3.0,5.0,5.0,4.25
Lahore,2026-08-07 18:00:00+00:00,5,132.21,144.22,1113.76,18.84,47.26,2.49,6.59,0.0,29.3,83,0.85,18,4,7,8,5.0,5.0,5.0,3.0,5.0,5.0,4.333333333333333
Lahore,2026-08-07 19:00:00+00:00,5,122.09,130.94,999.77,13.54,61.36,2.56,4.72,0.0,28.5,85,1.07,19,4,7,8,5.0,5.0,5.0,4.0,5.0,5.0,4.416666666666667
Lahore,2026-08-07 20:00:00+00:00,5,114.83,122.57,953.13,12.59,53.63,2.22,3.92,0.0,28.1,86,1.03,20,4,7,8,5.0,5.0,5.0,4.0,5.0,5.0,4.458333333333333
Lahore,2026-08-07 21:00:00+00:00,5,108.47,115.83,925.98,12.49,43.84,1.91,3.76,0.0,27.9,87,0.57,21,4,7,8,5.0,5.0,5.0,4.0,5.0,5.0,4.5
Lahore,2026-08-07 22:00:00+00:00,5,102.59,109.63,906.37,12.49,35.93,1.76,3.59,0.0,27.5,89,0.47,22,4,7,8,5.0,5.0,5.0,4.0,5.0,5.0,4.541666666666667
Lahore,2026-08-07 23:00:00+00:00,5,95.06,101.28,879.39,11.99,31.52,1.82,2.79,0.0,27.2,91,0.4,23,4,7,8,5.0,5.0,5.0,4.0,5.0,5.0,4.583333333333333
Lahore,2026-08-08 00:00:00+00:00,5,84.87,89.91,838.73,10.97,30.69,2.14,2.13,0.0,28.0,84,1.51,0,5,8,8,5.0,5.0,5.0,4.0,5.0,5.0,4.625
Lahore,2026-08-08 01:00:00+00:00,4,71.1,74.85,768.61,8.77,37.13,2.73,1.53,0.0,27.7,87,2.0,1,5,8,8,5.0,5.0,5.0,4.0,5.0,5.0,4.666666666666667
Lahore,2026-08-08 02:00:00+00:00,4,61.36,64.54,731.84,8.07,40.59,2.83,1.4,0.13,27.8,90,2.0,2,5,8,8,4.0,5.0,5.0,4.0,4.666666666666667,4.833333333333333,4.666666666666667
Lahore,2026-08-08 03:00:00+00:00,4,54.5,57.52,700.62,7.05,50.91,2.87,1.41,0.68,25.6,94,3.27,3,5,8,8,4.0,5.0,5.0,4.0,4.333333333333333,4.666666666666667,4.666666666666667
Lahore,2026-08-08 04:00:00+00:00,3,43.06,45.5,611.16,4.42,83.64,2.43,0.77,0.54,27.8,89,1.1,4,5,8,8,4.0,4.0,5.0,4.0,4.0,4.5,4.666666666666667
Lahore,2026-08-08 05:00:00+00:00,3,36.54,38.34,556.25,3.02,102.96,1.95,0.54,0.31,30.3,78,2.36,5,5,8,8,3.0,4.0,5.0,5.0,3.6666666666666665,4.166666666666667,4.625
Lahore,2026-08-08 06:00:00+00:00,3,31.66,32.97,521.46,2.57,107.06,1.69,0.52,0.22,29.9,71,3.13,6,5,8,8,3.0,4.0,5.0,5.0,3.333333333333333,3.8333333333333335,4.541666666666667
Lahore,2026-08-08 07:00:00+00:00,3,30.64,31.88,511.23,2.84,105.16,1.73,0.74,0.18,29.8,72,2.91,7,5,8,8,3.0,3.0,4.0,4.0,3.0,3.5,4.458333333333333
Lahore,2026-08-08 08:00:00+00:00,3,33.53,34.9,518.06,3.55,99.7,1.98,1.14,0.17,29.5,72,2.88,8,5,8,8,3.0,3.0,4.0,4.0,3.0,3.333333333333333,4.416666666666667
Lahore,2026-08-08 09:00:00+00:00,3,33.84,35.24,516.16,4.09,93.92,1.97,1.37,0.11,28.6,73,2.09,9,5,8,8,3.0,3.0,4.0,4.0,3.0,3.1666666666666665,4.375
Lahore,2026-08-08 10:00:00+00:00,3,31.2,32.59,495.07,4.26,88.3,1.76,1.51,0.07,28.0,78,1.93,10,5,8,8,3.0,3.0,3.0,4.0,3.0,3.0,4.333333333333333
Lahore,2026-08-08 11:00:00+00:00,3,28.41,29.83,474.04,4.35,84.37,1.58,1.69,0.06,27.0,86,1.63,11,5,8,8,3.0,3.0,3.0,5.0,3.0,3.0,4.291666666666667
Lahore,2026-08-08 12:00:00+00:00,3,25.95,27.46,457.07,4.62,80.81,1.49,1.9,0.05,30.0,70,1.14,12,5,8,8,3.0,3.0,3.0,5.0,3.0,3.0,4.208333333333333
Lahore,2026-08-08 13:00:00+00:00,2,24.35,26.03,449.97,5.16,77.04,1.5,2.18,0.03,29.3,75,1.54,13,5,8,8,3.0,3.0,3.0,5.0,3.0,3.0,4.125
Lahore,2026-08-08 14:00:00+00:00,2,23.91,25.93,454.45,5.88,72.38,1.6,2.56,0.0,28.4,80,1.46,14,5,8,8,2.0,3.0,3.0,5.0,2.6666666666666665,2.833333333333333,4.0
Lahore,2026-08-08 15:00:00+00:00,2,23.73,26.12,460.97,6.46,67.86,1.7,2.85,0.0,27.9,84,1.35,15,5,8,8,2.0,3.0,3.0,5.0,2.333333333333333,2.6666666666666665,3.875
Lahore,2026-08-08 16:00:00+00:00,2,23.8,26.55,471.19,7.17,62.23,1.74,3.08,0.0,27.5,87,1.43,16,5,8,8,2.0,2.0,3.0,5.0,2.0,2.5,3.75
Lahore,2026-08-08 17:00:00+00:00,2,24.59,27.82,491.26,8.11,55.18,1.72,3.26,0.0,27.3,89,1.02,17,5,8,8,2.0,2.0,3.0,5.0,2.0,2.333333333333333,3.625
Lahore,2026-08-08 18:00:00+00:00,3,25.31,28.82,507.98,8.73,49.87,1.64,3.12,0.0,27.9,87,1.32,18,5,8,8,2.0,2.0,3.0,5.0,2.0,2.1666666666666665,3.5
Lahore,2026-08-08 19:00:00+00:00,3,26.08,29.49,518.96,9.12,44.84,1.56,2.82,0.0,27.5,89,0.62,19,5,8,8,3.0,2.0,2.0,5.0,2.333333333333333,2.1666666666666665,3.4166666666666665
Lahore,2026-08-08 20:00:00+00:00,3,27.55,30.9,536.07,9.64,39.23,1.48,2.78,0.0,27.5,89,0.71,20,5,8,8,3.0,2.0,2.0,5.0,2.6666666666666665,2.333333333333333,3.333333333333333
Lahore,2026-08-08 21:00:00+00:00,3,29.48,32.87,556.6,10.16,34.02,1.43,2.99,0.0,27.4,90,0.39,21,5,8,8,3.0,3.0,2.0,5.0,3.0,2.5,3.25
Lahore,2026-08-08 22:00:00+00:00,3,31.18,34.52,577.46,10.58,29.88,1.69,3.03,0.0,27.3,91,0.35,22,5,8,8,3.0,3.0,2.0,5.0,3.0,2.6666666666666665,3.1666666666666665
Lahore,2026-08-08 23:00:00+00:00,3,32.74,35.77,595.28,10.49,27.76,1.94,2.58,0.0,27.1,92,0.83,23,5,8,8,3.0,3.0,2.0,5.0,3.0,2.833333333333333,3.083333333333333
Lahore,2026-08-09 00:00:00+00:00,3,34.41,36.92,607.67,9.8,28.6,2.0,2.03,0.0,27.5,92,1.05,0,6,9,8,3.0,3.0,3.0,5.0,3.0,3.0,3.0
Lahore,2026-08-09 01:00:00+00:00,3,35.59,37.56,617.22,8.56,32.63,1.96,1.6,0.0,27.3,93,1.11,1,6,9,8,3.0,3.0,3.0,4.0,3.0,3.0,2.9166666666666665
Lahore,2026-08-09 02:00:00+00:00,3,36.15,38.23,641.62,8.73,30.97,1.89,1.83,0.06,28.4,86,1.13,2,6,9,8,3.0,3.0,3.0,4.0,3.0,3.0,2.875
Lahore,2026-08-09 03:00:00+00:00,3,37.34,39.76,676.85,9.35,29.29,1.9,2.27,0.43,29.5,78,1.24,3,6,9,8,3.0,3.0,3.0,4.0,3.0,3.0,2.833333333333333
Lahore,2026-08-09 04:00:00+00:00,3,39.63,42.31,708.77,8.82,32.8,1.87,2.46,1.25,30.1,76,1.11,4,6,9,8,3.0,3.0,3.0,3.0,3.0,3.0,2.7916666666666665
Lahore,2026-08-09 05:00:00+00:00,3,44.62,47.3,712.22,7.39,45.86,1.77,2.22,1.45,30.8,74,0.72,5,6,9,8,3.0,3.0,3.0,3.0,3.0,3.0,2.7916666666666665
Lahore,2026-08-09 06:00:00+00:00,4,56.41,58.83,691.96,5.38,72.98,1.71,1.93,0.89,30.9,67,0.15,6,6,9,8,3.0,3.0,3.0,3.0,3.0,3.0,2.7916666666666665
Lahore,2026-08-09 07:00:00+00:00,3,41.3,42.41,582.03,2.32,111.28,1.14,0.53,0.25,30.2,72,0.82,7,6,9,8,4.0,3.0,3.0,3.0,3.333333333333333,3.1666666666666665,2.833333333333333
Lahore,2026-08-09 08:00:00+00:00,3,31.31,32.07,536.53,1.65,119.29,0.8,0.44,0.14,30.3,73,1.54,8,6,9,8,3.0,3.0,3.0,3.0,3.333333333333333,3.1666666666666665,2.833333333333333
Lahore,2026-08-09 09:00:00+00:00,3,29.6,30.33,521.47,1.61,121.22,0.74,0.54,0.12,30.1,74,1.5,9,6,9,8,3.0,4.0,3.0,3.0,3.333333333333333,3.1666666666666665,2.833333333333333
Lahore,2026-08-09 10:00:00+00:00,3,30.56,31.52,529.8,2.31,116.97,0.8,1.11,0.14,31.0,72,1.57,10,6,9,8,3.0,3.0,3.0,3.0,3.0,3.1666666666666665,2.833333333333333
Lahore,2026-08-09 11:00:00+00:00,3,32.74,34.16,550.06,3.78,107.42,0.93,2.09,0.16,31.4,71,1.38,11,6,9,8,3.0,3.0,3.0,3.0,3.0,3.1666666666666665,2.833333333333333
Lahore,2026-08-09 12:00:00+00:00,3,33.99,35.84,575.63,5.69,100.17,1.09,3.06,0.12,31.4,70,1.71,12,6,9,8,3.0,3.0,4.0,3.0,3.0,3.1666666666666665,2.833333333333333
Lahore,2026-08-09 13:00:00+00:00,3,36.31,39.03,629.58,9.12,86.93,1.38,4.71,0.1,31.0,72,0.85,13,6,9,8,3.0,3.0,3.0,2.0,3.0,3.0,2.833333333333333
Lahore,2026-08-09 14:00:00+00:00,3,39.85,43.92,702.23,12.57,68.42,1.59,6.21,0.01,30.4,77,0.39,14,6,9,8,3.0,3.0,3.0,2.0,3.0,3.0,2.875
Lahore,2026-08-09 15:00:00+00:00,3,43.3,48.73,768.52,14.76,53.95,1.67,6.53,0.0,29.8,81,0.63,15,6,9,8,3.0,3.0,3.0,2.0,3.0,3.0,2.9166666666666665
Lahore,2026-08-09 16:00:00+00:00,3,46.38,52.88,822.53,16.33,42.84,1.66,6.0,0.0,29.4,85,0.47,16,6,9,8,3.0,3.0,3.0,2.0,3.0,3.0,2.958333333333333
Lahore,2026-08-09 17:00:00+00:00,3,49.52,56.83,871.52,17.16,35.13,1.62,5.51,0.0,29.0,88,0.5,17,6,9,8,3.0,3.0,3.0,2.0,3.0,3.0,3.0
Lahore,2026-08-09 18:00:00+00:00,4,52.09,59.76,907.13,17.5,30.12,1.51,4.87,0.0,29.3,85,0.76,18,6,9,8,3.0,3.0,3.0,3.0,3.0,3.0,3.0416666666666665
Lahore,2026-08-09 19:00:00+00:00,4,53.29,60.78,919.48,17.06,27.43,1.29,4.13,0.0,28.5,88,0.93,19,6,9,8,4.0,3.0,3.0,3.0,3.333333333333333,3.1666666666666665,3.083333333333333
Lahore,2026-08-09 20:00:00+00:00,4,54.34,61.63,921.32,16.17,27.36,1.14,3.63,0.0,28.2,88,0.97,20,6,9,8,4.0,3.0,3.0,3.0,3.6666666666666665,3.333333333333333,3.125
Lahore,2026-08-09 21:00:00+00:00,4,55.27,62.41,913.69,14.86,30.8,1.03,3.21,0.0,28.0,88,0.9,21,6,9,8,4.0,4.0,3.0,3.0,4.0,3.5,3.1666666666666665
Lahore,2026-08-09 22:00:00+00:00,4,55.56,62.42,900.59,13.7,34.29,0.95,2.84,0.0,27.8,89,1.01,22,6,9,8,4.0,4.0,3.0,3.0,4.0,3.6666666666666665,3.208333333333333
Lahore,2026-08-09 23:00:00+00:00,4,56.65,63.37,912.49,13.95,29.52,0.91,2.84,0.0,27.6,90,0.85,23,6,9,8,4.0,4.0,3.0,3.0,4.0,3.8333333333333335,3.25
Lahore,2026-08-10 00:00:00+00:00,4,57.95,64.65,931.16,14.45,24.49,0.92,3.03,0.0,28.4,88,0.85,0,0,10,8,4.0,4.0,4.0,3.0,4.0,4.0,3.2916666666666665
Lahore,2026-08-10 01:00:00+00:00,4,59.2,66.36,945.11,14.63,20.53,0.94,3.31,0.02,28.3,89,0.87,1,0,10,8,4.0,4.0,4.0,3.0,4.0,4.0,3.333333333333333
Lahore,2026-08-10 02:00:00+00:00,4,60.59,68.97,976.62,13.85,20.39,1.11,3.65,0.62,28.8,86,0.21,2,0,10,8,4.0,4.0,4.0,3.0,4.0,4.0,3.375
Lahore,2026-08-10 03:00:00+00:00,4,61.31,70.81,981.04,11.27,32.45,1.29,3.8,2.36,30.0,81,0.4,3,0,10,8,4.0,4.0,4.0,3.0,4.0,4.0,3.4166666666666665
Lahore,2026-08-10 04:00:00+00:00,3,48.28,55.26,692.55,4.32,100.79,2.69,1.2,0.47,31.1,74,1.08,4,0,10,8,4.0,4.0,4.0,3.0,4.0,4.0,3.458333333333333
Lahore,2026-08-10 05:00:00+00:00,3,43.62,49.25,634.08,2.55,118.15,2.41,1.04,0.25,32.0,70,1.46,5,0,10,8,3.0,4.0,4.0,3.0,3.6666666666666665,3.8333333333333335,3.458333333333333
Lahore,2026-08-10 06:00:00+00:00,3,43.93,49.07,620.18,1.98,125.57,2.09,1.01,0.18,33.1,66,1.25,6,0,10,8,3.0,4.0,4.0,4.0,3.333333333333333,3.6666666666666665,3.458333333333333
Lahore,2026-08-10 07:00:00+00:00,3,43.03,47.68,610.45,1.7,130.52,1.72,0.96,0.13,33.8,63,1.25,7,0,10,8,3.0,3.0,4.0,3.0,3.0,3.5,3.4166666666666665
Lahore,2026-08-10 08:00:00+00:00,3,39.91,44.01,593.49,1.66,130.46,1.46,0.92,0.1,34.3,62,1.23,8,0,10,8,3.0,3.0,4.0,3.0,3.0,3.333333333333333,3.4166666666666665
Lahore,2026-08-10 09:00:00+00:00,3,38.48,42.2,585.93,1.85,129.83,1.36,0.94,0.07,34.4,62,1.3,9,0,10,8,3.0,3.0,4.0,3.0,3.0,3.1666666666666665,3.4166666666666665
Lahore,2026-08-10 10:00:00+00:00,3,40.2,44.09,615.51,3.72,117.95,1.43,1.85,0.12,34.5,63,1.11,10,0,10,8,3.0,3.0,3.0,3.0,3.0,3.0,3.4166666666666665
Lahore,2026-08-10 11:00:00+00:00,3,44.85,49.44,677.49,7.37,102.95,1.73,3.61,0.19,34.3,64,0.72,11,0,10,8,3.0,3.0,3.0,3.0,3.0,3.0,3.4166666666666665
Lahore,2026-08-10 12:00:00+00:00,3,49.66,54.92,747.34,11.95,94.21,2.16,5.44,0.19,33.8,61,1.53,12,0,10,8,3.0,3.0,3.0,3.0,3.0,3.0,3.4166666666666665
Lahore,2026-08-10 13:00:00+00:00,4,55.01,61.09,816.75,16.01,88.79,2.65,6.99,0.08,32.8,70,1.81,13,0,10,8,3.0,3.0,3.0,3.0,3.0,3.0,3.4166666666666665
Lahore,2026-08-10 14:00:00+00:00,4,59.88,66.66,850.8,15.97,83.31,2.88,7.07,0.0,31.6,76,1.97,14,0,10,8,4.0,3.0,3.0,3.0,3.333333333333333,3.1666666666666665,3.458333333333333
Lahore,2026-08-10 15:00:00+00:00,4,63.73,70.9,858.32,14.07,81.65,3.01,6.42,0.0,31.1,77,1.73,15,0,10,8,4.0,3.0,3.0,3.0,3.6666666666666665,3.333333333333333,3.5
Lahore,2026-08-10 16:00:00+00:00,4,66.33,73.52,849.08,12.13,79.91,3.21,5.35,0.0,30.7,78,1.63,16,0,10,8,4.0,4.0,3.0,3.0,4.0,3.5,3.5416666666666665
Lahore,2026-08-10 17:00:00+00:00,4,67.9,75.26,856.55,11.26,76.45,3.51,4.59,0.0,30.1,81,1.17,17,0,10,8,4.0,4.0,3.0,3.0,4.0,3.6666666666666665,3.583333333333333
Lahore,2026-08-10 18:00:00+00:00,4,66.56,73.79,851.27,10.3,74.35,3.75,3.74,0.0,30.2,82,2.23,18,0,10,8,4.0,4.0,3.0,4.0,4.0,3.8333333333333335,3.625
Lahore,2026-08-10 19:00:00+00:00,4,62.07,68.96,829.98,9.21,72.41,3.72,2.95,0.0,29.5,86,2.3,19,0,10,8,4.0,4.0,4.0,4.0,4.0,4.0,3.625
Lahore,2026-08-10 20:00:00+00:00,4,57.13,64.01,818.94,8.81,67.32,3.42,2.61,0.0,29.0,90,1.67,20,0,10,8,4.0,4.0,4.0,4.0,4.0,4.0,3.625
Lahore,2026-08-10 21:00:00+00:00,4,52.66,59.91,813.96,8.72,60.71,3.0,2.47,0.0,28.7,92,2.16,21,0,10,8,4.0,4.0,4.0,4.0,4.0,4.0,3.625
Lahore,2026-08-10 22:00:00+00:00,3,49.46,57.52,811.15,8.55,55.34,2.62,2.34,0.0,28.4,94,2.02,22,0,10,8,4.0,4.0,4.0,4.0,4.0,4.0,3.625
Lahore,2026-08-10 23:00:00+00:00,3,47.77,57.28,811.87,8.28,51.7,2.32,2.24,0.0,28.3,94,1.78,23,0,10,8,3.0,4.0,4.0,4.0,3.6666666666666665,3.8333333333333335,3.583333333333333
Lahore,2026-08-11 00:00:00+00:00,3,47.32,58.92,816.65,8.02,48.78,2.04,2.19,0.0,27.4,91,2.15,0,1,11,8,3.0,4.0,4.0,4.0,3.333333333333333,3.6666666666666665,3.5416666666666665
Lahore,2026-08-11 01:00:00+00:00,3,47.88,61.86,822.92,7.79,45.46,1.88,2.2,0.0,27.3,92,2.65,1,1,11,8,3.0,3.0,4.0,4.0,3.0,3.5,3.5
Lahore,2026-08-11 02:00:00+00:00,3,49.09,65.09,841.48,7.95,41.97,1.95,2.36,0.08,27.8,90,1.9,2,1,11,8,3.0,3.0,4.0,4.0,3.0,3.333333333333333,3.458333333333333
Lahore,2026-08-11 03:00:00+00:00,4,50.13,67.45,858.0,8.36,41.41,2.14,2.43,0.37,28.8,87,2.14,3,1,11,8,3.0,3.0,4.0,4.0,3.0,3.1666666666666665,3.4166666666666665
Lahore,2026-08-11 04:00:00+00:00,3,48.55,66.78,840.4,8.37,47.19,2.4,2.09,0.44,30.5,80,2.23,4,1,11,8,4.0,3.0,3.0,3.0,3.333333333333333,3.1666666666666665,3.4166666666666665
Lahore,2026-08-11 05:00:00+00:00,3,45.08,62.45,800.33,8.18,54.0,2.61,1.94,0.42,32.1,75,2.14,5,1,11,8,3.0,3.0,3.0,3.0,3.333333333333333,3.1666666666666665,3.4166666666666665
Lahore,2026-08-11 06:00:00+00:00,3,40.24,56.64,746.41,7.66,62.6,3.03,1.81,0.35,33.0,71,1.49,6,1,11,8,3.0,4.0,3.0,3.0,3.333333333333333,3.1666666666666665,3.4166666666666665
Lahore,2026-08-11 07:00:00+00:00,3,30.55,45.08,625.17,7.13,80.74,5.13,0.83,0.27,32.5,71,2.02,7,1,11,8,3.0,3.0,3.0,3.0,3.0,3.1666666666666665,3.4166666666666665
Lahore,2026-08-11 08:00:00+00:00,3,26.82,39.81,557.94,6.79,88.79,6.08,0.53,0.29,33.3,66,1.42,8,1,11,8,3.0,3.0,3.0,3.0,3.0,3.1666666666666665,3.4166666666666665
Lahore,2026-08-11 09:00:00+00:00,3,26.36,38.42,533.56,6.29,94.25,6.1,0.56,0.31,33.2,64,2.29,9,1,11,8,3.0,3.0,4.0,3.0,3.0,3.1666666666666665,3.4166666666666665
Lahore,2026-08-11 10:00:00+00:00,3,27.12,38.28,531.56,6.48,94.64,5.47,1.06,0.27,32.6,71,2.45,10,1,11,8,3.0,3.0,3.0,3.0,3.0,3.0,3.4166666666666665
Lahore,2026-08-11 11:00:00+00:00,3,28.0,38.47,553.86,8.07,86.47,4.91,2.03,0.2,32.3,75,2.36,11,1,11,8,3.0,3.0,3.0,3.0,3.0,3.0,3.4166666666666665
Lahore,2026-08-11 12:00:00+00:00,3,27.49,37.07,585.08,10.18,78.24,4.47,2.94,0.1,32.4,72,1.91,12,1,11,8,3.0,3.0,3.0,3.0,3.0,3.0,3.4166666666666665
Lahore,2026-08-11 13:00:00+00:00,3,26.36,35.1,619.83,11.46,73.11,4.02,3.56,0.03,29.9,84,2.66,13,1,11,8,3.0,3.0,3.0,4.0,3.0,3.0,3.4166666666666665
Lahore,2026-08-11 14:00:00+00:00,2,24.86,32.86,638.33,10.79,71.47,3.71,3.62,0.0,29.1,87,2.46,14,1,11,8,3.0,3.0,3.0,4.0,3.0,3.0,3.375
Lahore,2026-08-11 15:00:00+00:00,2,23.51,30.75,648.91,9.65,72.68,3.75,3.52,0.0,29.0,87,2.39,15,1,11,8,2.0,3.0,3.0,4.0,2.6666666666666665,2.833333333333333,3.2916666666666665
Lahore,2026-08-11 16:00:00+00:00,2,23.03,29.14,655.21,8.46,74.3,4.07,3.24,0.0,28.8,88,1.72,16,1,11,8,2.0,3.0,3.0,4.0,2.333333333333333,2.6666666666666665,3.208333333333333
Lahore,2026-08-11 17:00:00+00:00,2,24.78,30.2,672.66,7.97,74.23,4.53,3.03,0.0,28.6,90,1.66,17,1,11,8,2.0,2.0,3.0,4.0,2.0,2.5,3.125
Lahore,2026-08-11 18:00:00+00:00,3,27.31,32.46,684.79,7.85,71.64,4.82,2.74,0.0,28.8,91,2.15,18,1,11,8,2.0,2.0,3.0,4.0,2.0,2.333333333333333,3.0416666666666665
Lahore,2026-08-11 19:00:00+00:00,3,28.89,34.15,682.48,7.65,66.98,4.71,2.36,0.0,28.2,93,2.07,19,1,11,8,3.0,2.0,3.0,4.0,2.333333333333333,2.333333333333333,3.0
Lahore,2026-08-11 20:00:00+00:00,3,30.25,36.16,685.93,7.7,60.76,4.23,2.18,0.0,28.0,94,2.01,20,1,11,8,3.0,2.0,2.0,4.0,2.6666666666666665,2.333333333333333,2.958333333333333
Lahore,2026-08-11 21:00:00+00:00,3,31.54,38.48,693.45,7.89,53.95,3.65,2.12,0.0,27.8,94,1.81,21,1,11,8,3.0,3.0,2.0,4.0,3.0,2.5,2.9166666666666665
Lahore,2026-08-11 22:00:00+00:00,3,32.49,39.99,698.49,8.1,47.5,3.2,2.05,0.0,27.5,95,2.15,22,1,11,8,3.0,3.0,2.0,3.0,3.0,2.6666666666666665,2.875
Lahore,2026-08-11 23:00:00+00:00,3,32.96,40.77,704.44,8.32,42.35,2.81,1.93,0.0,27.3,95,2.13,23,1,11,8,3.0,3.0,2.0,3.0,3.0,2.833333333333333,2.875
Lahore,2026-08-12 00:00:00+00:00,3,32.92,41.54,702.93,8.45,38.68,2.53,1.78,0.0,27.9,94,1.54,0,2,12,8,3.0,3.0,3.0,3.0,3.0,3.0,2.875
Lahore,2026-08-12 01:00:00+00:00,3,32.57,42.19,689.76,8.42,35.92,2.44,1.68,0.0,27.7,95,1.39,1,2,12,8,3.0,3.0,3.0,3.0,3.0,3.0,2.875
Lahore,2026-08-12 02:00:00+00:00,3,32.77,43.33,685.0,8.37,34.81,2.7,1.81,0.33,28.5,91,1.65,2,2,12,8,3.0,3.0,3.0,3.0,3.0,3.0,2.875
Lahore,2026-08-12 03:00:00+00:00,3,34.6,45.57,692.43,7.9,39.14,3.09,2.0,1.23,29.7,84,1.52,3,2,12,8,3.0,3.0,3.0,4.0,3.0,3.0,2.875
Lahore,2026-08-12 04:00:00+00:00,3,36.3,45.41,660.92,7.45,56.69,4.03,1.46,1.03,31.0,77,1.35,4,2,12,8,3.0,3.0,3.0,3.0,3.0,3.0,2.833333333333333
Lahore,2026-08-12 05:00:00+00:00,3,38.93,46.64,661.53,7.17,66.08,4.0,1.17,0.71,32.1,71,1.39,5,2,12,8,3.0,3.0,3.0,3.0,3.0,3.0,2.833333333333333
Lahore,2026-08-12 06:00:00+00:00,3,40.66,47.2,664.48,7.02,72.53,3.99,1.15,0.37,33.1,68,1.32,6,2,12,8,3.0,3.0,3.0,3.0,3.0,3.0,2.833333333333333
Lahore,2026-08-12 07:00:00+00:00,3,28.81,33.31,607.4,5.13,90.72,3.22,0.7,0.13,33.9,63,1.34,7,2,12,8,3.0,3.0,3.0,3.0,3.0,3.0,2.833333333333333
Lahore,2026-08-12 08:00:00+00:00,3,21.03,24.38,583.71,3.74,102.3,2.31,0.6,0.12,34.5,61,1.14,8,2,12,8,3.0,3.0,3.0,3.0,3.0,3.0,2.833333333333333
Lahore,2026-08-12 09:00:00+00:00,3,19.39,22.24,579.15,3.19,108.67,1.96,0.68,0.12,34.8,59,1.28,9,2,12,8,3.0,3.0,3.0,3.0,3.0,3.0,2.833333333333333
Lahore,2026-08-12 10:00:00+00:00,3,19.82,22.45,591.76,3.26,111.54,1.83,1.02,0.15,35.2,57,0.93,10,2,12,8,3.0,3.0,3.0,3.0,3.0,3.0,2.833333333333333
Lahore,2026-08-12 11:00:00+00:00,3,22.18,24.98,613.86,4.06,109.88,1.95,1.71,0.23,35.3,56,0.75,11,2,12,8,3.0,3.0,3.0,3.0,3.0,3.0,2.833333333333333
Lahore,2026-08-12 12:00:00+00:00,3,24.82,27.97,637.91,5.41,109.5,2.18,2.5,0.28,35.0,57,1.13,12,2,12,8,3.0,3.0,3.0,3.0,3.0,3.0,2.833333333333333
Lahore,2026-08-12 13:00:00+00:00,3,28.89,33.37,718.84,10.81,101.88,2.82,5.44,0.27,34.0,66,0.92,13,2,12,8,3.0,3.0,3.0,3.0,3.0,3.0,2.833333333333333
Lahore,2026-08-12 14:00:00+00:00,3,34.18,41.1,847.83,18.31,87.7,3.77,10.4,0.03,32.5,74,1.01,14,2,12,8,3.0,3.0,3.0,2.0,3.0,3.0,2.833333333333333
Lahore,2026-08-12 15:00:00+00:00,3,39.21,48.8,969.41,23.31,75.59,4.73,15.37,0.0,31.6,78,1.2,15,2,12,8,3.0,3.0,3.0,2.0,3.0,3.0,2.875
Lahore,2026-08-12 16:00:00+00:00,3,43.68,55.55,1057.94,26.47,64.46,5.32,19.24,0.0,31.1,80,1.06,16,2,12,8,3.0,3.0,3.0,2.0,3.0,3.0,2.9166666666666665
Lahore,2026-08-12 17:00:00+00:00,3,49.44,63.09,1122.58,27.73,53.81,5.43,20.67,0.0,30.8,80,1.05,17,2,12,8,3.0,3.0,3.0,2.0,3.0,3.0,2.958333333333333
Lahore,2026-08-12 18:00:00+00:00,4,53.18,67.74,1159.92,27.79,42.65,4.91,19.42,0.0,31.1,78,1.21,18,2,12,8,3.0,3.0,3.0,3.0,3.0,3.0,3.0
Lahore,2026-08-12 19:00:00+00:00,4,50.41,64.37,1158.72,25.65,31.29,3.39,11.83,0.0,30.6,80,1.08,19,2,12,8,4.0,3.0,3.0,3.0,3.333333333333333,3.1666666666666665,3.0416666666666665
Lahore,2026-08-12 20:00:00+00:00,3,49.23,61.43,1136.77,22.17,25.77,2.62,6.46,0.0,30.3,82,1.03,20,2,12,8,4.0,3.0,3.0,3.0,3.6666666666666665,3.333333333333333,3.083333333333333
Lahore,2026-08-12 21:00:00+00:00,3,44.43,53.84,1034.47,16.27,36.15,2.38,3.54,0.0,29.8,84,0.94,21,2,12,8,3.0,4.0,3.0,3.0,3.6666666666666665,3.333333333333333,3.083333333333333
Lahore,2026-08-12 22:00:00+00:00,3,34.93,40.95,834.44,8.8,74.86,2.37,1.95,0.0,29.5,86,1.03,22,2,12,8,3.0,4.0,3.0,3.0,3.333333333333333,3.333333333333333,3.083333333333333
Lahore,2026-08-12 23:00:00+00:00,3,33.33,38.15,805.22,7.09,82.45,2.03,1.75,0.0,29.2,87,0.83,23,2,12,8,3.0,3.0,3.0,3.0,3.0,3.333333333333333,3.083333333333333
Lahore,2026-08-13 00:00:00+00:00,3,32.26,36.37,793.14,6.6,81.9,1.85,1.8,0.0,29.9,88,0.57,0,3,13,8,3.0,3.0,4.0,3.0,3.0,3.333333333333333,3.083333333333333
Lahore,2026-08-13 01:00:00+00:00,3,31.27,35.19,783.83,6.6,75.5,1.81,1.97,0.0,29.7,87,0.46,1,3,13,8,3.0,3.0,4.0,3.0,3.0,3.1666666666666665,3.083333333333333
Lahore,2026-08-13 02:00:00+00:00,3,30.5,34.95,775.92,7.14,69.57,1.95,2.24,0.05,30.4,85,0.58,2,3,13,8,3.0,3.0,3.0,3.0,3.0,3.0,3.083333333333333
Lahore,2026-08-13 03:00:00+00:00,3,29.93,34.98,765.36,7.8,68.99,2.23,2.56,0.29,31.8,78,0.45,3,3,13,8,3.0,3.0,3.0,3.0,3.0,3.0,3.083333333333333
Lahore,2026-08-13 04:00:00+00:00,2,24.65,29.14,619.62,5.47,99.91,2.67,1.2,0.36,32.6,72,0.41,4,3,13,8,3.0,3.0,3.0,3.0,3.0,3.0,3.083333333333333
Lahore,2026-08-13 05:00:00+00:00,3,23.73,27.91,552.03,4.29,108.78,3.03,0.74,0.46,33.5,67,0.29,5,3,13,8,2.0,3.0,3.0,3.0,2.6666666666666665,2.833333333333333,3.0416666666666665
Lahore,2026-08-13 06:00:00+00:00,3,25.58,29.42,524.16,3.3,115.56,3.09,0.6,0.46,34.3,63,0.25,6,3,13,8,3.0,3.0,3.0,3.0,2.6666666666666665,2.833333333333333,3.0416666666666665
Lahore,2026-08-13 07:00:00+00:00,3,27.67,31.1,491.96,2.48,122.46,2.86,0.46,0.32,33.9,67,0.47,7,3,13,8,3.0,2.0,3.0,3.0,2.6666666666666665,2.833333333333333,3.0416666666666665
Lahore,2026-08-13 08:00:00+00:00,3,27.1,30.2,458.84,2.18,124.66,2.58,0.43,0.21,34.8,63,0.92,8,3,13,8,3.0,3.0,3.0,3.0,3.0,2.833333333333333,3.0416666666666665
Lahore,2026-08-13 09:00:00+00:00,3,24.98,27.86,434.55,2.18,123.34,2.32,0.47,0.15,35.5,59,0.78,9,3,13,8,3.0,3.0,3.0,3.0,3.0,2.833333333333333,3.0416666666666665
Lahore,2026-08-13 10:00:00+00:00,3,23.09,26.2,419.53,2.55,118.94,2.01,0.73,0.13,35.7,59,0.54,10,3,13,8,3.0,3.0,2.0,3.0,3.0,2.833333333333333,3.0416666666666665
Lahore,2026-08-13 11:00:00+00:00,3,22.25,26.01,410.39,3.49,110.3,1.78,1.23,0.12,35.3,59,0.56,11,3,13,8,3.0,3.0,3.0,3.0,3.0,3.0,3.0416666666666665
Lahore,2026-08-13 12:00:00+00:00,3,21.4,25.87,406.93,4.77,100.97,1.65,1.7,0.09,34.1,64,0.4,12,3,13,8,3.0,3.0,3.0,3.0,3.0,3.0,3.0416666666666665
Lahore,2026-08-13 13:00:00+00:00,2,21.37,26.8,429.82,7.16,88.89,1.58,2.51,0.04,33.8,67,0.34,13,3,13,8,3.0,3.0,3.0,3.0,3.0,3.0,3.0416666666666665
Lahore,2026-08-13 14:00:00+00:00,2,22.39,29.32,463.18,9.66,73.85,1.6,3.55,0.0,32.7,77,0.96,14,3,13,8,2.0,3.0,3.0,3.0,2.6666666666666665,2.833333333333333,3.0
Lahore,2026-08-13 15:00:00+00:00,2,23.35,32.21,480.62,11.19,60.91,1.64,4.18,0.0,32.1,79,1.13,15,3,13,8,2.0,3.0,3.0,3.0,2.333333333333333,2.6666666666666665,2.958333333333333
Lahore,2026-08-13 16:00:00+00:00,2,23.87,34.64,481.53,12.17,49.78,1.61,4.34,0.01,31.6,80,1.11,16,3,13,8,2.0,2.0,3.0,3.0,2.0,2.5,2.9166666666666665
Lahore,2026-08-13 17:00:00+00:00,2,24.35,37.03,479.56,12.74,41.04,1.58,4.41,0.02,31.3,81,0.9,17,3,13,8,2.0,2.0,3.0,3.0,2.0,2.333333333333333,2.875
Lahore,2026-08-13 18:00:00+00:00,2,24.67,39.47,467.17,13.02,34.76,1.48,4.27,0.01,31.5,78,1.38,18,3,13,8,2.0,2.0,3.0,4.0,2.0,2.1666666666666665,2.833333333333333
Lahore,2026-08-13 19:00:00+00:00,2,24.73,42.31,428.69,12.15,31.95,1.34,3.8,0.0,30.9,81,0.81,19,3,13,8,2.0,2.0,2.0,4.0,2.0,2.0,2.75
Lahore,2026-08-13 20:00:00+00:00,3,25.66,46.26,407.88,11.85,29.35,1.21,3.46,0.0,30.6,82,0.75,20,3,13,8,2.0,2.0,2.0,3.0,2.0,2.0,2.6666666666666665
Lahore,2026-08-13 21:00:00+00:00,3,27.16,50.95,393.45,11.42,28.11,1.14,3.19,0.0,30.1,83,1.03,21,3,13,8,3.0,2.0,2.0,3.0,2.333333333333333,2.1666666666666665,2.6666666666666665
Lahore,2026-08-13 22:00:00+00:00,3,29.04,55.91,382.65,10.91,27.99,1.12,2.96,0.0,29.7,84,1.15,22,3,13,8,3.0,2.0,2.0,3.0,2.6666666666666665,2.333333333333333,2.6666666666666665
Lahore,2026-08-13 23:00:00+00:00,3,31.16,60.78,378.2,10.58,27.9,1.1,2.84,0.0,27.8,88,1.64,23,3,13,8,3.0,3.0,2.0,3.0,3.0,2.5,2.6666666666666665
Lahore,2026-08-14 00:00:00+00:00,3,33.05,65.28,375.77,10.37,27.94,1.09,2.75,0.0,30.3,79,2.77,0,4,14,8,3.0,3.0,2.0,3.0,3.0,2.6666666666666665,2.6666666666666665
Lahore,2026-08-14 01:00:00+00:00,3,34.35,69.39,372.15,10.08,27.74,1.1,2.77,0.0,28.9,86,1.97,1,4,14,8,3.0,3.0,2.0,3.0,3.0,2.833333333333333,2.6666666666666665
Lahore,2026-08-14 02:00:00+00:00,3,35.54,75.54,372.4,9.01,29.24,1.21,3.0,0.65,29.6,86,0.54,2,4,14,8,3.0,3.0,3.0,3.0,3.0,3.0,2.6666666666666665
Lahore,2026-08-14 03:00:00+00:00,3,36.87,85.27,364.24,6.94,36.25,1.36,3.09,1.87,31.0,79,0.21,3,4,14,8,3.0,3.0,3.0,3.0,3.0,3.0,2.6666666666666665
Lahore,2026-08-14 04:00:00+00:00,3,39.12,98.98,313.47,4.84,56.56,1.68,2.5,1.34,32.3,73,0.74,4,4,14,8,3.0,3.0,3.0,2.0,3.0,3.0,2.6666666666666665
Lahore,2026-08-14 05:00:00+00:00,4,47.18,110.15,291.97,3.31,79.93,1.97,2.3,0.71,33.3,69,1.1,5,4,14,8,3.0,3.0,3.0,3.0,3.0,3.0,2.708333333333333
Lahore,2026-08-14 06:00:00+00:00,4,54.71,117.58,272.92,2.15,99.94,2.23,2.07,0.37,32.1,75,1.78,6,4,14,8,4.0,3.0,3.0,3.0,3.333333333333333,3.1666666666666665,2.75
Lahore,2026-08-14 07:00:00+00:00,3,36.06,75.55,250.45,1.08,103.12,1.69,0.94,0.18,28.2,90,0.98,7,4,14,8,4.0,3.0,3.0,3.0,3.6666666666666665,3.333333333333333,2.7916666666666665
Lahore,2026-08-14 08:00:00+00:00,3,24.57,49.31,262.43,0.84,101.22,1.39,0.59,0.13,29.5,87,1.09,8,4,14,8,3.0,4.0,3.0,3.0,3.6666666666666665,3.333333333333333,2.7916666666666665
Lahore,2026-08-14 09:00:00+00:00,3,20.92,41.22,261.92,0.87,100.81,1.43,0.54,0.13,31.3,80,0.35,9,4,14,8,3.0,4.0,3.0,3.0,3.333333333333333,3.333333333333333,2.7916666666666665
Lahore,2026-08-14 10:00:00+00:00,3,19.6,38.06,264.76,1.23,100.12,1.55,0.74,0.15,32.1,77,0.45,10,4,14,8,3.0,3.0,3.0,3.0,3.0,3.333333333333333,2.7916666666666665
Lahore,2026-08-14 11:00:00+00:00,2,19.25,36.58,272.94,2.14,96.53,1.79,1.22,0.17,32.7,73,0.98,11,4,14,8,3.0,3.0,4.0,3.0,3.0,3.333333333333333,2.7916666666666665
Lahore,2026-08-14 12:00:00+00:00,2,18.52,34.66,283.92,3.54,90.53,2.05,1.66,0.12,32.0,74,0.32,12,4,14,8,2.0,3.0,4.0,3.0,2.6666666666666665,3.0,2.75
Lahore,2026-08-14 13:00:00+00:00,2,18.47,33.39,322.17,6.28,78.51,2.51,2.56,0.05,31.7,75,0.32,13,4,14,8,2.0,3.0,3.0,2.0,2.333333333333333,2.6666666666666665,2.708333333333333
Lahore,2026-08-14 14:00:00+00:00,2,19.86,34.16,385.68,9.24,63.75,2.84,3.67,0.01,30.7,83,0.9,14,4,14,8,2.0,2.0,3.0,2.0,2.0,2.5,2.708333333333333
Lahore,2026-08-14 15:00:00+00:00,2,21.75,35.43,442.8,11.0,53.71,2.83,3.72,0.0,30.2,86,1.59,15,4,14,8,2.0,2.0,3.0,2.0,2.0,2.333333333333333,2.708333333333333
Lahore,2026-08-14 16:00:00+00:00,2,22.53,34.7,462.38,11.21,49.36,2.44,2.94,0.0,29.2,91,2.36,16,4,14,8,2.0,2.0,3.0,2.0,2.0,2.1666666666666665,2.708333333333333
Lahore,2026-08-14 17:00:00+00:00,2,23.02,34.07,473.28,10.85,47.76,2.22,2.44,0.0,28.4,93,2.38,17,4,14,8,2.0,2.0,2.0,2.0,2.0,2.0,2.708333333333333
Lahore,2026-08-14 18:00:00+00:00,2,23.49,33.42,483.5,10.73,44.71,2.22,2.22,0.0,29.3,92,1.74,18,4,14,8,2.0,2.0,2.0,2.0,2.0,2.0,2.708333333333333
Lahore,2026-08-14 19:00:00+00:00,2,23.07,31.83,463.36,9.89,46.52,2.03,1.99,0.0,28.9,93,1.5,19,4,14,8,2.0,2.0,2.0,2.0,2.0,2.0,2.708333333333333
Lahore,2026-08-14 20:00:00+00:00,2,24.23,32.88,463.82,9.9,40.13,1.84,2.01,0.0,28.7,92,1.17,20,4,14,8,2.0,2.0,2.0,3.0,2.0,2.0,2.708333333333333
Lahore,2026-08-14 21:00:00+00:00,3,25.89,34.83,474.79,10.26,32.64,1.77,2.03,0.0,28.4,93,1.63,21,4,14,8,2.0,2.0,2.0,3.0,2.0,2.0,2.6666666666666665
Lahore,2026-08-14 22:00:00+00:00,3,27.49,36.57,491.75,10.85,25.67,1.62,2.07,0.0,28.0,94,1.88,22,4,14,8,3.0,2.0,2.0,3.0,2.333333333333333,2.1666666666666665,2.6666666666666665
Lahore,2026-08-14 23:00:00+00:00,3,28.88,37.86,514.02,11.59,18.95,1.37,2.21,0.02,25.5,99,4.9,23,4,14,8,3.0,2.0,2.0,3.0,2.6666666666666665,2.333333333333333,2.6666666666666665
Lahore,2026-08-15 00:00:00+00:00,3,30.08,39.28,539.37,12.21,14.11,1.22,2.42,0.05,26.9,93,0.9,0,5,15,8,3.0,3.0,2.0,3.0,3.0,2.5,2.6666666666666665
Lahore,2026-08-15 01:00:00+00:00,3,31.22,41.31,566.58,12.59,11.35,1.22,2.61,0.09,26.4,95,1.7,1,5,15,8,3.0,3.0,2.0,3.0,3.0,2.6666666666666665,2.6666666666666665
Lahore,2026-08-15 02:00:00+00:00,3,32.31,44.28,595.51,11.92,10.58,1.36,2.97,0.97,27.2,93,1.0,2,5,15,8,3.0,3.0,2.0,3.0,3.0,2.833333333333333,2.6666666666666665
Lahore,2026-08-15 03:00:00+00:00,3,33.39,48.36,623.59,9.81,12.53,1.49,3.65,3.25,28.8,87,1.1,3,5,15,8,3.0,3.0,3.0,3.0,3.0,3.0,2.6666666666666665
Lahore,2026-08-15 04:00:00+00:00,3,31.91,53.13,514.31,7.13,32.94,1.87,3.08,2.03,30.3,81,1.55,4,5,15,8,3.0,3.0,3.0,3.0,3.0,3.0,2.6666666666666665
Lahore,2026-08-15 05:00:00+00:00,3,31.93,52.59,474.73,5.8,45.82,1.7,2.98,1.63,31.5,77,1.7,5,5,15,8,3.0,3.0,3.0,4.0,3.0,3.0,2.6666666666666665
Lahore,2026-08-15 06:00:00+00:00,3,37.6,58.49,450.12,4.69,63.4,1.66,2.84,1.0,32.3,72,1.03,6,5,15,8,3.0,3.0,3.0,4.0,3.0,3.0,2.625
Lahore,2026-08-15 07:00:00+00:00,3,32.4,55.46,307.9,1.91,86.35,1.35,1.27,0.27,32.9,71,0.9,7,5,15,8,3.0,3.0,3.0,3.0,3.0,3.0,2.583333333333333
Lahore,2026-08-15 08:00:00+00:00,3,29.18,52.47,259.03,1.17,91.92,1.04,0.94,0.17,33.3,70,0.71,8,5,15,8,3.0,3.0,3.0,3.0,3.0,3.0,2.583333333333333
Lahore,2026-08-15 09:00:00+00:00,3,29.37,52.55,250.16,1.05,94.97,0.96,0.95,0.15,33.5,69,0.67,9,5,15,8,3.0,3.0,3.0,3.0,3.0,3.0,2.583333333333333
Lahore,2026-08-15 10:00:00+00:00,3,30.93,54.85,253.89,1.34,95.45,0.97,1.25,0.19,33.4,70,0.22,10,5,15,8,3.0,3.0,3.0,3.0,3.0,3.0,2.583333333333333
Lahore,2026-08-15 11:00:00+00:00,3,33.21,58.59,265.91,2.09,93.0,1.03,1.85,0.27,33.3,70,0.4,11,5,15,8,3.0,3.0,3.0,2.0,3.0,3.0,2.583333333333333
Lahore,2026-08-15 12:00:00+00:00,3,34.51,61.64,280.07,3.27,88.28,1.07,2.41,0.31,33.8,63,1.12,12,5,15,8,3.0,3.0,3.0,2.0,3.0,3.0,2.625
Lahore,2026-08-15 13:00:00+00:00,3,35.63,64.64,321.55,6.31,74.59,1.19,3.53,0.25,32.7,72,1.04,13,5,15,8,3.0,3.0,3.0,2.0,3.0,3.0,2.6666666666666665
Lahore,2026-08-15 14:00:00+00:00,3,36.86,67.57,384.65,10.1,55.87,1.37,4.97,0.02,31.6,78,0.81,14,5,15,8,3.0,3.0,3.0,2.0,3.0,3.0,2.708333333333333
Lahore,2026-08-15 15:00:00+00:00,3,37.37,69.66,438.08,12.47,42.9,1.5,6.06,0.0,31.0,80,0.65,15,5,15,8,3.0,3.0,3.0,2.0,3.0,3.0,2.75
Lahore,2026-08-15 16:00:00+00:00,3,36.77,69.93,469.11,13.87,34.7,1.5,6.45,0.0,30.1,85,1.35,16,5,15,8,3.0,3.0,3.0,2.0,3.0,3.0,2.7916666666666665
Lahore,2026-08-15 17:00:00+00:00,3,35.63,69.68,480.91,14.2,30.8,1.44,6.29,0.0,29.5,88,1.54,17,5,15,8,3.0,3.0,3.0,2.0,3.0,3.0,2.833333333333333
Lahore,2026-08-15 18:00:00+00:00,3,33.65,68.35,473.28,14.03,29.38,1.34,5.87,0.0,30.0,87,1.94,18,5,15,8,3.0,3.0,3.0,2.0,3.0,3.0,2.875
Lahore,2026-08-15 19:00:00+00:00,3,30.53,65.96,434.2,12.84,30.06,1.24,5.14,0.0,28.3,90,2.06,19,5,15,8,3.0,3.0,3.0,2.0,3.0,3.0,2.9166666666666665
Lahore,2026-08-15 20:00:00+00:00,3,28.39,64.45,410.66,12.42,28.1,1.15,4.78,0.0,27.1,96,3.09,20,5,15,8,3.0,3.0,3.0,2.0,3.0,3.0,2.958333333333333
Lahore,2026-08-15 21:00:00+00:00,3,26.67,65.5,379.02,11.45,27.75,1.09,4.43,0.0,26.4,95,2.18,21,5,15,8,3.0,3.0,3.0,3.0,3.0,3.0,3.0
Lahore,2026-08-15 22:00:00+00:00,3,26.2,70.51,349.45,10.37,27.41,1.02,4.2,0.0,24.2,99,1.93,22,5,15,8,3.0,3.0,3.0,3.0,3.0,3.0,3.0
Lahore,2026-08-15 23:00:00+00:00,3,27.54,76.48,349.76,10.62,23.8,0.95,4.51,0.01,24.7,98,1.66,23,5,15,8,3.0,3.0,3.0,3.0,3.0,3.0,3.0
Lahore,2026-08-16 00:00:00+00:00,3,29.28,83.22,354.79,11.03,21.23,0.99,5.27,0.03,26.0,92,1.82,0,6,16,8,3.0,3.0,3.0,3.0,3.0,3.0,3.0
Lahore,2026-08-16 01:00:00+00:00,3,30.73,88.71,363.32,11.44,19.42,1.13,6.36,0.08,25.8,91,1.9,1,6,16,8,3.0,3.0,3.0,3.0,3.0,3.0,3.0
Lahore,2026-08-16 02:00:00+00:00,3,31.9,95.09,371.44,9.72,19.89,1.26,6.02,1.02,26.8,90,0.85,2,6,16,8,3.0,3.0,3.0,3.0,3.0,3.0,3.0
Lahore,2026-08-16 03:00:00+00:00,4,31.89,102.59,343.89,6.49,26.2,1.34,4.96,2.44,28.6,84,0.86,3,6,16,8,3.0,3.0,3.0,3.0,3.0,3.0,3.0
Lahore,2026-08-16 04:00:00+00:00,4,31.17,109.5,269.4,4.37,40.84,1.4,3.67,1.66,30.5,76,1.24,4,6,16,8,4.0,3.0,3.0,3.0,3.333333333333333,3.1666666666666665,3.0416666666666665
Lahore,2026-08-16 05:00:00+00:00,4,35.53,114.6,245.98,3.2,59.56,1.48,3.29,0.96,32.0,71,1.25,5,6,16,8,4.0,3.0,3.0,3.0,3.6666666666666665,3.333333333333333,3.083333333333333
Lahore,2026-08-16 06:00:00+00:00,4,42.1,120.98,223.87,2.02,80.59,1.5,2.91,0.45,33.0,68,1.5,6,6,16,8,4.0,4.0,3.0,3.0,4.0,3.5,3.125
Lahore,2026-08-16 07:00:00+00:00,3,31.93,95.08,181.07,1.02,83.02,1.17,1.65,0.21,33.9,63,1.46,7,6,16,8,4.0,4.0,3.0,3.0,4.0,3.6666666666666665,3.1666666666666665
Lahore,2026-08-16 08:00:00+00:00,3,24.24,73.61,167.79,0.77,79.59,1.0,1.06,0.16,34.2,62,1.45,8,6,16,8,3.0,4.0,3.0,3.0,3.6666666666666665,3.6666666666666665,3.1666666666666665
Lahore,2026-08-16 09:00:00+00:00,3,22.05,66.93,166.64,0.77,80.01,1.02,0.92,0.15,34.4,62,1.52,9,6,16,8,3.0,4.0,4.0,3.0,3.333333333333333,3.6666666666666665,3.1666666666666665
Lahore,2026-08-16 10:00:00+00:00,3,21.35,63.99,170.8,0.92,80.72,1.07,0.97,0.17,34.3,63,1.36,10,6,16,8,3.0,3.0,4.0,3.0,3.0,3.5,3.1666666666666665
Lahore,2026-08-16 11:00:00+00:00,3,21.57,63.36,179.1,1.32,80.09,1.16,1.22,0.22,34.2,64,1.4,11,6,16,8,3.0,3.0,4.0,3.0,3.0,3.333333333333333,3.1666666666666665
Lahore,2026-08-16 12:00:00+00:00,3,21.81,63.3,189.39,1.99,77.41,1.28,1.46,0.24,32.6,73,2.24,12,6,16,8,3.0,3.0,4.0,3.0,3.0,3.1666666666666665,3.1666666666666665
Lahore,2026-08-16 13:00:00+00:00,3,22.26,63.16,217.69,3.95,67.43,1.36,2.17,0.19,31.5,78,1.46,13,6,16,8,3.0,3.0,3.0,3.0,3.0,3.0,3.1666666666666665
Lahore,2026-08-16 14:00:00+00:00,3,23.16,63.41,263.04,6.64,53.98,1.45,3.29,0.02,29.3,85,4.18,14,6,16,8,3.0,3.0,3.0,3.0,3.0,3.0,3.1666666666666665
Lahore,2026-08-16 15:00:00+00:00,3,23.99,64.08,303.13,8.37,45.34,1.52,4.25,0.0,28.7,87,1.39,15,6,16,8,3.0,3.0,3.0,3.0,3.0,3.0,3.1666666666666665
Lahore,2026-08-16 16:00:00+00:00,3,24.3,64.1,326.54,9.43,39.89,1.56,4.87,0.0,28.5,89,1.57,16,6,16,8,3.0,3.0,3.0,3.0,3.0,3.0,3.1666666666666665
Lahore,2026-08-16 17:00:00+00:00,3,24.48,64.57,337.11,9.83,36.44,1.6,5.08,0.0,28.3,90,2.16,17,6,16,8,3.0,3.0,3.0,3.0,3.0,3.0,3.1666666666666665
Lahore,2026-08-16 18:00:00+00:00,3,24.47,65.29,334.64,9.82,33.88,1.59,5.0,0.0,29.5,88,1.71,18,6,16,8,3.0,3.0,3.0,3.0,3.0,3.0,3.1666666666666665
Lahore,2026-08-16 19:00:00+00:00,3,24.19,66.31,315.46,9.28,32.31,1.47,4.66,0.0,29.1,90,1.79,19,6,16,8,3.0,3.0,3.0,3.0,3.0,3.0,3.1666666666666665
Lahore,2026-08-16 20:00:00+00:00,3,24.35,68.46,299.68,8.92,30.65,1.3,4.51,0.0,28.0,91,1.45,20,6,16,8,3.0,3.0,3.0,3.0,3.0,3.0,3.1666666666666665
Lahore,2026-08-16 21:00:00+00:00,3,24.81,72.71,280.15,8.23,30.65,1.17,4.33,0.0,25.1,96,3.92,21,6,16,8,3.0,3.0,3.0,3.0,3.0,3.0,3.1666666666666665
Lahore,2026-08-16 22:00:00+00:00,3,25.31,78.07,256.23,7.23,32.38,1.11,4.0,0.0,25.5,95,1.51,22,6,16,8,3.0,3.0,3.0,3.0,3.0,3.0,3.1666666666666665
Lahore,2026-08-16 23:00:00+00:00,3,25.67,81.67,240.87,6.67,33.4,1.1,3.89,0.0,25.8,94,0.1,23,6,16,8,3.0,3.0,3.0,3.0,3.0,3.0,3.1666666666666665
Lahore,2026-08-17 00:00:00+00:00,3,25.59,83.79,229.02,6.3,34.16,1.13,3.79,0.0,25.7,96,1.59,0,0,17,8,3.0,3.0,3.0,3.0,3.0,3.0,3.1666666666666665
Lahore,2026-08-17 01:00:00+00:00,3,25.07,84.56,221.05,6.02,34.34,1.25,3.6,0.0,25.8,92,1.43,1,0,17,8,3.0,3.0,3.0,3.0,3.0,3.0,3.1666666666666665
Lahore,2026-08-17 02:00:00+00:00,3,24.41,84.9,217.32,5.51,34.68,1.45,3.47,0.27,26.4,90,1.12,2,0,17,8,3.0,3.0,3.0,3.0,3.0,3.0,3.1666666666666665
Lahore,2026-08-17 03:00:00+00:00,3,23.7,85.11,212.6,4.3,37.8,1.7,3.18,0.98,27.5,86,1.64,3,0,17,8,3.0,3.0,3.0,4.0,3.0,3.0,3.1666666666666665
Lahore,2026-08-17 04:00:00+00:00,3,21.7,80.53,172.02,2.49,51.84,1.74,1.89,0.65,29.4,79,1.39,4,0,17,8,3.0,3.0,3.0,4.0,3.0,3.0,3.125
Lahore,2026-08-17 05:00:00+00:00,3,22.29,78.15,157.0,1.62,63.91,1.78,1.35,0.38,31.2,73,1.77,5,0,17,8,3.0,3.0,3.0,4.0,3.0,3.0,3.083333333333333
Lahore,2026-08-17 06:00:00+00:00,3,24.46,79.37,151.26,1.22,73.13,1.8,1.11,0.25,32.7,66,1.25,6,0,17,8,3.0,3.0,3.0,4.0,3.0,3.0,3.0416666666666665
Lahore,2026-08-17 07:00:00+00:00,3,25.19,77.66,147.57,0.96,78.39,1.62,0.83,0.18,33.6,63,1.18,7,0,17,8,3.0,3.0,3.0,3.0,3.0,3.0,3.0
Lahore,2026-08-17 08:00:00+00:00,3,24.69,73.98,145.26,0.86,80.44,1.46,0.64,0.15,34.3,60,0.99,8,0,17,8,3.0,3.0,3.0,3.0,3.0,3.0,3.0
Lahore,2026-08-17 09:00:00+00:00,3,24.27,71.45,143.96,0.87,82.4,1.49,0.54,0.14,34.7,58,1.34,9,0,17,8,3.0,3.0,3.0,3.0,3.0,3.0,3.0
Lahore,2026-08-17 10:00:00+00:00,3,24.6,70.36,147.94,1.13,83.59,1.61,0.66,0.16,34.5,57,1.73,10,0,17,8,3.0,3.0,3.0,3.0,3.0,3.0,3.0
Lahore,2026-08-17 11:00:00+00:00,3,25.58,69.54,159.36,1.76,82.01,1.74,1.03,0.2,33.6,61,1.8,11,0,17,8,3.0,3.0,3.0,3.0,3.0,3.0,3.0
Lahore,2026-08-17 12:00:00+00:00,3,26.04,67.86,174.1,2.77,78.09,1.85,1.39,0.21,34.3,55,1.28,12,0,17,8,3.0,3.0,3.0,3.0,3.0,3.0,3.0
Lahore,2026-08-17 13:00:00+00:00,3,26.63,66.5,213.81,5.38,67.02,1.85,2.25,0.16,33.1,70,0.45,13,0,17,8,3.0,3.0,3.0,3.0,3.0,3.0,3.0
Lahore,2026-08-17 14:00:00+00:00,3,27.85,66.88,276.91,8.69,53.49,1.89,3.54,0.01,31.2,76,1.07,14,0,17,8,3.0,3.0,3.0,3.0,3.0,3.0,3.0
Lahore,2026-08-17 15:00:00+00:00,3,29.09,68.13,331.64,10.89,44.72,1.96,4.68,0.0,30.5,76,1.75,15,0,17,8,3.0,3.0,3.0,3.0,3.0,3.0,3.0
Lahore,2026-08-17 16:00:00+00:00,3,30.05,69.22,375.46,12.6,38.13,2.03,5.66,0.0,29.8,78,2.2,16,0,17,8,3.0,3.0,3.0,3.0,3.0,3.0,3.0
Lahore,2026-08-17 17:00:00+00:00,3,31.04,70.67,411.58,13.67,32.29,2.07,6.33,0.0,28.9,84,2.43,17,0,17,8,3.0,3.0,3.0,3.0,3.0,3.0,3.0
Lahore,2026-08-17 18:00:00+00:00,3,31.45,71.53,429.7,14.05,27.76,2.02,6.47,0.0,29.5,86,2.35,18,0,17,8,3.0,3.0,3.0,3.0,3.0,3.0,3.0
Lahore,2026-08-17 19:00:00+00:00,3,30.6,70.61,420.14,13.67,24.99,1.84,5.84,0.0,29.0,88,1.85,19,0,17,8,3.0,3.0,3.0,3.0,3.0,3.0,3.0
Lahore,2026-08-17 20:00:00+00:00,3,29.91,69.95,411.34,13.14,23.17,1.66,4.91,0.02,28.6,89,1.83,20,0,17,8,3.0,3.0,3.0,3.0,3.0,3.0,3.0
Lahore,2026-08-17 21:00:00+00:00,3,29.37,70.39,397.27,12.17,23.52,1.54,4.07,0.03,28.4,90,0.81,21,0,17,8,3.0,3.0,3.0,3.0,3.0,3.0,3.0
Lahore,2026-08-17 22:00:00+00:00,3,28.55,71.41,372.51,10.83,25.52,1.4,3.48,0.03,25.4,95,3.62,22,0,17,8,3.0,3.0,3.0,3.0,3.0,3.0,3.0
Lahore,2026-08-17 23:00:00+00:00,3,28.5,71.48,365.66,10.33,25.09,1.3,3.08,0.03,26.2,94,0.69,23,0,17,8,3.0,3.0,3.0,3.0,3.0,3.0,3.0
Peshawar,2026-07-25 00:00:00+00:00,3,29.51,51.51,519.69,9.39,37.03,0.75,44.74,0.0,25.6,89,0.1,0,5,25,7,3.0,3.0,2.0,3.0,3.0,2.833333333333333,2.6666666666666665
Peshawar,2026-07-25 01:00:00+00:00,3,30.16,52.68,525.3,9.39,34.53,0.71,42.57,0.0,25.6,88,0.65,1,5,25,7,3.0,3.0,3.0,2.0,3.0,3.0,2.6666666666666665
Peshawar,2026-07-25 02:00:00+00:00,3,30.73,54.2,542.2,9.35,33.17,0.73,40.61,0.34,26.6,85,1.15,2,5,25,7,3.0,3.0,3.0,2.0,3.0,3.0,2.708333333333333
Peshawar,2026-07-25 03:00:00+00:00,3,31.91,57.04,562.14,8.94,37.43,0.8,37.58,1.1,28.1,79,0.97,3,5,25,7,3.0,3.0,3.0,2.0,3.0,3.0,2.75
Peshawar,2026-07-25 04:00:00+00:00,3,22.71,46.05,343.95,2.33,101.88,1.92,12.04,0.09,29.2,74,0.42,4,5,25,7,3.0,3.0,3.0,3.0,3.0,3.0,2.7916666666666665
Peshawar,2026-07-25 05:00:00+00:00,3,19.11,35.17,305.13,1.46,107.73,1.66,8.29,0.05,30.4,71,0.47,5,5,25,7,3.0,3.0,3.0,3.0,3.0,3.0,2.7916666666666665
Peshawar,2026-07-25 06:00:00+00:00,3,17.59,30.32,290.1,1.3,106.58,1.52,7.36,0.04,31.0,64,1.37,6,5,25,7,3.0,3.0,3.0,3.0,3.0,3.0,2.7916666666666665
Peshawar,2026-07-25 07:00:00+00:00,3,16.13,26.52,279.45,1.19,104.95,1.41,6.64,0.04,32.7,60,2.01,7,5,25,7,3.0,3.0,3.0,3.0,3.0,3.0,2.7916666666666665
Peshawar,2026-07-25 08:00:00+00:00,3,14.78,23.21,272.74,1.07,104.01,1.25,6.04,0.05,32.6,58,3.22,8,5,25,7,3.0,3.0,3.0,3.0,3.0,3.0,2.7916666666666665
Peshawar,2026-07-25 09:00:00+00:00,3,14.12,21.08,271.95,0.99,104.49,1.09,5.52,0.06,31.9,60,2.32,9,5,25,7,3.0,3.0,3.0,3.0,3.0,3.0,2.7916666666666665
Peshawar,2026-07-25 10:00:00+00:00,3,13.89,19.83,277.12,0.97,106.86,0.98,5.19,0.06,32.3,59,1.66,10,5,25,7,3.0,3.0,3.0,3.0,3.0,3.0,2.7916666666666665
Peshawar,2026-07-25 11:00:00+00:00,3,13.53,18.84,284.01,1.02,109.29,0.91,5.01,0.06,32.2,58,2.44,11,5,25,7,3.0,3.0,3.0,3.0,3.0,3.0,2.7916666666666665
Peshawar,2026-07-25 12:00:00+00:00,3,12.66,17.49,292.21,1.14,111.87,0.83,4.82,0.05,29.8,70,0.99,12,5,25,7,3.0,3.0,3.0,3.0,3.0,3.0,2.7916666666666665
Peshawar,2026-07-25 13:00:00+00:00,3,12.07,17.04,307.15,1.67,112.13,0.79,5.82,0.04,29.3,73,0.81,13,5,25,7,3.0,3.0,3.0,3.0,3.0,3.0,2.7916666666666665
Peshawar,2026-07-25 14:00:00+00:00,3,12.22,18.05,325.2,2.43,109.35,0.81,7.97,0.02,28.6,80,0.6,14,5,25,7,3.0,3.0,3.0,2.0,3.0,3.0,2.7916666666666665
Peshawar,2026-07-25 15:00:00+00:00,3,12.44,19.28,340.27,2.84,106.41,0.84,9.95,0.0,28.1,84,1.04,15,5,25,7,3.0,3.0,3.0,2.0,3.0,3.0,2.833333333333333
Peshawar,2026-07-25 16:00:00+00:00,2,12.85,20.78,357.24,3.43,99.61,0.81,13.1,0.0,27.8,87,0.5,16,5,25,7,3.0,3.0,3.0,2.0,3.0,3.0,2.875
Peshawar,2026-07-25 17:00:00+00:00,2,13.73,22.98,381.7,4.27,91.52,0.8,16.79,0.0,27.4,89,0.63,17,5,25,7,2.0,3.0,3.0,2.0,2.6666666666666665,2.833333333333333,2.875
Peshawar,2026-07-25 18:00:00+00:00,2,14.74,25.31,404.04,5.02,84.5,0.8,19.41,0.0,27.5,86,0.92,18,5,25,7,2.0,3.0,3.0,2.0,2.333333333333333,2.6666666666666665,2.875
Peshawar,2026-07-25 19:00:00+00:00,2,15.57,27.04,418.25,5.53,78.69,0.79,21.17,0.0,27.1,88,0.79,19,5,25,7,2.0,2.0,3.0,3.0,2.0,2.5,2.875
Peshawar,2026-07-25 20:00:00+00:00,2,16.59,28.72,429.38,5.7,74.26,0.78,22.65,0.0,26.8,90,0.5,20,5,25,7,2.0,2.0,3.0,3.0,2.0,2.333333333333333,2.833333333333333
Peshawar,2026-07-25 21:00:00+00:00,2,17.52,30.11,438.0,5.63,71.02,0.77,24.46,0.0,26.5,91,0.25,21,5,25,7,2.0,2.0,3.0,3.0,2.0,2.1666666666666665,2.7916666666666665
Peshawar,2026-07-25 22:00:00+00:00,2,18.08,30.98,437.57,5.34,68.37,0.73,25.41,0.0,26.1,93,0.21,22,5,25,7,2.0,2.0,2.0,3.0,2.0,2.0,2.75
Peshawar,2026-07-25 23:00:00+00:00,2,18.37,31.75,437.5,5.01,65.79,0.66,22.69,0.0,25.9,94,0.21,23,5,25,7,2.0,2.0,2.0,3.0,2.0,2.0,2.708333333333333
Peshawar,2026-07-26 00:00:00+00:00,2,18.49,32.47,436.55,4.58,64.53,0.6,18.5,0.0,25.0,98,0.78,0,6,26,7,2.0,2.0,2.0,3.0,2.0,2.0,2.6666666666666665
Peshawar,2026-07-26 01:00:00+00:00,2,17.66,32.37,431.13,3.92,65.82,0.59,13.83,0.0,24.9,98,0.45,1,6,26,7,2.0,2.0,2.0,3.0,2.0,2.0,2.625
Peshawar,2026-07-26 02:00:00+00:00,2,17.44,32.68,435.25,3.81,65.49,0.63,12.88,0.1,25.4,96,0.11,2,6,26,7,2.0,2.0,2.0,3.0,2.0,2.0,2.583333333333333
Peshawar,2026-07-26 03:00:00+00:00,2,18.42,34.12,442.02,3.53,68.77,0.72,13.1,0.35,26.7,88,0.38,3,6,26,7,2.0,2.0,2.0,3.0,2.0,2.0,2.5416666666666665
Peshawar,2026-07-26 04:00:00+00:00,2,13.9,25.27,377.43,1.68,91.95,0.71,6.84,0.18,28.2,80,0.54,4,6,26,7,2.0,2.0,2.0,3.0,2.0,2.0,2.5
Peshawar,2026-07-26 05:00:00+00:00,2,11.33,19.25,337.63,1.04,97.8,0.63,4.75,0.13,29.4,75,0.38,5,6,26,7,2.0,2.0,2.0,3.0,2.0,2.0,2.458333333333333
Peshawar,2026-07-26 06:00:00+00:00,3,11.13,17.85,314.78,0.76,100.1,0.59,4.11,0.1,30.4,69,1.06,6,6,26,7,2.0,2.0,2.0,3.0,2.0,2.0,2.4166666666666665
Peshawar,2026-07-26 07:00:00+00:00,2,10.01,15.5,291.4,0.61,99.67,0.5,3.52,0.08,30.6,69,1.19,7,6,26,7,3.0,2.0,2.0,3.0,2.333333333333333,2.1666666666666665,2.4166666666666665
Peshawar,2026-07-26 08:00:00+00:00,2,8.74,13.45,274.92,0.6,97.26,0.44,3.33,0.06,31.2,69,1.43,8,6,26,7,2.0,2.0,2.0,3.0,2.333333333333333,2.1666666666666665,2.375
Peshawar,2026-07-26 09:00:00+00:00,2,7.95,12.36,268.99,0.68,95.62,0.44,3.44,0.05,31.7,68,1.26,9,6,26,7,2.0,3.0,2.0,3.0,2.333333333333333,2.1666666666666665,2.333333333333333
Peshawar,2026-07-26 10:00:00+00:00,2,7.65,12.18,271.96,0.92,94.38,0.47,4.96,0.06,32.0,66,0.74,10,6,26,7,2.0,2.0,2.0,3.0,2.0,2.1666666666666665,2.2916666666666665
Peshawar,2026-07-26 11:00:00+00:00,2,8.16,13.18,276.85,1.16,93.76,0.52,7.31,0.11,32.1,64,0.28,11,6,26,7,2.0,2.0,2.0,3.0,2.0,2.1666666666666665,2.25
Peshawar,2026-07-26 12:00:00+00:00,2,8.93,14.58,283.14,1.39,95.03,0.58,9.6,0.15,31.8,63,0.45,12,6,26,7,2.0,2.0,3.0,3.0,2.0,2.1666666666666665,2.208333333333333
Peshawar,2026-07-26 13:00:00+00:00,2,10.37,17.22,303.86,2.48,93.13,0.66,15.5,0.19,31.5,66,0.35,13,6,26,7,2.0,2.0,2.0,3.0,2.0,2.0,2.1666666666666665
Peshawar,2026-07-26 14:00:00+00:00,2,12.09,20.51,334.94,4.29,85.68,0.74,22.46,0.08,30.6,73,0.18,14,6,26,7,2.0,2.0,2.0,3.0,2.0,2.0,2.125
Peshawar,2026-07-26 15:00:00+00:00,2,13.62,23.61,363.46,5.51,77.81,0.82,27.57,0.0,29.2,79,0.66,15,6,26,7,2.0,2.0,2.0,3.0,2.0,2.0,2.083333333333333
Peshawar,2026-07-26 16:00:00+00:00,2,15.14,26.37,391.72,6.53,69.25,0.85,31.99,0.0,28.3,83,0.96,16,6,26,7,2.0,2.0,2.0,2.0,2.0,2.0,2.0416666666666665
Peshawar,2026-07-26 17:00:00+00:00,2,16.73,29.19,422.37,7.55,61.47,0.84,34.83,0.0,27.9,85,0.66,17,6,26,7,2.0,2.0,2.0,2.0,2.0,2.0,2.0416666666666665
Peshawar,2026-07-26 18:00:00+00:00,2,18.01,31.8,447.19,8.29,55.29,0.79,35.62,0.0,27.9,86,0.76,18,6,26,7,2.0,2.0,2.0,2.0,2.0,2.0,2.0416666666666665
Peshawar,2026-07-26 19:00:00+00:00,2,18.81,33.91,459.52,8.64,50.77,0.7,34.81,0.0,27.3,88,0.35,19,6,26,7,2.0,2.0,2.0,2.0,2.0,2.0,2.0416666666666665
Peshawar,2026-07-26 20:00:00+00:00,2,19.66,36.12,470.52,8.77,46.82,0.64,33.83,0.0,27.0,89,0.32,20,6,26,7,2.0,2.0,2.0,2.0,2.0,2.0,2.0416666666666665
Peshawar,2026-07-26 21:00:00+00:00,2,20.59,38.39,481.31,8.79,43.2,0.61,32.64,0.0,26.7,89,0.16,21,6,26,7,2.0,2.0,2.0,2.0,2.0,2.0,2.0416666666666665
Peshawar,2026-07-26 22:00:00+00:00,2,21.35,40.3,490.25,8.87,39.38,0.58,32.05,0.0,26.5,90,0.28,22,6,26,7,2.0,2.0,2.0,2.0,2.0,2.0,2.0416666666666665
Peshawar,2026-07-26 23:00:00+00:00,2,22.17,42.26,501.29,9.1,35.71,0.57,33.34,0.0,26.1,91,0.54,23,6,26,7,2.0,2.0,2.0,2.0,2.0,2.0,2.0416666666666665
Peshawar,2026-07-27 00:00:00+00:00,2,23.13,44.53,513.22,9.45,32.89,0.62,36.69,0.0,26.4,90,0.11,0,0,27,7,2.0,2.0,2.0,2.0,2.0,2.0,2.0416666666666665
Peshawar,2026-07-27 01:00:00+00:00,2,23.91,46.69,523.46,9.75,30.48,0.68,39.93,0.01,26.6,89,0.72,1,0,27,7,2.0,2.0,2.0,2.0,2.0,2.0,2.0416666666666665
Peshawar,2026-07-27 02:00:00+00:00,2,24.41,48.79,544.29,9.16,29.59,0.72,37.99,0.81,27.8,84,0.87,2,0,27,7,2.0,2.0,2.0,2.0,2.0,2.0,2.0416666666666665
Peshawar,2026-07-27 03:00:00+00:00,3,26.01,52.54,567.23,7.74,37.15,0.79,35.28,2.23,29.4,76,0.67,3,0,27,7,2.0,2.0,2.0,2.0,2.0,2.0,2.0416666666666665
Peshawar,2026-07-27 04:00:00+00:00,2,17.21,41.47,343.41,1.6,96.91,2.09,9.12,0.22,30.8,70,0.39,4,0,27,7,3.0,2.0,2.0,2.0,2.333333333333333,2.1666666666666665,2.083333333333333
Peshawar,2026-07-27 05:00:00+00:00,3,14.64,31.93,310.48,0.82,103.24,1.66,6.53,0.12,32.1,65,0.55,5,0,27,7,2.0,2.0,2.0,2.0,2.333333333333333,2.1666666666666665,2.083333333333333
Peshawar,2026-07-27 06:00:00+00:00,3,14.71,30.13,303.18,0.66,105.29,1.5,6.27,0.1,33.3,60,0.74,6,0,27,7,3.0,3.0,2.0,3.0,2.6666666666666665,2.333333333333333,2.125
Peshawar,2026-07-27 07:00:00+00:00,3,15.55,30.36,303.29,0.61,107.45,1.44,6.3,0.09,34.2,57,1.23,7,0,27,7,3.0,2.0,2.0,2.0,2.6666666666666665,2.5,2.125
Peshawar,2026-07-27 08:00:00+00:00,3,16.41,30.98,302.66,0.6,107.99,1.42,6.37,0.09,34.8,54,1.54,8,0,27,7,3.0,3.0,2.0,2.0,3.0,2.6666666666666665,2.1666666666666665
Peshawar,2026-07-27 09:00:00+00:00,3,17.15,31.72,301.17,0.61,108.33,1.42,6.51,0.09,35.2,52,1.68,9,0,27,7,3.0,3.0,3.0,2.0,3.0,2.833333333333333,2.208333333333333
Peshawar,2026-07-27 10:00:00+00:00,3,18.14,33.26,304.12,0.72,109.86,1.45,7.35,0.1,35.3,51,1.84,10,0,27,7,3.0,3.0,2.0,2.0,3.0,2.833333333333333,2.25
Peshawar,2026-07-27 11:00:00+00:00,3,19.34,35.39,309.23,0.95,110.75,1.53,8.99,0.12,34.9,54,1.95,11,0,27,7,3.0,3.0,3.0,2.0,3.0,3.0,2.2916666666666665
Peshawar,2026-07-27 12:00:00+00:00,3,20.53,37.63,317.76,1.33,111.54,1.61,10.68,0.15,34.8,57,1.62,12,0,27,7,3.0,3.0,3.0,2.0,3.0,3.0,2.333333333333333
Peshawar,2026-07-27 13:00:00+00:00,3,22.18,40.65,338.7,2.34,109.43,1.73,13.53,0.16,33.2,69,1.66,13,0,27,7,3.0,3.0,3.0,2.0,3.0,3.0,2.375
Peshawar,2026-07-27 14:00:00+00:00,3,24.19,44.13,368.88,3.87,103.02,1.83,17.17,0.05,31.6,75,1.25,14,0,27,7,3.0,3.0,3.0,2.0,3.0,3.0,2.4166666666666665
Peshawar,2026-07-27 15:00:00+00:00,3,26.14,47.35,396.77,4.7,96.19,1.8,20.06,0.0,30.6,76,1.2,15,0,27,7,3.0,3.0,3.0,2.0,3.0,3.0,2.458333333333333
Peshawar,2026-07-27 16:00:00+00:00,3,27.7,49.43,418.42,5.19,88.92,1.61,22.43,0.0,29.9,78,1.65,16,0,27,7,3.0,3.0,3.0,2.0,3.0,3.0,2.5
Peshawar,2026-07-27 17:00:00+00:00,3,29.32,51.89,443.17,5.72,82.39,1.41,24.67,0.0,29.3,76,1.9,17,0,27,7,3.0,3.0,3.0,2.0,3.0,3.0,2.5416666666666665
Peshawar,2026-07-27 18:00:00+00:00,3,30.59,54.44,461.5,6.09,77.47,1.27,25.94,0.0,29.4,77,0.54,18,0,27,7,3.0,3.0,3.0,2.0,3.0,3.0,2.583333333333333
Peshawar,2026-07-27 19:00:00+00:00,3,31.3,55.99,469.77,6.37,71.57,1.08,27.02,0.0,29.3,76,0.15,19,0,27,7,3.0,3.0,3.0,2.0,3.0,3.0,2.625
Peshawar,2026-07-27 20:00:00+00:00,3,32.19,57.37,482.18,6.73,64.93,0.88,28.55,0.0,28.8,78,0.39,20,0,27,7,3.0,3.0,3.0,2.0,3.0,3.0,2.6666666666666665
Peshawar,2026-07-27 21:00:00+00:00,3,33.1,58.92,492.77,6.99,58.88,0.75,29.86,0.0,28.7,78,0.21,21,0,27,7,3.0,3.0,3.0,2.0,3.0,3.0,2.708333333333333
Peshawar,2026-07-27 22:00:00+00:00,3,33.79,60.38,499.84,7.19,53.39,0.66,30.93,0.0,28.4,80,0.05,22,0,27,7,3.0,3.0,3.0,2.0,3.0,3.0,2.75
Peshawar,2026-07-27 23:00:00+00:00,3,34.62,62.44,508.41,7.4,48.51,0.63,31.93,0.0,28.2,81,0.28,23,0,27,7,3.0,3.0,3.0,2.0,3.0,3.0,2.7916666666666665
Peshawar,2026-07-28 00:00:00+00:00,3,35.5,64.88,518.32,7.64,44.64,0.63,32.46,0.0,28.7,73,0.92,0,1,28,7,3.0,3.0,3.0,2.0,3.0,3.0,2.833333333333333
Peshawar,2026-07-28 01:00:00+00:00,3,36.09,67.21,526.27,7.84,41.56,0.65,32.95,0.0,28.4,73,1.89,1,1,28,7,3.0,3.0,3.0,2.0,3.0,3.0,2.875
Peshawar,2026-07-28 02:00:00+00:00,3,36.75,69.91,543.16,8.07,39.84,0.74,32.67,0.27,28.6,77,2.89,2,1,28,7,3.0,3.0,3.0,2.0,3.0,3.0,2.9166666666666665
Peshawar,2026-07-28 03:00:00+00:00,3,37.88,74.13,563.01,7.57,45.21,0.88,31.46,1.1,29.5,75,2.5,3,1,28,7,3.0,3.0,3.0,3.0,3.0,3.0,2.958333333333333
Peshawar,2026-07-28 04:00:00+00:00,3,37.24,76.32,428.9,2.21,107.68,3.82,14.41,0.22,31.1,71,1.78,4,1,28,7,3.0,3.0,3.0,2.0,3.0,3.0,2.958333333333333
Peshawar,2026-07-28 05:00:00+00:00,3,35.74,70.06,394.19,1.22,119.41,3.78,10.94,0.13,32.4,68,1.24,5,1,28,7,3.0,3.0,3.0,3.0,3.0,3.0,3.0
Peshawar,2026-07-28 06:00:00+00:00,3,35.74,68.1,380.41,0.92,123.28,3.55,10.0,0.1,33.7,64,0.87,6,1,28,7,3.0,3.0,3.0,3.0,3.0,3.0,3.0
Peshawar,2026-07-28 07:00:00+00:00,3,35.3,66.92,366.03,0.71,125.53,3.63,8.66,0.08,34.7,61,0.61,7,1,28,7,3.0,3.0,3.0,3.0,3.0,3.0,3.0
Peshawar,2026-07-28 08:00:00+00:00,3,34.29,65.0,346.97,0.63,124.92,3.33,7.78,0.08,35.4,57,0.72,8,1,28,7,3.0,3.0,3.0,3.0,3.0,3.0,3.0
Peshawar,2026-07-28 09:00:00+00:00,3,34.49,65.1,336.77,0.63,124.14,3.16,7.46,0.07,36.1,54,1.23,9,1,28,7,3.0,3.0,3.0,3.0,3.0,3.0,3.0
Peshawar,2026-07-28 10:00:00+00:00,3,36.01,67.21,337.45,0.74,124.82,3.18,8.05,0.08,36.3,53,1.41,10,1,28,7,3.0,3.0,3.0,3.0,3.0,3.0,3.0
Peshawar,2026-07-28 11:00:00+00:00,3,38.49,70.71,344.8,0.99,125.4,3.3,9.48,0.1,35.9,55,1.56,11,1,28,7,3.0,3.0,3.0,3.0,3.0,3.0,3.0
Peshawar,2026-07-28 12:00:00+00:00,3,41.09,74.74,355.78,1.36,126.08,3.46,10.93,0.1,36.1,56,1.33,12,1,28,7,3.0,3.0,3.0,3.0,3.0,3.0,3.0
Peshawar,2026-07-28 13:00:00+00:00,3,44.04,78.34,392.68,3.38,117.68,3.43,15.91,0.14,34.4,68,1.7,13,1,28,7,3.0,3.0,3.0,3.0,3.0,3.0,3.0
Peshawar,2026-07-28 14:00:00+00:00,3,46.75,81.15,445.51,6.26,103.74,3.25,23.0,0.04,32.6,74,1.58,14,1,28,7,3.0,3.0,3.0,3.0,3.0,3.0,3.0
Peshawar,2026-07-28 15:00:00+00:00,3,48.83,83.65,491.49,7.92,92.64,3.08,29.62,0.0,31.5,74,1.41,15,1,28,7,3.0,3.0,3.0,3.0,3.0,3.0,3.0
Peshawar,2026-07-28 16:00:00+00:00,3,49.84,84.89,522.05,8.66,84.85,2.9,34.88,0.0,30.8,76,1.76,16,1,28,7,3.0,3.0,3.0,3.0,3.0,3.0,3.0
Peshawar,2026-07-28 17:00:00+00:00,4,50.72,86.25,539.89,8.64,79.52,2.63,35.82,0.0,30.1,78,1.86,17,1,28,7,3.0,3.0,3.0,3.0,3.0,3.0,3.0
Peshawar,2026-07-28 18:00:00+00:00,4,51.26,87.4,545.89,8.25,76.82,2.37,34.61,0.0,30.7,75,1.3,18,1,28,7,4.0,3.0,3.0,3.0,3.333333333333333,3.1666666666666665,3.0416666666666665
Peshawar,2026-07-28 19:00:00+00:00,3,49.91,87.37,506.76,6.3,83.24,2.18,27.65,0.0,30.0,72,1.59,19,1,28,7,4.0,3.0,3.0,3.0,3.6666666666666665,3.333333333333333,3.083333333333333
Peshawar,2026-07-28 20:00:00+00:00,3,49.83,88.74,489.15,5.34,83.59,1.94,26.3,0.0,28.9,73,3.4,20,1,28,7,3.0,4.0,3.0,3.0,3.6666666666666665,3.333333333333333,3.083333333333333
Peshawar,2026-07-28 21:00:00+00:00,3,49.89,90.18,478.02,4.76,81.81,1.75,26.15,0.0,25.6,88,0.92,21,1,28,7,3.0,4.0,3.0,3.0,3.333333333333333,3.333333333333333,3.083333333333333
Peshawar,2026-07-28 22:00:00+00:00,3,49.85,90.84,470.64,4.5,78.5,1.62,26.12,0.0,24.9,94,1.47,22,1,28,7,3.0,3.0,3.0,3.0,3.0,3.333333333333333,3.083333333333333
Peshawar,2026-07-28 23:00:00+00:00,4,50.29,91.97,469.63,4.4,76.1,1.55,25.6,0.0,25.1,95,0.81,23,1,28,7,3.0,3.0,4.0,3.0,3.0,3.333333333333333,3.083333333333333
Peshawar,2026-07-29 00:00:00+00:00,4,50.76,93.3,472.67,4.23,75.57,1.53,24.05,0.0,27.6,83,1.81,0,2,29,7,4.0,3.0,4.0,3.0,3.333333333333333,3.333333333333333,3.125
Peshawar,2026-07-29 01:00:00+00:00,4,50.13,91.35,477.45,3.95,74.61,1.52,22.0,0.0,26.3,85,3.15,1,2,29,7,4.0,3.0,3.0,3.0,3.6666666666666665,3.333333333333333,3.1666666666666665
Peshawar,2026-07-29 02:00:00+00:00,3,49.4,87.38,496.8,4.25,72.34,1.54,21.14,0.06,26.3,83,2.26,2,2,29,7,4.0,4.0,3.0,3.0,4.0,3.5,3.208333333333333
Peshawar,2026-07-29 03:00:00+00:00,3,49.1,85.24,517.44,4.33,74.44,1.73,20.7,0.29,27.5,81,1.8,3,2,29,7,3.0,4.0,3.0,3.0,3.6666666666666665,3.5,3.208333333333333
Peshawar,2026-07-29 04:00:00+00:00,3,47.69,89.46,476.79,2.67,95.49,2.35,15.92,0.23,29.4,75,1.01,4,2,29,7,3.0,4.0,3.0,3.0,3.333333333333333,3.5,3.208333333333333
Peshawar,2026-07-29 05:00:00+00:00,3,47.36,87.68,470.64,2.14,103.77,2.44,14.37,0.19,30.8,70,0.45,5,2,29,7,3.0,3.0,4.0,3.0,3.0,3.5,3.208333333333333
Peshawar,2026-07-29 06:00:00+00:00,3,47.65,84.42,474.73,1.88,110.02,2.49,13.42,0.16,31.6,65,0.69,6,2,29,7,3.0,3.0,4.0,3.0,3.0,3.333333333333333,3.208333333333333
Peshawar,2026-07-29 07:00:00+00:00,3,41.9,78.12,407.53,1.37,113.26,2.54,10.14,0.11,32.1,65,1.5,7,2,29,7,3.0,3.0,4.0,3.0,3.0,3.1666666666666665,3.208333333333333
Peshawar,2026-07-29 08:00:00+00:00,3,37.73,70.34,360.55,1.12,113.34,2.26,8.34,0.09,32.8,65,1.61,8,2,29,7,3.0,3.0,3.0,3.0,3.0,3.0,3.208333333333333
Peshawar,2026-07-29 09:00:00+00:00,3,37.01,66.09,351.74,1.1,114.1,2.08,7.9,0.09,33.4,63,1.44,9,2,29,7,3.0,3.0,3.0,3.0,3.0,3.0,3.208333333333333
Peshawar,2026-07-29 10:00:00+00:00,3,37.59,64.45,352.14,1.19,115.48,1.99,8.2,0.1,33.9,61,1.6,10,2,29,7,3.0,3.0,3.0,3.0,3.0,3.0,3.208333333333333
Peshawar,2026-07-29 11:00:00+00:00,3,38.51,63.69,356.01,1.4,115.88,1.96,9.12,0.1,34.0,60,2.53,11,2,29,7,3.0,3.0,3.0,3.0,3.0,3.0,3.208333333333333
Peshawar,2026-07-29 12:00:00+00:00,3,38.53,62.27,359.12,1.72,115.45,1.92,9.94,0.1,33.8,60,2.58,12,2,29,7,3.0,3.0,3.0,3.0,3.0,3.0,3.208333333333333
Peshawar,2026-07-29 13:00:00+00:00,3,38.7,62.07,371.4,2.57,113.09,1.88,11.73,0.08,32.6,68,2.44,13,2,29,7,3.0,3.0,3.0,3.0,3.0,3.0,3.208333333333333
Peshawar,2026-07-29 14:00:00+00:00,3,39.34,63.01,390.88,3.66,108.36,1.85,14.28,0.02,31.2,72,2.5,14,2,29,7,3.0,3.0,3.0,3.0,3.0,3.0,3.208333333333333
Peshawar,2026-07-29 15:00:00+00:00,3,39.89,64.1,407.42,4.13,103.95,1.82,16.56,0.0,30.3,74,2.88,15,2,29,7,3.0,3.0,3.0,3.0,3.0,3.0,3.208333333333333
Peshawar,2026-07-29 16:00:00+00:00,3,39.81,64.25,418.59,4.25,99.77,1.74,18.35,0.0,29.6,77,1.83,16,2,29,7,3.0,3.0,3.0,3.0,3.0,3.0,3.208333333333333
Peshawar,2026-07-29 17:00:00+00:00,3,39.79,64.44,431.62,4.31,96.49,1.64,20.02,0.0,28.9,80,1.39,17,2,29,7,3.0,3.0,3.0,4.0,3.0,3.0,3.208333333333333
Peshawar,2026-07-29 18:00:00+00:00,3,39.89,64.75,444.15,4.36,93.69,1.56,21.06,0.0,29.2,81,1.04,18,2,29,7,3.0,3.0,3.0,4.0,3.0,3.0,3.1666666666666665
Peshawar,2026-07-29 19:00:00+00:00,3,39.8,64.65,451.42,4.38,89.83,1.46,21.11,0.0,28.4,84,1.8,19,2,29,7,3.0,3.0,3.0,3.0,3.0,3.0,3.125
Peshawar,2026-07-29 20:00:00+00:00,3,39.98,64.85,462.43,4.37,86.1,1.36,21.03,0.0,27.7,86,1.94,20,2,29,7,3.0,3.0,3.0,3.0,3.0,3.0,3.125
Peshawar,2026-07-29 21:00:00+00:00,3,40.21,65.17,472.59,4.26,83.07,1.28,20.6,0.0,25.5,96,2.21,21,2,29,7,3.0,3.0,3.0,3.0,3.0,3.0,3.125
Peshawar,2026-07-29 22:00:00+00:00,3,40.49,65.27,480.59,4.14,80.55,1.32,19.28,0.0,25.6,96,1.7,22,2,29,7,3.0,3.0,3.0,3.0,3.0,3.0,3.125
Peshawar,2026-07-29 23:00:00+00:00,3,40.73,64.19,491.04,4.02,79.29,1.4,17.08,0.0,25.4,98,1.23,23,2,29,7,3.0,3.0,3.0,4.0,3.0,3.0,3.125
Peshawar,2026-07-30 00:00:00+00:00,3,40.9,62.31,500.23,3.76,80.97,1.48,14.86,0.0,24.9,98,2.67,0,3,30,7,3.0,3.0,3.0,4.0,3.0,3.0,3.083333333333333
Peshawar,2026-07-30 01:00:00+00:00,3,40.16,59.77,497.2,3.35,84.25,1.49,12.95,0.0,25.5,97,1.19,1,3,30,7,3.0,3.0,3.0,4.0,3.0,3.0,3.0416666666666665
Peshawar,2026-07-30 02:00:00+00:00,3,39.59,58.59,500.45,3.5,84.76,1.49,11.82,0.03,26.6,93,0.22,2,3,30,7,3.0,3.0,3.0,3.0,3.0,3.0,3.0
Peshawar,2026-07-30 03:00:00+00:00,3,39.7,59.19,503.47,3.61,86.5,1.54,11.5,0.18,27.8,87,0.98,3,3,30,7,3.0,3.0,3.0,3.0,3.0,3.0,3.0
Peshawar,2026-07-30 04:00:00+00:00,3,39.88,60.65,480.81,2.74,97.05,1.56,10.47,0.22,29.4,78,0.65,4,3,30,7,3.0,3.0,3.0,3.0,3.0,3.0,3.0
Peshawar,2026-07-30 05:00:00+00:00,3,41.56,62.57,473.04,2.08,105.54,1.58,11.01,0.2,31.0,72,0.63,5,3,30,7,3.0,3.0,3.0,3.0,3.0,3.0,3.0
Peshawar,2026-07-30 06:00:00+00:00,3,44.49,65.61,467.72,1.56,114.28,1.63,11.09,0.16,32.2,68,1.26,6,3,30,7,3.0,3.0,3.0,3.0,3.0,3.0,3.0
Peshawar,2026-07-30 07:00:00+00:00,3,46.32,70.98,430.23,1.11,120.27,1.87,9.78,0.12,32.8,66,1.56,7,3,30,7,3.0,3.0,3.0,3.0,3.0,3.0,3.0
Peshawar,2026-07-30 08:00:00+00:00,3,47.66,76.18,395.93,1.01,119.74,1.85,9.95,0.11,33.4,65,1.92,8,3,30,7,3.0,3.0,3.0,3.0,3.0,3.0,3.0
Peshawar,2026-07-30 09:00:00+00:00,3,49.48,79.19,380.61,1.05,119.9,1.82,10.59,0.11,34.0,63,1.86,9,3,30,7,3.0,3.0,3.0,3.0,3.0,3.0,3.0
Peshawar,2026-07-30 10:00:00+00:00,4,50.56,80.63,371.09,1.14,121.03,1.84,11.21,0.11,34.5,60,1.9,10,3,30,7,3.0,3.0,3.0,3.0,3.0,3.0,3.0
Peshawar,2026-07-30 11:00:00+00:00,4,50.94,80.15,364.61,1.3,121.33,1.89,11.47,0.12,34.4,60,2.04,11,3,30,7,4.0,3.0,3.0,3.0,3.333333333333333,3.1666666666666665,3.0416666666666665
Peshawar,2026-07-30 12:00:00+00:00,4,50.28,78.17,360.18,1.59,120.67,1.91,11.49,0.11,35.1,59,2.19,12,3,30,7,4.0,3.0,3.0,3.0,3.6666666666666665,3.333333333333333,3.083333333333333
Peshawar,2026-07-30 13:00:00+00:00,3,49.87,77.47,366.64,2.44,117.0,1.89,13.42,0.09,33.7,69,1.76,13,3,30,7,4.0,4.0,3.0,3.0,4.0,3.5,3.125
Peshawar,2026-07-30 14:00:00+00:00,4,50.07,77.98,381.78,3.56,110.62,1.83,16.91,0.02,32.1,74,1.81,14,3,30,7,3.0,4.0,3.0,3.0,3.6666666666666665,3.5,3.125
Peshawar,2026-07-30 15:00:00+00:00,4,50.08,78.49,395.26,4.04,104.97,1.76,19.78,0.0,31.3,73,2.35,15,3,30,7,4.0,4.0,3.0,3.0,3.6666666666666665,3.6666666666666665,3.1666666666666665
Peshawar,2026-07-30 16:00:00+00:00,3,49.3,77.29,403.37,4.21,99.63,1.64,21.71,0.0,30.5,76,1.66,16,3,30,7,4.0,3.0,4.0,3.0,3.6666666666666665,3.8333333333333335,3.208333333333333
Peshawar,2026-07-30 17:00:00+00:00,3,48.93,76.29,413.44,4.35,95.6,1.52,22.31,0.0,29.0,79,3.97,17,3,30,7,3.0,4.0,4.0,3.0,3.6666666666666665,3.6666666666666665,3.208333333333333
Peshawar,2026-07-30 18:00:00+00:00,3,48.94,75.94,421.16,4.42,92.42,1.44,21.6,0.0,29.5,82,2.4,18,3,30,7,3.0,4.0,4.0,3.0,3.333333333333333,3.5,3.208333333333333
Peshawar,2026-07-30 19:00:00+00:00,3,48.57,74.57,420.63,4.26,90.21,1.48,18.85,0.0,26.3,93,4.33,19,3,30,7,3.0,3.0,3.0,3.0,3.0,3.333333333333333,3.208333333333333
Peshawar,2026-07-30 20:00:00+00:00,3,48.5,72.75,426.25,3.99,89.24,1.49,15.58,0.0,24.8,99,2.6,20,3,30,7,3.0,3.0,4.0,3.0,3.0,3.333333333333333,3.208333333333333
Peshawar,2026-07-30 21:00:00+00:00,3,48.2,70.67,432.35,3.56,90.14,1.48,13.28,0.0,25.1,98,1.35,21,3,30,7,3.0,3.0,4.0,3.0,3.0,3.1666666666666665,3.208333333333333
Peshawar,2026-07-30 22:00:00+00:00,3,46.68,67.03,427.86,3.07,90.62,1.41,11.82,0.0,25.4,95,2.45,22,3,30,7,3.0,3.0,3.0,3.0,3.0,3.0,3.208333333333333
Peshawar,2026-07-30 23:00:00+00:00,3,45.85,64.47,430.71,2.83,90.73,1.33,10.22,0.0,24.5,97,3.18,23,3,30,7,3.0,3.0,3.0,3.0,3.0,3.0,3.208333333333333
Peshawar,2026-07-31 00:00:00+00:00,3,45.21,61.76,438.78,2.64,90.65,1.31,8.96,0.0,24.2,99,3.82,0,4,31,7,3.0,3.0,3.0,3.0,3.0,3.0,3.208333333333333
Peshawar,2026-07-31 01:00:00+00:00,3,44.13,58.31,448.82,2.41,91.37,1.33,7.98,0.0,24.4,98,1.46,1,4,31,7,3.0,3.0,3.0,3.0,3.0,3.0,3.208333333333333
Peshawar,2026-07-31 02:00:00+00:00,3,42.72,55.88,466.27,2.63,90.1,1.29,7.77,0.01,24.7,97,1.86,2,4,31,7,3.0,3.0,3.0,3.0,3.0,3.0,3.208333333333333
Peshawar,2026-07-31 03:00:00+00:00,3,41.46,54.46,488.41,3.09,88.57,1.28,8.17,0.1,25.1,95,2.19,3,4,31,7,3.0,3.0,3.0,3.0,3.0,3.0,3.208333333333333
Peshawar,2026-07-31 04:00:00+00:00,3,40.34,53.32,506.02,3.04,91.14,1.27,8.32,0.2,25.4,94,0.86,4,4,31,7,3.0,3.0,3.0,3.0,3.0,3.0,3.208333333333333
Peshawar,2026-07-31 05:00:00+00:00,3,38.72,51.2,520.91,2.68,95.82,1.28,8.49,0.19,25.7,91,0.88,5,4,31,7,3.0,3.0,3.0,3.0,3.0,3.0,3.208333333333333
Peshawar,2026-07-31 06:00:00+00:00,3,36.69,48.12,536.54,2.33,101.04,1.3,8.72,0.14,26.4,87,1.52,6,4,31,7,3.0,3.0,3.0,3.0,3.0,3.0,3.208333333333333
Peshawar,2026-07-31 07:00:00+00:00,3,31.5,40.9,529.53,1.63,110.79,1.23,7.08,0.1,28.8,75,0.45,7,4,31,7,3.0,3.0,3.0,3.0,3.0,3.0,3.208333333333333
Peshawar,2026-07-31 08:00:00+00:00,3,28.59,36.75,525.3,1.33,115.85,1.11,6.29,0.1,29.8,72,0.25,8,4,31,7,3.0,3.0,3.0,3.0,3.0,3.0,3.208333333333333
Peshawar,2026-07-31 09:00:00+00:00,3,27.96,35.4,537.21,1.24,120.49,1.05,5.96,0.1,30.2,70,0.51,9,4,31,7,3.0,3.0,3.0,3.0,3.0,3.0,3.208333333333333
Peshawar,2026-07-31 10:00:00+00:00,3,28.27,35.19,554.87,1.35,125.66,1.04,5.96,0.11,30.7,70,1.26,10,4,31,7,3.0,3.0,3.0,4.0,3.0,3.0,3.208333333333333
Peshawar,2026-07-31 11:00:00+00:00,3,28.15,34.63,567.9,1.67,127.84,1.03,6.35,0.11,30.7,70,1.49,11,4,31,7,3.0,3.0,3.0,4.0,3.0,3.0,3.1666666666666665
Peshawar,2026-07-31 12:00:00+00:00,3,26.88,32.95,578.52,2.17,128.16,1.02,6.75,0.1,30.2,69,1.86,12,4,31,7,3.0,3.0,3.0,4.0,3.0,3.0,3.125
Peshawar,2026-07-31 13:00:00+00:00,3,25.17,31.03,588.91,2.71,127.92,0.99,7.34,0.07,29.9,72,1.39,13,4,31,7,3.0,3.0,3.0,3.0,3.0,3.0,3.083333333333333
Peshawar,2026-07-31 14:00:00+00:00,3,23.88,30.13,599.57,2.99,127.36,0.97,8.12,0.02,28.7,84,0.57,14,4,31,7,3.0,3.0,3.0,4.0,3.0,3.0,3.083333333333333
Peshawar,2026-07-31 15:00:00+00:00,3,22.95,29.94,607.21,2.83,127.06,0.95,8.57,0.0,27.6,88,1.25,15,4,31,7,3.0,3.0,3.0,4.0,3.0,3.0,3.0416666666666665
Peshawar,2026-07-31 16:00:00+00:00,3,21.96,29.6,607.81,2.6,124.83,0.93,8.78,0.0,27.2,88,1.26,16,4,31,7,3.0,3.0,3.0,3.0,3.0,3.0,3.0
Peshawar,2026-07-31 17:00:00+00:00,3,21.69,30.24,616.94,2.65,121.36,0.94,9.6,0.0,26.9,86,1.3,17,4,31,7,3.0,3.0,3.0,3.0,3.0,3.0,3.0
Peshawar,2026-07-31 18:00:00+00:00,3,21.63,31.17,625.21,2.73,117.54,0.99,10.26,0.0,27.1,84,0.87,18,4,31,7,3.0,3.0,3.0,3.0,3.0,3.0,3.0
Peshawar,2026-07-31 19:00:00+00:00,3,21.83,32.51,632.11,3.01,111.24,1.0,11.48,0.0,26.8,86,0.43,19,4,31,7,3.0,3.0,3.0,3.0,3.0,3.0,3.0
Peshawar,2026-07-31 20:00:00+00:00,3,22.49,34.45,643.81,3.32,102.75,0.95,13.03,0.0,26.7,86,0.1,20,4,31,7,3.0,3.0,3.0,3.0,3.0,3.0,3.0
Peshawar,2026-07-31 21:00:00+00:00,2,23.16,36.13,655.32,3.52,95.02,0.94,14.54,0.0,26.4,89,0.18,21,4,31,7,3.0,3.0,3.0,3.0,3.0,3.0,3.0
Peshawar,2026-07-31 22:00:00+00:00,2,23.53,37.08,662.15,3.67,88.16,0.91,15.17,0.0,26.3,90,0.21,22,4,31,7,2.0,3.0,3.0,3.0,2.6666666666666665,2.833333333333333,2.958333333333333
Peshawar,2026-07-31 23:00:00+00:00,2,23.88,37.9,669.14,3.74,82.82,0.84,13.28,0.0,26.1,90,0.15,23,4,31,7,2.0,3.0,3.0,3.0,2.333333333333333,2.6666666666666665,2.9166666666666665
Peshawar,2026-08-01 00:00:00+00:00,2,24.58,39.06,672.6,3.69,79.13,0.83,11.39,0.0,26.2,92,0.11,0,5,1,8,2.0,2.0,3.0,3.0,2.0,2.5,2.875
Peshawar,2026-08-01 01:00:00+00:00,2,24.55,39.38,673.85,4.05,75.86,0.88,8.01,0.0,26.2,91,0.54,1,5,1,8,2.0,2.0,3.0,3.0,2.0,2.333333333333333,2.833333333333333
Peshawar,2026-08-01 02:00:00+00:00,2,23.61,38.88,679.98,4.75,71.57,0.93,6.51,0.09,27.3,88,0.32,2,5,1,8,2.0,2.0,3.0,3.0,2.0,2.1666666666666665,2.7916666666666665
Peshawar,2026-08-01 03:00:00+00:00,2,23.61,39.32,678.56,4.79,73.6,1.02,6.09,0.39,28.7,80,0.62,3,5,1,8,2.0,2.0,2.0,3.0,2.0,2.0,2.75
Peshawar,2026-08-01 04:00:00+00:00,2,19.15,32.12,558.84,2.58,94.61,1.19,4.34,0.28,29.9,74,0.57,4,5,1,8,2.0,2.0,2.0,3.0,2.0,2.0,2.708333333333333
Peshawar,2026-08-01 05:00:00+00:00,3,17.22,27.32,485.72,1.72,103.38,1.17,3.08,0.2,30.8,68,0.92,5,5,1,8,2.0,2.0,2.0,3.0,2.0,2.0,2.6666666666666665
Peshawar,2026-08-01 06:00:00+00:00,3,17.25,25.84,440.73,1.31,108.03,1.16,2.4,0.16,31.2,65,1.55,6,5,1,8,3.0,2.0,2.0,3.0,2.333333333333333,2.1666666666666665,2.6666666666666665
Peshawar,2026-08-01 07:00:00+00:00,3,17.0,24.11,404.39,1.05,110.82,1.06,1.87,0.13,32.0,62,1.9,7,5,1,8,3.0,2.0,2.0,3.0,2.6666666666666665,2.333333333333333,2.6666666666666665
Peshawar,2026-08-01 08:00:00+00:00,3,17.26,23.57,377.26,0.93,111.49,0.94,1.56,0.12,32.5,61,2.09,8,5,1,8,3.0,3.0,2.0,3.0,3.0,2.5,2.6666666666666665
Peshawar,2026-08-01 09:00:00+00:00,3,17.83,23.91,358.45,0.9,112.36,0.87,1.4,0.12,32.8,61,2.24,9,5,1,8,3.0,3.0,2.0,3.0,3.0,2.6666666666666665,2.6666666666666665
Peshawar,2026-08-01 10:00:00+00:00,3,18.57,24.74,352.31,1.09,113.35,0.84,1.55,0.14,33.0,62,1.77,10,5,1,8,3.0,3.0,2.0,3.0,3.0,2.833333333333333,2.6666666666666665
Peshawar,2026-08-01 11:00:00+00:00,3,19.61,26.21,352.27,1.48,113.59,0.86,1.93,0.17,33.2,62,1.41,11,5,1,8,3.0,3.0,3.0,3.0,3.0,3.0,2.6666666666666665
Peshawar,2026-08-01 12:00:00+00:00,3,20.47,27.61,354.5,2.02,113.86,0.91,2.35,0.18,33.5,59,2.26,12,5,1,8,3.0,3.0,3.0,3.0,3.0,3.0,2.6666666666666665
Peshawar,2026-08-01 13:00:00+00:00,3,21.99,30.19,376.66,3.95,109.16,1.0,3.6,0.2,32.1,70,1.29,13,5,1,8,3.0,3.0,3.0,3.0,3.0,3.0,2.6666666666666665
Peshawar,2026-08-01 14:00:00+00:00,2,24.0,33.73,414.12,6.88,99.58,1.11,5.27,0.07,30.6,80,0.65,14,5,1,8,3.0,3.0,3.0,3.0,3.0,3.0,2.6666666666666665
Peshawar,2026-08-01 15:00:00+00:00,3,25.8,37.15,450.75,8.82,90.64,1.21,6.73,0.0,29.5,83,1.14,15,5,1,8,2.0,3.0,3.0,3.0,2.6666666666666665,2.833333333333333,2.625
Peshawar,2026-08-01 16:00:00+00:00,3,27.48,40.31,481.65,10.28,82.4,1.28,8.02,0.0,29.1,82,0.99,16,5,1,8,3.0,3.0,3.0,3.0,2.6666666666666665,2.833333333333333,2.625
Peshawar,2026-08-01 17:00:00+00:00,3,29.27,43.58,511.68,11.43,74.83,1.3,8.92,0.0,28.7,81,1.38,17,5,1,8,3.0,2.0,3.0,3.0,2.6666666666666665,2.833333333333333,2.625
Peshawar,2026-08-01 18:00:00+00:00,3,30.79,46.49,536.77,12.21,67.67,1.23,8.91,0.0,29.0,80,0.96,18,5,1,8,3.0,3.0,3.0,3.0,3.0,2.833333333333333,2.625
Peshawar,2026-08-01 19:00:00+00:00,3,31.71,48.41,549.88,12.62,60.41,1.02,7.46,0.0,28.6,82,0.68,19,5,1,8,3.0,3.0,3.0,3.0,3.0,2.833333333333333,2.625
Peshawar,2026-08-01 20:00:00+00:00,3,32.71,50.32,561.15,12.88,54.68,0.87,6.26,0.0,28.0,83,1.27,20,5,1,8,3.0,3.0,2.0,3.0,3.0,2.833333333333333,2.625
Peshawar,2026-08-01 21:00:00+00:00,3,33.82,52.35,568.28,12.94,50.68,0.77,5.44,0.0,27.4,87,1.35,21,5,1,8,3.0,3.0,3.0,2.0,3.0,3.0,2.625
Peshawar,2026-08-01 22:00:00+00:00,3,34.78,53.94,575.31,13.03,46.88,0.71,4.77,0.0,26.3,91,2.44,22,5,1,8,3.0,3.0,3.0,2.0,3.0,3.0,2.6666666666666665
Peshawar,2026-08-01 23:00:00+00:00,3,36.02,55.68,591.72,13.65,41.78,0.66,4.41,0.0,25.4,93,3.77,23,5,1,8,3.0,3.0,3.0,2.0,3.0,3.0,2.708333333333333
Peshawar,2026-08-02 00:00:00+00:00,3,37.16,57.66,607.06,14.21,37.31,0.63,4.34,0.0,26.5,92,0.83,0,6,2,8,3.0,3.0,3.0,2.0,3.0,3.0,2.75
Peshawar,2026-08-02 01:00:00+00:00,3,37.65,58.89,615.99,14.44,33.25,0.63,4.46,0.0,26.4,93,1.21,1,6,2,8,3.0,3.0,3.0,2.0,3.0,3.0,2.7916666666666665
Peshawar,2026-08-02 02:00:00+00:00,3,38.12,60.4,630.78,14.13,30.89,0.68,4.79,0.54,26.6,93,2.05,2,6,2,8,3.0,3.0,3.0,2.0,3.0,3.0,2.833333333333333
Peshawar,2026-08-02 03:00:00+00:00,3,39.39,63.33,643.76,11.87,35.31,0.76,5.08,2.35,27.1,89,2.06,3,6,2,8,3.0,3.0,3.0,2.0,3.0,3.0,2.875
Peshawar,2026-08-02 04:00:00+00:00,3,32.34,55.74,383.18,2.65,104.38,1.81,1.85,0.28,27.9,85,0.43,4,6,2,8,3.0,3.0,3.0,2.0,3.0,3.0,2.9166666666666665
Peshawar,2026-08-02 05:00:00+00:00,3,29.49,46.61,336.23,1.28,114.22,1.54,1.38,0.13,29.5,77,0.49,5,6,2,8,3.0,3.0,3.0,3.0,3.0,3.0,2.958333333333333
Peshawar,2026-08-02 06:00:00+00:00,3,28.85,43.4,322.96,1.03,116.07,1.4,1.29,0.09,30.2,75,0.71,6,6,2,8,3.0,3.0,3.0,3.0,3.0,3.0,2.958333333333333
Peshawar,2026-08-02 07:00:00+00:00,3,29.61,42.94,324.21,1.24,115.44,1.36,1.54,0.1,31.4,71,0.83,7,6,2,8,3.0,3.0,3.0,3.0,3.0,3.0,2.958333333333333
Peshawar,2026-08-02 08:00:00+00:00,3,31.5,44.18,330.34,1.64,114.28,1.36,2.05,0.15,32.2,69,1.2,8,6,2,8,3.0,3.0,3.0,3.0,3.0,3.0,2.958333333333333
Peshawar,2026-08-02 09:00:00+00:00,3,33.31,45.25,335.47,1.98,115.6,1.39,2.58,0.17,32.7,66,1.17,9,6,2,8,3.0,3.0,3.0,3.0,3.0,3.0,2.958333333333333
Peshawar,2026-08-02 10:00:00+00:00,3,34.37,45.72,341.62,2.22,119.2,1.41,3.03,0.19,33.2,64,1.17,10,6,2,8,3.0,3.0,3.0,3.0,3.0,3.0,2.958333333333333
Peshawar,2026-08-02 11:00:00+00:00,3,34.94,46.08,343.07,2.25,122.08,1.45,3.09,0.19,33.0,65,1.66,11,6,2,8,3.0,3.0,3.0,3.0,3.0,3.0,2.958333333333333
Peshawar,2026-08-02 12:00:00+00:00,3,35.08,46.07,338.45,2.28,123.0,1.51,2.8,0.16,32.8,70,1.98,12,6,2,8,3.0,3.0,3.0,3.0,3.0,3.0,2.958333333333333
Peshawar,2026-08-02 13:00:00+00:00,3,36.38,47.88,348.26,3.25,118.43,1.57,3.03,0.13,32.1,75,1.48,13,6,2,8,3.0,3.0,3.0,3.0,3.0,3.0,2.958333333333333
Peshawar,2026-08-02 14:00:00+00:00,3,39.41,52.03,376.03,5.19,109.71,1.6,3.99,0.03,31.1,83,0.4,14,6,2,8,3.0,3.0,3.0,2.0,3.0,3.0,2.958333333333333
Peshawar,2026-08-02 15:00:00+00:00,3,42.41,56.16,402.07,6.4,102.32,1.63,4.82,0.0,30.1,87,0.21,15,6,2,8,3.0,3.0,3.0,3.0,3.0,3.0,3.0
Peshawar,2026-08-02 16:00:00+00:00,3,45.04,59.6,423.47,7.19,96.02,1.61,5.39,0.0,29.5,90,0.32,16,6,2,8,3.0,3.0,3.0,3.0,3.0,3.0,3.0
Peshawar,2026-08-02 17:00:00+00:00,3,47.38,62.76,443.67,7.75,90.54,1.51,5.61,0.0,29.0,91,0.43,17,6,2,8,3.0,3.0,3.0,3.0,3.0,3.0,3.0
Peshawar,2026-08-02 18:00:00+00:00,3,49.02,65.28,460.34,8.18,85.6,1.39,5.57,0.0,29.6,87,0.4,18,6,2,8,3.0,3.0,3.0,3.0,3.0,3.0,3.0
Peshawar,2026-08-02 19:00:00+00:00,3,49.73,66.59,470.46,8.55,79.66,1.22,5.19,0.0,28.9,90,0.45,19,6,2,8,3.0,3.0,3.0,3.0,3.0,3.0,3.0
Peshawar,2026-08-02 20:00:00+00:00,4,50.37,67.79,484.31,9.0,73.73,1.13,4.77,0.0,26.9,94,2.64,20,6,2,8,3.0,3.0,3.0,3.0,3.0,3.0,3.0
Peshawar,2026-08-02 21:00:00+00:00,4,50.56,68.59,494.03,9.2,69.17,1.11,4.34,0.0,25.8,96,1.95,21,6,2,8,4.0,3.0,3.0,3.0,3.333333333333333,3.1666666666666665,3.0416666666666665
Peshawar,2026-08-02 22:00:00+00:00,3,49.44,68.02,490.42,8.74,67.33,1.17,3.64,0.0,25.7,95,0.76,22,6,2,8,4.0,3.0,3.0,3.0,3.6666666666666665,3.333333333333333,3.083333333333333
Peshawar,2026-08-02 23:00:00+00:00,3,48.31,66.78,489.07,8.26,65.93,1.15,2.84,0.0,25.7,93,1.02,23,6,2,8,3.0,4.0,3.0,3.0,3.6666666666666665,3.333333333333333,3.083333333333333
Peshawar,2026-08-03 00:00:00+00:00,3,47.0,64.52,485.05,7.48,66.97,1.09,2.29,0.0,27.9,87,0.84,0,0,3,8,3.0,4.0,3.0,3.0,3.333333333333333,3.333333333333333,3.083333333333333
Peshawar,2026-08-03 01:00:00+00:00,3,44.66,60.22,475.61,6.56,69.15,1.08,2.09,0.0,27.4,90,1.25,1,0,3,8,3.0,3.0,3.0,3.0,3.0,3.333333333333333,3.083333333333333
Peshawar,2026-08-03 02:00:00+00:00,3,43.39,57.69,489.33,7.05,66.08,1.11,2.33,0.03,28.3,88,0.92,2,0,3,8,3.0,3.0,4.0,3.0,3.0,3.333333333333333,3.083333333333333
Peshawar,2026-08-03 03:00:00+00:00,3,42.95,56.87,510.82,8.04,62.77,1.25,2.81,0.16,29.2,83,1.36,3,0,3,8,3.0,3.0,4.0,3.0,3.0,3.1666666666666665,3.083333333333333
Peshawar,2026-08-03 04:00:00+00:00,3,41.35,55.51,491.9,7.3,70.57,1.38,2.78,0.29,30.5,75,1.94,4,0,3,8,3.0,3.0,3.0,3.0,3.0,3.0,3.083333333333333
Peshawar,2026-08-03 05:00:00+00:00,3,40.28,54.76,476.28,6.12,76.16,1.41,2.38,0.46,31.0,71,3.2,5,0,3,8,3.0,3.0,3.0,3.0,3.0,3.0,3.083333333333333
Peshawar,2026-08-03 06:00:00+00:00,3,40.46,55.28,454.01,4.6,86.17,1.46,2.09,0.43,32.2,64,1.34,6,0,3,8,3.0,3.0,3.0,3.0,3.0,3.0,3.083333333333333
Peshawar,2026-08-03 07:00:00+00:00,3,38.76,53.91,396.1,2.39,103.37,1.73,1.46,0.21,32.7,64,1.91,7,0,3,8,3.0,3.0,3.0,3.0,3.0,3.0,3.083333333333333
Peshawar,2026-08-03 08:00:00+00:00,3,37.69,52.5,379.57,2.09,106.61,1.57,1.59,0.14,32.9,65,2.09,8,0,3,8,3.0,3.0,3.0,3.0,3.0,3.0,3.083333333333333
Peshawar,2026-08-03 09:00:00+00:00,3,37.01,51.39,373.18,2.16,107.87,1.49,1.82,0.13,32.7,68,2.11,9,0,3,8,3.0,3.0,3.0,3.0,3.0,3.0,3.083333333333333
Peshawar,2026-08-03 10:00:00+00:00,3,33.61,46.45,366.7,2.24,108.29,1.45,1.93,0.13,32.6,69,2.16,10,0,3,8,3.0,3.0,3.0,3.0,3.0,3.0,3.083333333333333
Peshawar,2026-08-03 11:00:00+00:00,3,30.42,42.04,359.33,2.16,107.48,1.4,1.86,0.17,32.3,71,2.39,11,0,3,8,3.0,3.0,3.0,3.0,3.0,3.0,3.083333333333333
Peshawar,2026-08-03 12:00:00+00:00,3,28.92,40.1,353.28,2.11,108.73,1.36,1.69,0.16,30.3,79,2.17,12,0,3,8,3.0,3.0,3.0,3.0,3.0,3.0,3.083333333333333
Peshawar,2026-08-03 13:00:00+00:00,3,29.5,41.28,366.13,3.2,105.96,1.37,2.27,0.15,29.1,85,0.89,13,0,3,8,3.0,3.0,3.0,3.0,3.0,3.0,3.083333333333333
Peshawar,2026-08-03 14:00:00+00:00,3,31.98,45.19,399.18,5.39,99.17,1.46,3.7,0.04,28.2,91,2.04,14,0,3,8,3.0,3.0,3.0,3.0,3.0,3.0,3.083333333333333
Peshawar,2026-08-03 15:00:00+00:00,3,34.02,48.6,431.29,6.84,92.86,1.54,5.07,0.0,27.4,93,3.0,15,0,3,8,3.0,3.0,3.0,3.0,3.0,3.0,3.083333333333333
Peshawar,2026-08-03 16:00:00+00:00,3,35.6,51.03,464.76,8.21,86.02,1.59,6.2,0.0,27.3,94,1.84,16,0,3,8,3.0,3.0,3.0,3.0,3.0,3.0,3.083333333333333
Peshawar,2026-08-03 17:00:00+00:00,3,37.44,53.51,505.46,9.58,79.04,1.66,6.47,0.0,26.1,94,1.7,17,0,3,8,3.0,3.0,3.0,3.0,3.0,3.0,3.083333333333333
Peshawar,2026-08-03 18:00:00+00:00,3,38.92,55.17,537.71,10.38,74.0,1.69,5.93,0.0,26.6,98,1.07,18,0,3,8,3.0,3.0,3.0,3.0,3.0,3.0,3.083333333333333
Peshawar,2026-08-03 19:00:00+00:00,3,38.53,54.09,535.75,9.86,71.56,1.55,4.49,0.0,25.5,97,1.88,19,0,3,8,3.0,3.0,3.0,3.0,3.0,3.0,3.083333333333333
Peshawar,2026-08-03 20:00:00+00:00,3,38.18,53.34,535.27,9.24,70.14,1.41,4.0,0.0,24.3,98,1.96,20,0,3,8,3.0,3.0,3.0,4.0,3.0,3.0,3.083333333333333
Peshawar,2026-08-03 21:00:00+00:00,3,37.73,52.57,529.23,8.31,70.79,1.33,3.88,0.0,24.2,98,0.43,21,0,3,8,3.0,3.0,3.0,4.0,3.0,3.0,3.0416666666666665
Peshawar,2026-08-03 22:00:00+00:00,3,36.91,51.45,516.89,7.3,73.22,1.3,3.89,0.0,24.2,96,1.87,22,0,3,8,3.0,3.0,3.0,3.0,3.0,3.0,3.0
Peshawar,2026-08-03 23:00:00+00:00,3,36.34,50.43,517.81,6.93,72.27,1.25,3.7,0.0,24.3,97,0.49,23,0,3,8,3.0,3.0,3.0,3.0,3.0,3.0,3.0
Peshawar,2026-08-04 00:00:00+00:00,3,35.28,48.46,519.18,6.53,71.39,1.16,3.15,0.0,25.5,94,1.35,0,1,4,8,3.0,3.0,3.0,3.0,3.0,3.0,3.0
Peshawar,2026-08-04 01:00:00+00:00,3,32.88,44.36,500.23,5.52,76.08,1.0,2.29,0.0,25.4,96,0.34,1,1,4,8,3.0,3.0,3.0,3.0,3.0,3.0,3.0
Peshawar,2026-08-04 02:00:00+00:00,3,31.13,42.08,497.09,5.22,77.12,0.96,2.06,0.06,25.6,96,1.03,2,1,4,8,3.0,3.0,3.0,3.0,3.0,3.0,3.0
Peshawar,2026-08-04 03:00:00+00:00,3,30.94,42.26,501.09,4.98,78.18,1.04,1.93,0.27,26.4,93,1.07,3,1,4,8,3.0,3.0,3.0,3.0,3.0,3.0,3.0
Peshawar,2026-08-04 04:00:00+00:00,3,30.75,42.65,481.68,3.81,88.02,1.2,1.6,0.33,28.0,83,0.55,4,1,4,8,3.0,3.0,3.0,3.0,3.0,3.0,3.0
Peshawar,2026-08-04 05:00:00+00:00,3,30.85,43.09,464.13,2.87,97.94,1.31,1.51,0.28,29.4,76,1.0,5,1,4,8,3.0,3.0,3.0,3.0,3.0,3.0,3.0
Peshawar,2026-08-04 06:00:00+00:00,3,31.88,44.25,451.12,2.17,107.22,1.41,1.47,0.21,30.3,73,0.7,6,1,4,8,3.0,3.0,3.0,3.0,3.0,3.0,3.0
Peshawar,2026-08-04 07:00:00+00:00,3,27.64,37.96,416.85,1.4,115.9,1.26,1.07,0.14,31.4,70,0.96,7,1,4,8,3.0,3.0,3.0,3.0,3.0,3.0,3.0
Peshawar,2026-08-04 08:00:00+00:00,3,25.28,34.6,393.46,1.08,118.57,1.14,0.9,0.12,32.4,66,1.29,8,1,4,8,3.0,3.0,3.0,3.0,3.0,3.0,3.0
Peshawar,2026-08-04 09:00:00+00:00,3,26.16,35.54,385.38,0.99,120.57,1.17,0.88,0.12,33.0,64,1.52,9,1,4,8,3.0,3.0,3.0,3.0,3.0,3.0,3.0
Peshawar,2026-08-04 10:00:00+00:00,3,28.32,38.3,388.52,1.11,123.57,1.26,1.01,0.14,33.3,63,1.99,10,1,4,8,3.0,3.0,3.0,3.0,3.0,3.0,3.0
Peshawar,2026-08-04 11:00:00+00:00,3,31.09,42.13,395.32,1.43,125.24,1.38,1.3,0.16,32.9,65,2.35,11,1,4,8,3.0,3.0,3.0,3.0,3.0,3.0,3.0
Peshawar,2026-08-04 12:00:00+00:00,3,33.93,46.29,407.84,1.94,126.08,1.5,1.59,0.17,33.4,61,1.27,12,1,4,8,3.0,3.0,3.0,3.0,3.0,3.0,3.0
Peshawar,2026-08-04 13:00:00+00:00,3,37.44,51.78,433.93,3.24,123.07,1.64,2.16,0.14,32.1,71,1.7,13,1,4,8,3.0,3.0,3.0,3.0,3.0,3.0,3.0
Peshawar,2026-08-04 14:00:00+00:00,3,41.42,58.15,468.3,5.0,115.42,1.74,2.91,0.03,30.7,77,1.87,14,1,4,8,3.0,3.0,3.0,3.0,3.0,3.0,3.0
Peshawar,2026-08-04 15:00:00+00:00,3,45.38,64.51,500.33,5.89,109.48,1.78,3.52,0.0,29.8,77,2.32,15,1,4,8,3.0,3.0,3.0,3.0,3.0,3.0,3.0
Peshawar,2026-08-04 16:00:00+00:00,3,48.47,69.33,525.58,6.48,103.72,1.71,3.94,0.0,29.3,78,1.49,16,1,4,8,3.0,3.0,3.0,3.0,3.0,3.0,3.0
Peshawar,2026-08-04 17:00:00+00:00,4,51.02,73.2,551.64,7.1,98.09,1.63,4.27,0.0,28.8,81,1.03,17,1,4,8,3.0,3.0,3.0,3.0,3.0,3.0,3.0
Peshawar,2026-08-04 18:00:00+00:00,4,52.94,76.27,573.84,7.72,92.83,1.58,4.3,0.0,29.3,82,0.9,18,1,4,8,4.0,3.0,3.0,3.0,3.333333333333333,3.1666666666666665,3.0416666666666665
Peshawar,2026-08-04 19:00:00+00:00,4,54.0,77.58,587.25,8.21,86.9,1.5,3.92,0.0,28.8,82,1.2,19,1,4,8,4.0,3.0,3.0,3.0,3.6666666666666665,3.333333333333333,3.083333333333333
Peshawar,2026-08-04 20:00:00+00:00,4,54.72,77.88,601.73,8.61,80.82,1.42,3.46,0.0,27.8,86,1.56,20,1,4,8,4.0,4.0,3.0,3.0,4.0,3.5,3.125
Peshawar,2026-08-04 21:00:00+00:00,4,54.52,76.97,610.53,8.8,75.76,1.37,3.19,0.0,27.1,89,0.57,21,1,4,8,4.0,4.0,3.0,3.0,4.0,3.6666666666666665,3.1666666666666665
Peshawar,2026-08-04 22:00:00+00:00,4,53.41,75.06,612.24,8.85,71.54,1.51,3.09,0.0,26.6,93,0.25,22,1,4,8,4.0,4.0,3.0,3.0,4.0,3.8333333333333335,3.208333333333333
Peshawar,2026-08-04 23:00:00+00:00,4,53.13,74.94,620.31,8.95,68.19,1.5,2.86,0.0,26.5,93,0.6,23,1,4,8,4.0,4.0,4.0,3.0,4.0,4.0,3.25
Peshawar,2026-08-05 00:00:00+00:00,4,53.49,75.7,627.53,8.96,65.95,1.35,2.65,0.0,27.5,83,1.46,0,2,5,8,4.0,4.0,4.0,3.0,4.0,4.0,3.2916666666666665
Peshawar,2026-08-05 01:00:00+00:00,4,52.48,75.43,618.89,8.39,65.43,1.19,2.43,0.0,26.8,89,2.78,1,2,5,8,4.0,4.0,4.0,3.0,4.0,4.0,3.333333333333333
Peshawar,2026-08-05 02:00:00+00:00,4,51.37,75.49,613.09,8.08,65.47,1.17,2.45,0.1,27.1,92,1.68,2,2,5,8,4.0,4.0,4.0,3.0,4.0,4.0,3.375
Peshawar,2026-08-05 03:00:00+00:00,4,50.55,76.09,608.19,7.36,69.44,1.26,2.71,0.53,28.7,84,1.26,3,2,5,8,4.0,4.0,4.0,3.0,4.0,4.0,3.4166666666666665
Peshawar,2026-08-05 04:00:00+00:00,3,45.61,73.58,516.58,3.22,105.03,2.04,1.4,0.31,30.1,79,1.0,4,2,5,8,4.0,4.0,4.0,3.0,4.0,4.0,3.458333333333333
Peshawar,2026-08-05 05:00:00+00:00,3,43.65,72.07,474.49,1.9,117.79,2.32,0.93,0.21,31.5,72,0.38,5,2,5,8,3.0,4.0,4.0,3.0,3.6666666666666665,3.8333333333333335,3.458333333333333
Peshawar,2026-08-05 06:00:00+00:00,3,45.28,74.9,452.4,1.36,124.06,2.38,0.78,0.16,32.9,63,0.82,6,2,5,8,3.0,4.0,4.0,3.0,3.333333333333333,3.6666666666666665,3.458333333333333
Peshawar,2026-08-05 07:00:00+00:00,3,45.6,76.73,421.98,1.08,126.31,2.35,0.66,0.13,33.7,61,0.76,7,2,5,8,3.0,3.0,4.0,3.0,3.0,3.5,3.458333333333333
Peshawar,2026-08-05 08:00:00+00:00,3,44.48,75.51,393.8,1.05,124.91,2.15,0.69,0.13,34.2,61,1.53,8,2,5,8,3.0,3.0,4.0,3.0,3.0,3.333333333333333,3.458333333333333
Peshawar,2026-08-05 09:00:00+00:00,3,44.19,75.37,376.99,1.12,123.43,2.06,0.78,0.13,34.6,61,1.75,9,2,5,8,3.0,3.0,4.0,3.0,3.0,3.1666666666666665,3.458333333333333
Peshawar,2026-08-05 10:00:00+00:00,3,44.29,76.37,367.25,1.26,123.56,2.06,0.88,0.14,34.6,60,1.86,10,2,5,8,3.0,3.0,3.0,3.0,3.0,3.0,3.458333333333333
Peshawar,2026-08-05 11:00:00+00:00,3,44.25,77.63,356.24,1.45,122.74,2.11,0.96,0.15,34.2,58,2.69,11,2,5,8,3.0,3.0,3.0,3.0,3.0,3.0,3.458333333333333
Peshawar,2026-08-05 12:00:00+00:00,3,43.81,78.88,347.18,1.77,120.81,2.16,1.02,0.14,34.4,59,2.23,12,2,5,8,3.0,3.0,3.0,3.0,3.0,3.0,3.458333333333333
Peshawar,2026-08-05 13:00:00+00:00,3,44.58,82.1,348.49,2.62,117.01,2.25,1.3,0.1,33.0,68,1.5,13,2,5,8,3.0,3.0,3.0,3.0,3.0,3.0,3.458333333333333
Peshawar,2026-08-05 14:00:00+00:00,3,46.41,86.8,357.83,3.74,111.21,2.33,1.77,0.02,31.2,73,1.46,14,2,5,8,3.0,3.0,3.0,3.0,3.0,3.0,3.458333333333333
Peshawar,2026-08-05 15:00:00+00:00,3,47.97,91.03,365.92,4.28,106.78,2.36,2.15,0.0,30.3,77,1.15,15,2,5,8,3.0,3.0,3.0,3.0,3.0,3.0,3.458333333333333
Peshawar,2026-08-05 16:00:00+00:00,3,48.51,91.39,367.51,4.38,103.15,2.31,2.34,0.0,29.7,78,0.91,16,2,5,8,3.0,3.0,3.0,3.0,3.0,3.0,3.458333333333333
Peshawar,2026-08-05 17:00:00+00:00,3,48.91,90.67,369.18,4.24,101.55,2.21,2.39,0.0,29.0,79,1.7,17,2,5,8,3.0,3.0,3.0,4.0,3.0,3.0,3.458333333333333
Peshawar,2026-08-05 18:00:00+00:00,3,49.35,91.7,367.36,3.95,101.21,2.18,2.26,0.0,29.4,86,0.42,18,2,5,8,3.0,3.0,3.0,4.0,3.0,3.0,3.4166666666666665
Peshawar,2026-08-05 19:00:00+00:00,3,49.37,91.22,368.05,4.0,98.71,2.4,2.1,0.0,29.0,86,0.45,19,2,5,8,3.0,3.0,3.0,4.0,3.0,3.0,3.375
Peshawar,2026-08-05 20:00:00+00:00,3,49.18,86.17,385.46,4.61,93.63,2.66,1.96,0.0,28.1,87,2.98,20,2,5,8,3.0,3.0,3.0,4.0,3.0,3.0,3.333333333333333
Peshawar,2026-08-05 21:00:00+00:00,3,48.69,79.93,405.59,5.04,89.33,2.78,1.72,0.0,26.7,85,4.76,21,2,5,8,3.0,3.0,3.0,4.0,3.0,3.0,3.2916666666666665
Peshawar,2026-08-05 22:00:00+00:00,3,47.44,73.35,415.85,5.17,84.26,2.45,1.57,0.0,23.5,93,0.85,22,2,5,8,3.0,3.0,3.0,4.0,3.0,3.0,3.25
Peshawar,2026-08-05 23:00:00+00:00,3,47.11,70.52,427.18,5.2,81.57,2.03,1.5,0.0,23.5,96,2.29,23,2,5,8,3.0,3.0,3.0,4.0,3.0,3.0,3.208333333333333
Peshawar,2026-08-06 00:00:00+00:00,3,46.5,68.67,433.42,4.96,81.24,1.73,1.46,0.0,26.0,93,1.12,0,3,6,8,3.0,3.0,3.0,4.0,3.0,3.0,3.1666666666666665
Peshawar,2026-08-06 01:00:00+00:00,3,44.69,66.4,423.95,3.98,86.33,1.54,1.31,0.0,25.4,97,1.99,1,3,6,8,3.0,3.0,3.0,4.0,3.0,3.0,3.125
Peshawar,2026-08-06 02:00:00+00:00,3,44.19,65.44,435.64,4.08,84.76,1.38,1.44,0.04,26.1,93,2.15,2,3,6,8,3.0,3.0,3.0,4.0,3.0,3.0,3.083333333333333
Peshawar,2026-08-06 03:00:00+00:00,3,44.53,65.91,454.79,4.2,84.26,1.33,1.69,0.29,27.5,79,0.8,3,3,6,8,3.0,3.0,3.0,4.0,3.0,3.0,3.0416666666666665
Peshawar,2026-08-06 04:00:00+00:00,3,46.23,67.77,474.36,3.51,92.49,1.43,1.72,0.44,28.9,74,0.75,4,3,6,8,3.0,3.0,3.0,3.0,3.0,3.0,3.0
Peshawar,2026-08-06 05:00:00+00:00,4,50.33,71.96,489.56,2.66,105.87,1.49,1.82,0.37,30.2,70,1.3,5,3,6,8,3.0,3.0,3.0,3.0,3.0,3.0,3.0
Peshawar,2026-08-06 06:00:00+00:00,4,56.12,77.81,495.88,1.92,120.93,1.53,1.75,0.25,31.1,63,1.22,6,3,6,8,4.0,3.0,3.0,3.0,3.333333333333333,3.1666666666666665,3.0416666666666665
Peshawar,2026-08-06 07:00:00+00:00,3,46.77,70.02,401.89,1.07,126.78,1.54,0.85,0.13,32.1,63,0.82,7,3,6,8,4.0,3.0,3.0,3.0,3.6666666666666665,3.333333333333333,3.083333333333333
Peshawar,2026-08-06 08:00:00+00:00,3,41.72,68.4,335.51,0.8,123.23,1.41,0.44,0.1,32.8,63,1.05,8,3,6,8,3.0,4.0,3.0,3.0,3.6666666666666665,3.333333333333333,3.083333333333333
Peshawar,2026-08-06 09:00:00+00:00,3,41.79,69.53,316.85,0.8,121.38,1.39,0.37,0.09,33.3,62,1.32,9,3,6,8,3.0,4.0,3.0,3.0,3.333333333333333,3.333333333333333,3.083333333333333
Peshawar,2026-08-06 10:00:00+00:00,3,43.53,71.32,320.68,1.15,120.73,1.45,0.73,0.13,33.5,61,1.67,10,3,6,8,3.0,3.0,3.0,3.0,3.0,3.333333333333333,3.083333333333333
Peshawar,2026-08-06 11:00:00+00:00,3,45.8,73.29,333.83,1.75,120.55,1.51,1.43,0.18,33.6,60,2.14,11,3,6,8,3.0,3.0,4.0,3.0,3.0,3.333333333333333,3.083333333333333
Peshawar,2026-08-06 12:00:00+00:00,3,47.7,75.32,348.49,2.54,121.61,1.56,2.15,0.2,33.5,59,2.33,12,3,6,8,3.0,3.0,4.0,3.0,3.0,3.1666666666666665,3.083333333333333
Peshawar,2026-08-06 13:00:00+00:00,3,49.88,78.28,374.78,4.22,119.27,1.65,3.17,0.15,32.2,69,2.17,13,3,6,8,3.0,3.0,3.0,3.0,3.0,3.0,3.083333333333333
Peshawar,2026-08-06 14:00:00+00:00,4,52.32,81.52,407.23,6.08,112.07,1.74,4.13,0.03,30.4,75,2.87,14,3,6,8,3.0,3.0,3.0,3.0,3.0,3.0,3.083333333333333
Peshawar,2026-08-06 15:00:00+00:00,4,54.46,84.25,434.99,6.91,104.98,1.77,4.71,0.0,29.5,76,2.85,15,3,6,8,4.0,3.0,3.0,3.0,3.333333333333333,3.1666666666666665,3.125
Peshawar,2026-08-06 16:00:00+00:00,4,55.9,85.18,456.07,7.28,98.5,1.8,4.74,0.0,28.8,79,1.17,16,3,6,8,4.0,3.0,3.0,3.0,3.6666666666666665,3.333333333333333,3.1666666666666665
Peshawar,2026-08-06 17:00:00+00:00,4,57.2,85.6,476.83,7.52,93.58,1.84,4.13,0.0,28.4,81,0.64,17,3,6,8,4.0,4.0,3.0,3.0,4.0,3.5,3.208333333333333
Peshawar,2026-08-06 18:00:00+00:00,4,57.37,84.34,488.63,7.65,89.3,1.84,3.1,0.0,28.8,80,0.87,18,3,6,8,4.0,4.0,3.0,3.0,4.0,3.6666666666666665,3.25
Peshawar,2026-08-06 19:00:00+00:00,4,54.95,78.9,481.03,7.46,84.46,1.71,2.19,0.0,26.5,86,2.98,19,3,6,8,4.0,4.0,3.0,3.0,4.0,3.8333333333333335,3.2916666666666665
Peshawar,2026-08-06 20:00:00+00:00,4,54.1,76.4,487.03,7.5,80.82,1.5,1.81,0.0,24.7,93,2.47,20,3,6,8,4.0,4.0,4.0,3.0,4.0,4.0,3.333333333333333
Peshawar,2026-08-06 21:00:00+00:00,4,54.04,75.59,497.07,7.53,77.42,1.29,1.66,0.0,24.5,94,0.5,21,3,6,8,4.0,4.0,4.0,3.0,4.0,4.0,3.375
Peshawar,2026-08-06 22:00:00+00:00,4,53.64,75.0,499.51,7.36,73.83,1.07,1.66,0.0,24.0,95,1.87,22,3,6,8,4.0,4.0,4.0,3.0,4.0,4.0,3.4166666666666665
Peshawar,2026-08-06 23:00:00+00:00,4,53.33,74.98,505.04,7.5,69.69,0.92,1.8,0.0,23.5,96,2.87,23,3,6,8,4.0,4.0,4.0,3.0,4.0,4.0,3.458333333333333
Peshawar,2026-08-07 00:00:00+00:00,4,52.95,75.0,512.47,7.81,65.27,0.83,2.02,0.0,24.8,94,0.4,0,4,7,8,4.0,4.0,4.0,3.0,4.0,4.0,3.5
Peshawar,2026-08-07 01:00:00+00:00,4,52.31,74.76,518.54,8.1,61.24,0.79,2.18,0.0,24.8,97,0.71,1,4,7,8,4.0,4.0,4.0,3.0,4.0,4.0,3.5416666666666665
Peshawar,2026-08-07 02:00:00+00:00,4,51.26,74.33,526.12,8.28,58.39,0.83,2.33,0.14,25.6,89,1.65,2,4,7,8,4.0,4.0,4.0,3.0,4.0,4.0,3.583333333333333
Peshawar,2026-08-07 03:00:00+00:00,4,50.07,74.22,526.01,7.38,62.33,0.91,2.58,0.8,26.7,86,1.5,3,4,7,8,4.0,4.0,4.0,3.0,4.0,4.0,3.625
Peshawar,2026-08-07 04:00:00+00:00,3,44.28,69.95,428.08,3.24,98.62,1.24,1.49,0.42,28.2,80,1.3,4,4,7,8,4.0,4.0,4.0,3.0,4.0,4.0,3.6666666666666665
Peshawar,2026-08-07 05:00:00+00:00,3,44.89,71.31,403.33,1.99,113.53,1.43,1.34,0.26,29.7,74,0.75,5,4,7,8,3.0,4.0,4.0,4.0,3.6666666666666665,3.8333333333333335,3.6666666666666665
Peshawar,2026-08-07 06:00:00+00:00,3,47.95,75.02,394.99,1.47,122.49,1.58,1.36,0.18,31.1,64,1.06,6,4,7,8,3.0,4.0,4.0,4.0,3.333333333333333,3.6666666666666665,3.625
Peshawar,2026-08-07 07:00:00+00:00,3,43.17,71.33,340.15,0.98,124.74,1.48,0.9,0.12,32.3,60,1.45,7,4,7,8,3.0,3.0,4.0,3.0,3.0,3.5,3.583333333333333
Peshawar,2026-08-07 08:00:00+00:00,3,39.72,68.53,305.48,0.82,123.09,1.3,0.75,0.1,32.9,58,1.5,8,4,7,8,3.0,3.0,4.0,3.0,3.0,3.333333333333333,3.583333333333333
Peshawar,2026-08-07 09:00:00+00:00,3,40.14,68.78,301.82,0.86,122.99,1.26,0.79,0.1,33.6,54,1.31,9,4,7,8,3.0,3.0,4.0,3.0,3.0,3.1666666666666665,3.583333333333333
Peshawar,2026-08-07 10:00:00+00:00,3,41.66,70.26,307.46,1.02,124.63,1.28,0.94,0.11,33.6,54,1.28,10,4,7,8,3.0,3.0,3.0,3.0,3.0,3.0,3.583333333333333
Peshawar,2026-08-07 11:00:00+00:00,3,43.96,72.44,317.09,1.32,125.56,1.35,1.22,0.13,33.3,58,1.8,11,4,7,8,3.0,3.0,3.0,3.0,3.0,3.0,3.583333333333333
Peshawar,2026-08-07 12:00:00+00:00,3,46.76,75.7,330.4,1.81,125.98,1.43,1.48,0.14,32.5,62,2.83,12,4,7,8,3.0,3.0,3.0,3.0,3.0,3.0,3.583333333333333
Peshawar,2026-08-07 13:00:00+00:00,4,51.1,81.12,360.94,3.23,122.02,1.53,2.15,0.12,31.5,69,1.76,13,4,7,8,3.0,3.0,3.0,3.0,3.0,3.0,3.583333333333333
Peshawar,2026-08-07 14:00:00+00:00,4,56.48,87.84,405.55,5.24,113.25,1.62,3.07,0.02,30.4,72,1.93,14,4,7,8,4.0,3.0,3.0,4.0,3.333333333333333,3.1666666666666665,3.625
Peshawar,2026-08-07 15:00:00+00:00,4,61.5,94.62,445.52,6.45,105.74,1.66,3.83,0.0,29.4,75,1.71,15,4,7,8,4.0,3.0,3.0,4.0,3.6666666666666665,3.333333333333333,3.625
Peshawar,2026-08-07 16:00:00+00:00,4,65.95,100.36,480.65,7.45,98.51,1.59,4.43,0.0,28.6,80,1.45,16,4,7,8,4.0,4.0,3.0,4.0,4.0,3.5,3.625
Peshawar,2026-08-07 17:00:00+00:00,4,70.56,106.35,517.87,8.37,92.5,1.5,4.94,0.0,28.1,83,1.8,17,4,7,8,4.0,4.0,3.0,4.0,4.0,3.6666666666666665,3.625
Peshawar,2026-08-07 18:00:00+00:00,4,74.34,111.71,548.2,9.1,87.34,1.4,5.26,0.0,28.3,83,0.9,18,4,7,8,4.0,4.0,3.0,4.0,4.0,3.8333333333333335,3.625
Peshawar,2026-08-07 19:00:00+00:00,5,76.96,115.05,574.03,10.1,79.5,1.22,5.52,0.0,27.7,85,0.79,19,4,7,8,4.0,4.0,4.0,4.0,4.0,4.0,3.625
Peshawar,2026-08-07 20:00:00+00:00,5,79.98,118.22,604.77,11.28,70.07,1.04,5.77,0.0,27.5,82,1.55,20,4,7,8,5.0,4.0,4.0,4.0,4.333333333333333,4.166666666666667,3.6666666666666665
Peshawar,2026-08-07 21:00:00+00:00,5,82.99,121.35,633.8,12.09,62.49,0.91,5.84,0.0,27.1,83,1.1,21,4,7,8,5.0,4.0,4.0,4.0,4.666666666666667,4.333333333333333,3.7083333333333335
Peshawar,2026-08-07 22:00:00+00:00,5,85.25,123.79,656.7,12.71,55.87,0.84,5.81,0.0,27.0,84,0.5,22,4,7,8,5.0,5.0,4.0,4.0,5.0,4.5,3.75
Peshawar,2026-08-07 23:00:00+00:00,5,87.54,126.79,680.48,13.35,49.97,0.81,5.84,0.0,26.5,84,0.72,23,4,7,8,5.0,5.0,4.0,4.0,5.0,4.666666666666667,3.7916666666666665
Peshawar,2026-08-08 00:00:00+00:00,5,89.87,130.0,703.86,14.11,45.01,0.82,6.03,0.0,26.5,81,1.1,0,5,8,8,5.0,5.0,4.0,4.0,5.0,4.833333333333333,3.8333333333333335
Peshawar,2026-08-08 01:00:00+00:00,5,91.53,132.39,724.88,14.74,41.17,0.88,6.42,0.0,25.3,86,1.86,1,5,8,8,5.0,5.0,5.0,4.0,5.0,5.0,3.875
Peshawar,2026-08-08 02:00:00+00:00,5,93.16,135.89,750.76,14.98,38.97,0.97,6.91,0.36,26.1,85,1.23,2,5,8,8,5.0,5.0,5.0,4.0,5.0,5.0,3.9166666666666665
Peshawar,2026-08-08 03:00:00+00:00,5,95.1,141.68,777.04,13.46,43.3,1.08,7.1,1.98,27.9,77,0.05,3,5,8,8,5.0,5.0,5.0,4.0,5.0,5.0,3.9583333333333335
Peshawar,2026-08-08 04:00:00+00:00,5,84.27,157.07,488.06,3.69,110.43,2.43,2.7,0.3,29.5,72,0.22,4,5,8,8,5.0,5.0,5.0,3.0,5.0,5.0,4.0
Peshawar,2026-08-08 05:00:00+00:00,5,78.0,148.04,415.41,1.78,123.72,2.29,1.59,0.17,30.8,69,0.61,5,5,8,8,5.0,5.0,5.0,3.0,5.0,5.0,4.083333333333333
Peshawar,2026-08-08 06:00:00+00:00,5,76.4,143.87,391.95,1.18,128.86,2.15,1.26,0.12,32.2,64,0.68,6,5,8,8,5.0,5.0,5.0,3.0,5.0,5.0,4.166666666666667
Peshawar,2026-08-08 07:00:00+00:00,4,74.18,140.83,366.61,0.87,131.55,2.01,0.97,0.1,32.9,62,1.24,7,5,8,8,5.0,5.0,5.0,3.0,5.0,5.0,4.25
Peshawar,2026-08-08 08:00:00+00:00,4,72.96,136.54,352.3,0.78,130.98,1.84,0.89,0.09,33.4,59,1.28,8,5,8,8,4.0,5.0,5.0,3.0,4.666666666666667,4.833333333333333,4.291666666666667
Peshawar,2026-08-08 09:00:00+00:00,4,73.77,133.37,353.66,0.8,130.96,1.75,0.89,0.09,34.1,54,1.39,9,5,8,8,4.0,5.0,5.0,3.0,4.333333333333333,4.666666666666667,4.333333333333333
Peshawar,2026-08-08 10:00:00+00:00,5,75.78,132.19,364.94,0.98,131.75,1.74,1.02,0.1,34.5,53,1.27,10,5,8,8,4.0,4.0,5.0,3.0,4.0,4.5,4.375
Peshawar,2026-08-08 11:00:00+00:00,5,77.68,130.64,380.53,1.33,131.67,1.76,1.3,0.11,33.6,57,2.07,11,5,8,8,5.0,4.0,5.0,3.0,4.333333333333333,4.5,4.458333333333333
Peshawar,2026-08-08 12:00:00+00:00,5,79.05,127.87,399.68,1.86,130.99,1.78,1.56,0.1,34.1,59,2.06,12,5,8,8,5.0,4.0,5.0,3.0,4.666666666666667,4.5,4.541666666666667
Peshawar,2026-08-08 13:00:00+00:00,5,81.18,125.49,436.49,3.41,125.18,1.77,2.38,0.08,32.2,70,1.45,13,5,8,8,5.0,5.0,4.0,4.0,5.0,4.5,4.625
Peshawar,2026-08-08 14:00:00+00:00,5,83.88,124.45,485.58,5.54,114.72,1.72,3.56,0.01,30.9,78,0.56,14,5,8,8,5.0,5.0,4.0,4.0,5.0,4.666666666666667,4.666666666666667
Peshawar,2026-08-08 15:00:00+00:00,5,85.76,123.63,528.9,6.84,106.33,1.65,4.49,0.0,29.7,80,1.17,15,5,8,8,5.0,5.0,4.0,4.0,5.0,4.833333333333333,4.708333333333333
Peshawar,2026-08-08 16:00:00+00:00,5,86.55,121.22,571.74,8.33,95.44,1.52,5.46,0.0,28.8,81,1.63,16,5,8,8,5.0,5.0,5.0,4.0,5.0,5.0,4.75
Peshawar,2026-08-08 17:00:00+00:00,5,88.29,120.83,623.23,10.01,84.48,1.4,6.33,0.0,28.3,83,2.0,17,5,8,8,5.0,5.0,5.0,4.0,5.0,5.0,4.791666666666667
Peshawar,2026-08-08 18:00:00+00:00,5,89.97,121.68,665.73,11.37,75.4,1.29,6.83,0.0,28.4,82,2.03,18,5,8,8,5.0,5.0,5.0,4.0,5.0,5.0,4.833333333333333
Peshawar,2026-08-08 19:00:00+00:00,5,90.55,121.73,690.44,12.23,67.61,1.14,6.89,0.0,27.9,83,1.5,19,5,8,8,5.0,5.0,5.0,5.0,5.0,5.0,4.875
Peshawar,2026-08-08 20:00:00+00:00,5,91.63,122.35,714.44,12.66,61.7,1.03,6.65,0.0,27.7,86,0.3,20,5,8,8,5.0,5.0,5.0,5.0,5.0,5.0,4.875
Peshawar,2026-08-08 21:00:00+00:00,5,92.97,122.96,738.05,12.92,57.07,0.95,6.19,0.0,27.4,87,0.07,21,5,8,8,5.0,5.0,5.0,5.0,5.0,5.0,4.875
Peshawar,2026-08-08 22:00:00+00:00,5,93.71,123.03,756.7,13.09,52.85,0.88,5.69,0.0,27.1,89,0.3,22,5,8,8,5.0,5.0,5.0,5.0,5.0,5.0,4.875
Peshawar,2026-08-08 23:00:00+00:00,5,94.73,124.03,774.35,13.39,48.99,0.85,5.49,0.0,27.1,88,0.16,23,5,8,8,5.0,5.0,5.0,5.0,5.0,5.0,4.875
Peshawar,2026-08-09 00:00:00+00:00,5,95.6,125.27,790.25,13.71,45.88,0.85,5.64,0.0,27.1,88,0.78,0,6,9,8,5.0,5.0,5.0,5.0,5.0,5.0,4.875
Peshawar,2026-08-09 01:00:00+00:00,5,95.37,125.63,799.24,13.68,43.79,0.87,5.75,0.0,26.8,89,1.11,1,6,9,8,5.0,5.0,5.0,5.0,5.0,5.0,4.875
Peshawar,2026-08-09 02:00:00+00:00,5,94.85,126.0,812.56,13.36,42.56,0.9,5.52,0.22,27.6,88,1.15,2,6,9,8,5.0,5.0,5.0,5.0,5.0,5.0,4.875
Peshawar,2026-08-09 03:00:00+00:00,5,94.54,127.19,822.54,11.73,47.22,0.98,5.42,1.42,28.8,82,1.55,3,6,9,8,5.0,5.0,5.0,5.0,5.0,5.0,4.875
Peshawar,2026-08-09 04:00:00+00:00,5,86.87,121.49,689.98,4.09,110.83,2.04,2.89,0.35,30.5,71,1.21,4,6,9,8,5.0,5.0,5.0,5.0,5.0,5.0,4.875
Peshawar,2026-08-09 05:00:00+00:00,5,83.94,116.09,667.13,2.81,127.98,2.09,2.73,0.29,32.0,64,0.68,5,6,9,8,5.0,5.0,5.0,5.0,5.0,5.0,4.875
Peshawar,2026-08-09 06:00:00+00:00,5,84.47,114.57,664.98,2.37,140.39,2.12,3.21,0.23,32.8,60,0.96,6,6,9,8,5.0,5.0,5.0,5.0,5.0,5.0,4.875
Peshawar,2026-08-09 07:00:00+00:00,5,82.53,110.7,646.16,2.03,150.71,2.08,3.43,0.17,33.7,58,1.05,7,6,9,8,5.0,5.0,5.0,4.0,5.0,5.0,4.875
Peshawar,2026-08-09 08:00:00+00:00,5,77.59,104.35,608.43,1.76,151.03,1.9,3.12,0.14,34.3,53,1.35,8,6,9,8,5.0,5.0,5.0,4.0,5.0,5.0,4.916666666666667
Peshawar,2026-08-09 09:00:00+00:00,4,72.2,97.64,578.5,1.55,147.76,1.75,2.38,0.12,34.5,55,1.32,9,6,9,8,5.0,5.0,5.0,4.0,5.0,5.0,4.958333333333333
Peshawar,2026-08-09 10:00:00+00:00,4,66.67,92.44,553.82,1.8,142.61,1.66,2.14,0.13,34.6,55,1.32,10,6,9,8,4.0,5.0,5.0,5.0,4.666666666666667,4.833333333333333,4.958333333333333
Peshawar,2026-08-09 11:00:00+00:00,4,64.04,91.49,542.51,2.75,137.21,1.55,2.87,0.19,34.1,57,2.08,11,6,9,8,4.0,5.0,5.0,5.0,4.333333333333333,4.666666666666667,4.916666666666667
Peshawar,2026-08-09 12:00:00+00:00,4,62.45,90.77,545.93,3.98,134.44,1.54,3.72,0.21,34.4,57,2.05,12,6,9,8,4.0,4.0,5.0,5.0,4.0,4.5,4.875
Peshawar,2026-08-09 13:00:00+00:00,4,62.59,90.78,577.91,6.88,126.43,1.64,5.38,0.17,32.9,66,1.69,13,6,9,8,4.0,4.0,5.0,5.0,4.0,4.333333333333333,4.833333333333333
Peshawar,2026-08-09 14:00:00+00:00,4,63.89,92.0,623.93,10.08,113.54,1.75,7.1,0.03,31.8,71,0.42,14,6,9,8,4.0,4.0,5.0,5.0,4.0,4.166666666666667,4.791666666666667
Peshawar,2026-08-09 15:00:00+00:00,4,65.46,94.33,664.72,11.66,102.3,1.81,8.5,0.0,30.9,75,0.5,15,6,9,8,4.0,4.0,4.0,5.0,4.0,4.0,4.75
Peshawar,2026-08-09 16:00:00+00:00,4,66.54,95.86,693.85,12.43,92.56,1.78,9.37,0.0,29.9,80,0.63,16,6,9,8,4.0,4.0,4.0,5.0,4.0,4.0,4.708333333333333
Peshawar,2026-08-09 17:00:00+00:00,4,68.05,97.7,721.04,12.65,85.48,1.7,9.68,0.0,29.2,82,0.97,17,6,9,8,4.0,4.0,4.0,5.0,4.0,4.0,4.666666666666667
Peshawar,2026-08-09 18:00:00+00:00,4,69.46,99.45,738.93,12.46,80.44,1.55,9.24,0.0,29.7,80,0.98,18,6,9,8,4.0,4.0,4.0,5.0,4.0,4.0,4.625
Peshawar,2026-08-09 19:00:00+00:00,4,69.44,99.24,733.04,11.7,76.87,1.29,7.69,0.0,29.1,81,0.5,19,6,9,8,4.0,4.0,4.0,5.0,4.0,4.0,4.583333333333333
Peshawar,2026-08-09 20:00:00+00:00,4,69.63,99.22,738.14,11.61,71.6,1.11,6.85,0.0,28.4,82,0.93,20,6,9,8,4.0,4.0,4.0,5.0,4.0,4.0,4.541666666666667
Peshawar,2026-08-09 21:00:00+00:00,4,70.01,99.73,747.41,11.78,66.02,1.01,6.59,0.0,27.9,82,1.3,21,6,9,8,4.0,4.0,4.0,5.0,4.0,4.0,4.5
Peshawar,2026-08-09 22:00:00+00:00,4,70.24,100.47,754.72,12.09,60.39,0.93,6.42,0.0,27.2,85,1.32,22,6,9,8,4.0,4.0,4.0,5.0,4.0,4.0,4.458333333333333
Peshawar,2026-08-09 23:00:00+00:00,4,70.77,101.6,767.11,12.55,54.77,0.86,6.1,0.0,26.6,89,0.92,23,6,9,8,4.0,4.0,4.0,5.0,4.0,4.0,4.416666666666667
Peshawar,2026-08-10 00:00:00+00:00,4,71.23,102.48,780.84,13.12,49.46,0.82,5.79,0.0,26.9,88,0.42,0,0,10,8,4.0,4.0,4.0,5.0,4.0,4.0,4.375
Peshawar,2026-08-10 01:00:00+00:00,4,71.12,102.67,792.06,13.54,44.88,0.8,5.54,0.0,26.7,87,1.19,1,0,10,8,4.0,4.0,4.0,5.0,4.0,4.0,4.333333333333333
Peshawar,2026-08-10 02:00:00+00:00,4,71.35,104.35,811.08,13.84,42.26,0.89,5.62,0.23,27.9,83,1.47,2,0,10,8,4.0,4.0,4.0,5.0,4.0,4.0,4.291666666666667
Peshawar,2026-08-10 03:00:00+00:00,4,71.51,108.11,815.78,12.19,49.93,1.1,5.6,1.26,29.2,79,1.7,3,0,10,8,4.0,4.0,4.0,5.0,4.0,4.0,4.25
Peshawar,2026-08-10 04:00:00+00:00,4,59.88,104.8,564.61,3.22,110.22,2.25,2.22,0.3,30.3,77,1.9,4,0,10,8,4.0,4.0,4.0,5.0,4.0,4.0,4.208333333333333
Peshawar,2026-08-10 05:00:00+00:00,4,56.86,100.67,506.02,1.62,123.15,2.05,1.56,0.17,31.6,74,1.68,5,0,10,8,4.0,4.0,4.0,5.0,4.0,4.0,4.166666666666667
Peshawar,2026-08-10 06:00:00+00:00,4,56.75,100.03,486.84,1.16,128.57,1.95,1.41,0.13,32.8,68,0.94,6,0,10,8,4.0,4.0,4.0,5.0,4.0,4.0,4.125
Peshawar,2026-08-10 07:00:00+00:00,4,56.02,100.88,464.1,0.94,131.11,1.82,1.25,0.11,33.5,64,0.65,7,0,10,8,4.0,4.0,4.0,5.0,4.0,4.0,4.083333333333333
Peshawar,2026-08-10 08:00:00+00:00,4,53.98,101.31,432.1,0.83,130.2,1.66,1.13,0.1,34.2,62,0.61,8,0,10,8,4.0,4.0,4.0,5.0,4.0,4.0,4.041666666666667
Peshawar,2026-08-10 09:00:00+00:00,4,53.08,101.38,416.16,0.84,129.62,1.61,1.11,0.1,34.9,60,0.54,9,0,10,8,4.0,4.0,4.0,4.0,4.0,4.0,4.0
Peshawar,2026-08-10 10:00:00+00:00,4,53.74,102.84,415.77,1.01,131.04,1.67,1.25,0.11,35.4,57,0.87,10,0,10,8,4.0,4.0,4.0,4.0,4.0,4.0,4.0
Peshawar,2026-08-10 11:00:00+00:00,4,55.38,103.14,429.76,1.41,131.68,1.84,1.57,0.13,35.3,57,1.33,11,0,10,8,4.0,4.0,4.0,4.0,4.0,4.0,4.0
Peshawar,2026-08-10 12:00:00+00:00,4,56.77,102.38,450.37,2.03,131.27,2.02,1.9,0.14,34.9,58,1.23,12,0,10,8,4.0,4.0,4.0,4.0,4.0,4.0,4.0
Peshawar,2026-08-10 13:00:00+00:00,4,58.54,101.62,484.91,3.46,127.05,2.1,2.56,0.1,33.5,69,1.21,13,0,10,8,4.0,4.0,4.0,4.0,4.0,4.0,4.0
Peshawar,2026-08-10 14:00:00+00:00,4,60.42,100.96,526.31,5.29,118.61,2.06,3.44,0.02,32.1,73,1.49,14,0,10,8,4.0,4.0,4.0,4.0,4.0,4.0,4.0
Peshawar,2026-08-10 15:00:00+00:00,4,61.88,100.4,561.06,6.24,111.31,1.95,4.17,0.0,31.4,74,2.0,15,0,10,8,4.0,4.0,4.0,4.0,4.0,4.0,4.0
Peshawar,2026-08-10 16:00:00+00:00,4,62.05,97.81,583.43,6.83,103.66,1.75,4.73,0.0,30.4,79,1.08,16,0,10,8,4.0,4.0,4.0,4.0,4.0,4.0,4.0
Peshawar,2026-08-10 17:00:00+00:00,4,62.32,95.93,605.68,7.35,97.45,1.57,5.14,0.0,29.6,81,2.18,17,0,10,8,4.0,4.0,4.0,4.0,4.0,4.0,4.0
Peshawar,2026-08-10 18:00:00+00:00,4,62.23,94.5,619.29,7.53,93.87,1.43,5.2,0.0,29.7,79,1.94,18,0,10,8,4.0,4.0,4.0,4.0,4.0,4.0,4.0
Peshawar,2026-08-10 19:00:00+00:00,4,61.96,92.86,628.48,7.98,88.44,1.25,5.26,0.0,29.0,82,0.91,19,0,10,8,4.0,4.0,4.0,4.0,4.0,4.0,4.0
Peshawar,2026-08-10 20:00:00+00:00,4,62.52,92.27,649.61,8.94,80.42,1.09,5.57,0.0,28.6,82,1.1,20,0,10,8,4.0,4.0,4.0,4.0,4.0,4.0,4.0
Peshawar,2026-08-10 21:00:00+00:00,4,63.01,91.84,667.71,9.57,74.66,0.99,5.69,0.0,28.1,83,1.25,21,0,10,8,4.0,4.0,4.0,4.0,4.0,4.0,4.0
Peshawar,2026-08-10 22:00:00+00:00,4,63.53,91.87,681.34,9.95,70.44,0.96,5.64,0.0,27.4,81,3.0,22,0,10,8,4.0,4.0,4.0,4.0,4.0,4.0,4.0
Peshawar,2026-08-10 23:00:00+00:00,4,64.27,92.95,693.78,10.09,68.37,0.98,5.57,0.0,25.8,87,3.73,23,0,10,8,4.0,4.0,4.0,4.0,4.0,4.0,4.0
Peshawar,2026-08-11 00:00:00+00:00,4,64.86,94.51,699.87,9.71,70.85,1.1,5.53,0.0,27.8,89,1.05,0,1,11,8,4.0,4.0,4.0,4.0,4.0,4.0,4.0
Peshawar,2026-08-11 01:00:00+00:00,4,64.59,95.75,693.18,8.81,77.75,1.34,5.59,0.0,28.1,87,1.07,1,1,11,8,4.0,4.0,4.0,4.0,4.0,4.0,4.0
Peshawar,2026-08-11 02:00:00+00:00,4,64.98,98.06,703.34,8.8,80.67,1.63,5.79,0.11,28.6,87,1.3,2,1,11,8,4.0,4.0,4.0,4.0,4.0,4.0,4.0
Peshawar,2026-08-11 03:00:00+00:00,4,65.93,102.18,709.98,8.13,87.95,2.11,5.67,0.64,29.6,79,1.82,3,1,11,8,4.0,4.0,4.0,4.0,4.0,4.0,4.0
Peshawar,2026-08-11 04:00:00+00:00,4,64.85,105.75,649.75,5.55,108.76,2.51,4.04,0.72,30.9,73,2.0,4,1,11,8,4.0,4.0,4.0,4.0,4.0,4.0,4.0
Peshawar,2026-08-11 05:00:00+00:00,4,64.49,107.38,599.35,3.8,121.79,2.52,3.09,0.5,32.2,68,1.41,5,1,11,8,4.0,4.0,4.0,4.0,4.0,4.0,4.0
Peshawar,2026-08-11 06:00:00+00:00,4,66.72,110.76,558.59,2.36,134.19,2.74,2.35,0.26,32.7,65,0.3,6,1,11,8,4.0,4.0,4.0,4.0,4.0,4.0,4.0
Peshawar,2026-08-11 07:00:00+00:00,4,62.31,112.01,443.02,1.06,137.06,3.47,0.7,0.11,34.2,62,0.6,7,1,11,8,4.0,4.0,4.0,4.0,4.0,4.0,4.0
Peshawar,2026-08-11 08:00:00+00:00,4,58.7,110.74,377.62,0.85,133.23,3.16,0.33,0.1,34.7,60,0.72,8,1,11,8,4.0,4.0,4.0,4.0,4.0,4.0,4.0
Peshawar,2026-08-11 09:00:00+00:00,4,56.61,107.93,351.61,0.82,131.64,2.85,0.22,0.09,35.8,54,0.73,9,1,11,8,4.0,4.0,4.0,4.0,4.0,4.0,4.0
Peshawar,2026-08-11 10:00:00+00:00,4,56.86,108.07,346.99,0.97,132.04,2.72,0.27,0.1,36.1,53,1.08,10,1,11,8,4.0,4.0,4.0,4.0,4.0,4.0,4.0
Peshawar,2026-08-11 11:00:00+00:00,4,59.23,110.4,359.75,1.33,131.46,2.75,0.44,0.11,35.6,56,1.41,11,1,11,8,4.0,4.0,4.0,4.0,4.0,4.0,4.0
Peshawar,2026-08-11 12:00:00+00:00,4,61.01,111.83,378.7,1.87,130.32,2.73,0.69,0.11,35.5,55,0.05,12,1,11,8,4.0,4.0,4.0,4.0,4.0,4.0,4.0
Peshawar,2026-08-11 13:00:00+00:00,4,62.8,112.12,416.49,3.35,125.07,2.61,1.47,0.08,34.3,66,1.14,13,1,11,8,4.0,4.0,4.0,4.0,4.0,4.0,4.0
Peshawar,2026-08-11 14:00:00+00:00,4,64.61,111.63,466.45,5.35,116.17,2.45,2.58,0.01,32.5,75,1.82,14,1,11,8,4.0,4.0,4.0,4.0,4.0,4.0,4.0
Peshawar,2026-08-11 15:00:00+00:00,4,65.57,110.24,511.91,6.5,109.14,2.28,3.43,0.0,31.3,78,1.6,15,1,11,8,4.0,4.0,4.0,4.0,4.0,4.0,4.0
Peshawar,2026-08-11 16:00:00+00:00,4,64.18,104.82,545.31,6.93,103.23,2.03,3.93,0.0,30.5,81,0.95,16,1,11,8,4.0,4.0,4.0,4.0,4.0,4.0,4.0
Peshawar,2026-08-11 17:00:00+00:00,4,61.89,98.23,576.03,6.78,100.88,1.83,4.1,0.0,30.3,79,1.41,17,1,11,8,4.0,4.0,4.0,4.0,4.0,4.0,4.0
Peshawar,2026-08-11 18:00:00+00:00,4,58.86,91.14,598.6,6.2,101.38,1.69,4.0,0.0,30.2,79,0.76,18,1,11,8,4.0,4.0,4.0,4.0,4.0,4.0,4.0
Peshawar,2026-08-11 19:00:00+00:00,4,53.71,82.51,600.62,4.64,107.61,1.63,3.29,0.0,28.2,87,1.46,19,1,11,8,4.0,4.0,4.0,4.0,4.0,4.0,4.0
Peshawar,2026-08-11 20:00:00+00:00,4,52.11,78.42,625.49,4.81,104.1,1.57,3.49,0.0,26.8,91,4.16,20,1,11,8,4.0,4.0,4.0,4.0,4.0,4.0,4.0
Peshawar,2026-08-11 21:00:00+00:00,4,51.22,75.85,653.25,5.08,99.23,1.59,3.71,0.0,25.4,96,3.31,21,1,11,8,4.0,4.0,4.0,4.0,4.0,4.0,4.0
Peshawar,2026-08-11 22:00:00+00:00,4,50.53,73.48,678.47,5.43,93.65,1.66,3.81,0.0,25.1,97,2.7,22,1,11,8,4.0,4.0,4.0,4.0,4.0,4.0,4.0
Peshawar,2026-08-11 23:00:00+00:00,4,50.41,71.66,705.35,5.81,88.77,1.67,3.71,0.0,24.8,97,2.76,23,1,11,8,4.0,4.0,4.0,4.0,4.0,4.0,4.0
Peshawar,2026-08-12 00:00:00+00:00,4,50.31,69.98,734.33,6.09,84.9,1.63,3.43,0.0,24.5,97,2.22,0,2,12,8,4.0,4.0,4.0,4.0,4.0,4.0,4.0
Peshawar,2026-08-12 01:00:00+00:00,3,49.7,67.4,756.58,6.19,80.64,1.73,2.94,0.0,24.7,96,1.71,1,2,12,8,4.0,4.0,4.0,4.0,4.0,4.0,4.0
Peshawar,2026-08-12 02:00:00+00:00,3,49.39,65.66,787.56,6.56,77.6,1.91,2.63,0.03,25.0,96,2.26,2,2,12,8,3.0,4.0,4.0,4.0,3.6666666666666665,3.8333333333333335,3.9583333333333335
Peshawar,2026-08-12 03:00:00+00:00,3,48.72,64.15,816.04,6.61,78.63,2.07,2.38,0.2,25.8,93,1.55,3,2,12,8,3.0,4.0,4.0,4.0,3.333333333333333,3.6666666666666665,3.9166666666666665
Peshawar,2026-08-12 04:00:00+00:00,3,44.67,58.79,808.95,4.79,88.72,2.06,1.77,0.23,26.9,86,1.49,4,2,12,8,3.0,3.0,4.0,4.0,3.0,3.5,3.875
Peshawar,2026-08-12 05:00:00+00:00,3,43.49,56.58,810.16,4.41,92.98,1.95,1.66,0.19,28.1,79,1.06,5,2,12,8,3.0,3.0,4.0,4.0,3.0,3.333333333333333,3.8333333333333335
Peshawar,2026-08-12 06:00:00+00:00,3,41.82,53.96,804.95,4.18,95.89,1.84,1.51,0.11,28.5,76,0.62,6,2,12,8,3.0,3.0,4.0,4.0,3.0,3.1666666666666665,3.7916666666666665
Peshawar,2026-08-12 07:00:00+00:00,3,33.35,45.2,728.85,3.19,101.07,1.77,1.01,0.06,30.1,70,0.36,7,2,12,8,3.0,3.0,3.0,4.0,3.0,3.0,3.75
Peshawar,2026-08-12 08:00:00+00:00,3,27.88,39.83,648.18,2.64,102.62,1.61,0.78,0.06,31.1,67,0.7,8,2,12,8,3.0,3.0,3.0,4.0,3.0,3.0,3.7083333333333335
Peshawar,2026-08-12 09:00:00+00:00,3,25.53,36.98,604.66,2.45,103.87,1.51,0.73,0.07,32.1,62,0.89,9,2,12,8,3.0,3.0,3.0,4.0,3.0,3.0,3.6666666666666665
Peshawar,2026-08-12 10:00:00+00:00,3,25.66,37.6,586.22,2.75,104.36,1.52,1.09,0.11,32.4,63,0.91,10,2,12,8,3.0,3.0,3.0,4.0,3.0,3.0,3.625
Peshawar,2026-08-12 11:00:00+00:00,3,27.88,40.98,584.8,3.42,103.57,1.64,1.77,0.18,32.4,64,1.35,11,2,12,8,3.0,3.0,3.0,4.0,3.0,3.0,3.583333333333333
Peshawar,2026-08-12 12:00:00+00:00,3,30.31,44.48,587.07,4.24,103.9,1.77,2.43,0.21,32.3,64,0.85,12,2,12,8,3.0,3.0,3.0,4.0,3.0,3.0,3.5416666666666665
Peshawar,2026-08-12 13:00:00+00:00,3,33.33,48.7,623.4,6.91,97.93,1.88,3.75,0.18,31.3,70,1.16,13,2,12,8,3.0,3.0,3.0,4.0,3.0,3.0,3.5
Peshawar,2026-08-12 14:00:00+00:00,3,36.54,53.51,675.14,10.1,85.6,1.89,5.06,0.03,29.6,82,0.76,14,2,12,8,3.0,3.0,3.0,4.0,3.0,3.0,3.458333333333333
Peshawar,2026-08-12 15:00:00+00:00,3,39.5,58.29,717.77,11.91,75.43,1.83,5.96,0.0,28.8,84,1.35,15,2,12,8,3.0,3.0,3.0,4.0,3.0,3.0,3.4166666666666665
Peshawar,2026-08-12 16:00:00+00:00,3,42.11,62.36,747.64,12.93,67.74,1.71,6.61,0.0,28.1,88,0.71,16,2,12,8,3.0,3.0,3.0,4.0,3.0,3.0,3.375
Peshawar,2026-08-12 17:00:00+00:00,3,44.71,66.45,776.88,13.58,61.88,1.64,7.29,0.0,27.8,90,0.32,17,2,12,8,3.0,3.0,3.0,4.0,3.0,3.0,3.333333333333333
Peshawar,2026-08-12 18:00:00+00:00,3,46.73,70.09,796.36,14.08,57.06,1.58,7.72,0.0,28.0,92,0.29,18,2,12,8,3.0,3.0,3.0,4.0,3.0,3.0,3.2916666666666665
Peshawar,2026-08-12 19:00:00+00:00,3,47.89,72.59,796.48,14.22,52.95,1.48,7.77,0.0,27.5,92,0.87,19,2,12,8,3.0,3.0,3.0,4.0,3.0,3.0,3.25
Peshawar,2026-08-12 20:00:00+00:00,3,49.44,75.09,807.43,14.68,47.22,1.32,7.74,0.0,27.3,90,0.76,20,2,12,8,3.0,3.0,3.0,4.0,3.0,3.0,3.208333333333333
Peshawar,2026-08-12 21:00:00+00:00,4,51.08,77.51,822.57,15.14,41.61,1.17,7.61,0.0,27.3,90,0.22,21,2,12,8,3.0,3.0,3.0,4.0,3.0,3.0,3.1666666666666665
Peshawar,2026-08-12 22:00:00+00:00,4,52.42,79.61,836.11,15.58,36.25,1.05,7.37,0.0,27.0,91,0.22,22,2,12,8,4.0,3.0,3.0,4.0,3.333333333333333,3.1666666666666665,3.1666666666666665
Peshawar,2026-08-12 23:00:00+00:00,4,53.74,81.91,851.99,16.09,31.86,0.97,7.2,0.0,26.9,90,0.4,23,2,12,8,4.0,3.0,3.0,4.0,3.6666666666666665,3.333333333333333,3.1666666666666665
Peshawar,2026-08-13 00:00:00+00:00,4,55.1,84.26,870.55,16.66,28.35,0.94,7.09,0.0,27.3,88,0.16,0,3,13,8,4.0,4.0,3.0,4.0,4.0,3.5,3.1666666666666665
Peshawar,2026-08-13 01:00:00+00:00,4,55.77,85.79,885.39,16.96,25.92,0.93,6.97,0.01,27.0,89,0.25,1,3,13,8,4.0,4.0,3.0,3.0,4.0,3.6666666666666665,3.1666666666666665
Peshawar,2026-08-13 02:00:00+00:00,4,56.12,87.13,907.02,16.65,25.46,1.01,7.02,0.5,27.8,86,0.64,2,3,13,8,4.0,4.0,3.0,3.0,4.0,3.8333333333333335,3.208333333333333
Peshawar,2026-08-13 03:00:00+00:00,4,56.88,89.33,928.35,14.77,32.95,1.21,7.12,2.2,29.5,78,0.21,3,3,13,8,4.0,4.0,4.0,3.0,4.0,4.0,3.25
Peshawar,2026-08-13 04:00:00+00:00,3,47.04,82.34,585.39,6.3,83.99,1.68,2.84,0.58,31.2,70,0.28,4,3,13,8,4.0,4.0,4.0,3.0,4.0,4.0,3.2916666666666665
Peshawar,2026-08-13 05:00:00+00:00,3,44.58,77.28,517.82,4.68,94.07,1.41,2.06,0.33,32.6,64,0.43,5,3,13,8,3.0,4.0,4.0,3.0,3.6666666666666665,3.8333333333333335,3.2916666666666665
Peshawar,2026-08-13 06:00:00+00:00,3,43.99,75.12,480.52,3.56,101.15,1.49,1.6,0.17,33.7,60,0.99,6,3,13,8,3.0,4.0,4.0,3.0,3.333333333333333,3.6666666666666665,3.2916666666666665
Peshawar,2026-08-13 07:00:00+00:00,3,39.9,70.09,417.48,1.64,112.47,1.8,0.81,0.09,34.6,58,1.3,7,3,13,8,3.0,3.0,4.0,3.0,3.0,3.5,3.2916666666666665
Peshawar,2026-08-13 08:00:00+00:00,3,37.31,65.58,398.93,1.5,113.07,1.68,0.8,0.08,35.4,56,1.32,8,3,13,8,3.0,3.0,4.0,3.0,3.0,3.333333333333333,3.2916666666666665
Peshawar,2026-08-13 09:00:00+00:00,3,35.17,61.57,394.92,1.66,112.0,1.7,0.86,0.06,35.8,55,1.54,9,3,13,8,3.0,3.0,4.0,3.0,3.0,3.1666666666666665,3.2916666666666665
Peshawar,2026-08-13 10:00:00+00:00,3,34.04,60.05,397.72,1.94,111.31,1.87,0.98,0.08,35.9,54,1.28,10,3,13,8,3.0,3.0,3.0,3.0,3.0,3.0,3.2916666666666665
Peshawar,2026-08-13 11:00:00+00:00,3,35.73,63.69,405.59,2.28,110.49,2.26,1.18,0.13,35.8,55,0.97,11,3,13,8,3.0,3.0,3.0,3.0,3.0,3.0,3.2916666666666665
Peshawar,2026-08-13 12:00:00+00:00,3,38.58,69.21,415.16,2.74,110.17,2.67,1.34,0.15,35.3,57,1.89,12,3,13,8,3.0,3.0,3.0,3.0,3.0,3.0,3.2916666666666665
Peshawar,2026-08-13 13:00:00+00:00,3,42.52,76.02,442.65,4.54,104.2,2.92,2.06,0.14,33.6,67,1.6,13,3,13,8,3.0,3.0,3.0,3.0,3.0,3.0,3.2916666666666665
Peshawar,2026-08-13 14:00:00+00:00,3,46.74,82.68,484.58,7.28,92.74,2.92,3.25,0.03,32.2,75,1.13,14,3,13,8,3.0,3.0,3.0,3.0,3.0,3.0,3.2916666666666665
Peshawar,2026-08-13 15:00:00+00:00,4,50.59,88.77,521.74,8.92,84.1,2.78,4.27,0.0,31.3,77,1.5,15,3,13,8,3.0,3.0,3.0,3.0,3.0,3.0,3.2916666666666665
Peshawar,2026-08-13 16:00:00+00:00,4,53.64,93.13,547.27,9.78,78.25,2.53,4.93,0.0,30.5,78,1.82,16,3,13,8,4.0,3.0,3.0,3.0,3.333333333333333,3.1666666666666665,3.333333333333333
Peshawar,2026-08-13 17:00:00+00:00,4,56.56,97.19,568.24,10.01,75.21,2.36,5.18,0.0,29.9,77,2.0,17,3,13,8,4.0,3.0,3.0,3.0,3.6666666666666665,3.333333333333333,3.375
Peshawar,2026-08-13 18:00:00+00:00,4,58.97,100.1,578.4,9.98,73.06,2.3,5.14,0.0,30.3,76,1.07,18,3,13,8,4.0,4.0,3.0,3.0,4.0,3.5,3.4166666666666665
Peshawar,2026-08-13 19:00:00+00:00,4,60.4,101.27,572.59,9.73,70.14,2.29,4.87,0.0,29.7,78,1.25,19,3,13,8,4.0,4.0,3.0,3.0,4.0,3.6666666666666665,3.458333333333333
Peshawar,2026-08-13 20:00:00+00:00,4,61.92,102.7,571.94,9.71,66.05,2.17,4.73,0.0,28.6,82,2.44,20,3,13,8,4.0,4.0,3.0,3.0,4.0,3.8333333333333335,3.5
Peshawar,2026-08-13 21:00:00+00:00,4,63.24,104.17,571.5,9.62,62.15,2.07,4.48,0.0,27.9,85,1.97,21,3,13,8,4.0,4.0,4.0,4.0,4.0,4.0,3.5416666666666665
Peshawar,2026-08-13 22:00:00+00:00,4,64.26,105.15,570.76,9.73,57.7,1.91,4.15,0.0,26.7,87,2.39,22,3,13,8,4.0,4.0,4.0,4.0,4.0,4.0,3.5416666666666665
Peshawar,2026-08-13 23:00:00+00:00,4,65.5,106.2,578.49,10.18,52.89,1.73,3.82,0.0,25.3,95,2.84,23,3,13,8,4.0,4.0,4.0,4.0,4.0,4.0,3.5416666666666665
Peshawar,2026-08-14 00:00:00+00:00,4,66.48,106.76,589.32,10.62,49.03,1.61,3.51,0.0,28.2,87,0.87,0,4,14,8,4.0,4.0,4.0,4.0,4.0,4.0,3.5416666666666665
Peshawar,2026-08-14 01:00:00+00:00,4,66.2,105.96,596.18,10.82,46.17,1.51,3.39,0.0,27.2,87,2.55,1,4,14,8,4.0,4.0,4.0,4.0,4.0,4.0,3.5416666666666665
Peshawar,2026-08-14 02:00:00+00:00,4,65.97,106.66,606.25,11.0,44.46,1.6,3.79,0.18,26.1,93,0.65,2,4,14,8,4.0,4.0,4.0,4.0,4.0,4.0,3.5416666666666665
Peshawar,2026-08-14 03:00:00+00:00,4,66.15,109.61,600.1,9.57,49.89,2.01,3.97,1.08,27.0,92,1.18,3,4,14,8,4.0,4.0,4.0,4.0,4.0,4.0,3.5416666666666665
Peshawar,2026-08-14 04:00:00+00:00,4,56.78,101.67,387.47,3.37,92.72,3.21,0.9,0.48,28.3,86,1.66,4,4,14,8,4.0,4.0,4.0,3.0,4.0,4.0,3.5416666666666665
Peshawar,2026-08-14 05:00:00+00:00,4,53.65,94.95,344.47,2.13,104.95,2.9,0.58,0.26,30.2,78,1.96,5,4,14,8,4.0,4.0,4.0,3.0,4.0,4.0,3.583333333333333
Peshawar,2026-08-14 06:00:00+00:00,4,54.83,95.27,337.43,1.67,111.58,2.87,0.52,0.15,30.3,76,1.8,6,4,14,8,4.0,4.0,4.0,3.0,4.0,4.0,3.625
Peshawar,2026-08-14 07:00:00+00:00,4,53.5,90.03,332.19,1.38,116.03,2.88,0.39,0.11,31.0,74,1.75,7,4,14,8,4.0,4.0,4.0,3.0,4.0,4.0,3.6666666666666665
Peshawar,2026-08-14 08:00:00+00:00,4,53.16,85.67,337.17,1.29,118.82,2.63,0.49,0.13,31.8,72,0.74,8,4,14,8,4.0,4.0,4.0,3.0,4.0,4.0,3.7083333333333335
Peshawar,2026-08-14 09:00:00+00:00,4,54.38,85.6,341.26,1.27,122.52,2.48,0.65,0.15,33.0,68,1.26,9,4,14,8,4.0,4.0,4.0,3.0,4.0,4.0,3.75
Peshawar,2026-08-14 10:00:00+00:00,4,56.19,87.56,346.42,1.49,125.51,2.43,1.01,0.17,33.5,65,1.98,10,4,14,8,4.0,4.0,4.0,3.0,4.0,4.0,3.7916666666666665
Peshawar,2026-08-14 11:00:00+00:00,4,57.11,88.8,353.61,2.02,125.95,2.45,1.54,0.2,33.0,68,2.88,11,4,14,8,4.0,4.0,4.0,3.0,4.0,4.0,3.8333333333333335
Peshawar,2026-08-14 12:00:00+00:00,4,57.01,89.12,363.91,2.85,124.03,2.53,2.07,0.2,33.4,68,3.06,12,4,14,8,4.0,4.0,4.0,3.0,4.0,4.0,3.875
Peshawar,2026-08-14 13:00:00+00:00,4,57.02,90.2,381.19,4.06,120.15,2.61,2.56,0.12,32.1,75,3.8,13,4,14,8,4.0,4.0,4.0,3.0,4.0,4.0,3.9166666666666665
Peshawar,2026-08-14 14:00:00+00:00,4,56.87,91.07,398.06,5.01,114.5,2.61,2.77,0.01,31.0,77,4.36,14,4,14,8,4.0,4.0,4.0,3.0,4.0,4.0,3.9583333333333335
Peshawar,2026-08-14 15:00:00+00:00,4,55.94,90.28,409.18,5.01,111.88,2.55,2.77,0.0,28.9,76,5.66,15,4,14,8,4.0,4.0,4.0,4.0,4.0,4.0,4.0
Peshawar,2026-08-14 16:00:00+00:00,4,54.19,86.83,420.55,4.72,109.81,2.33,2.72,0.0,25.6,87,2.55,16,4,14,8,4.0,4.0,4.0,4.0,4.0,4.0,4.0
Peshawar,2026-08-14 17:00:00+00:00,4,54.15,84.75,445.82,4.72,107.6,2.07,2.9,0.0,25.2,91,2.38,17,4,14,8,4.0,4.0,4.0,4.0,4.0,4.0,4.0
Peshawar,2026-08-14 18:00:00+00:00,4,54.73,83.73,470.07,4.66,106.32,1.86,2.98,0.0,27.5,82,0.67,18,4,14,8,4.0,4.0,4.0,4.0,4.0,4.0,4.0
Peshawar,2026-08-14 19:00:00+00:00,4,54.98,81.69,486.32,4.71,102.85,1.71,2.86,0.0,26.9,88,0.3,19,4,14,8,4.0,4.0,4.0,4.0,4.0,4.0,4.0
Peshawar,2026-08-14 20:00:00+00:00,4,56.3,80.34,510.35,4.92,99.06,1.53,2.59,0.0,26.5,90,0.58,20,4,14,8,4.0,4.0,4.0,4.0,4.0,4.0,4.0
Peshawar,2026-08-14 21:00:00+00:00,4,57.84,79.39,534.06,4.96,96.11,1.38,2.26,0.0,26.4,91,0.72,21,4,14,8,4.0,4.0,4.0,4.0,4.0,4.0,4.0
Peshawar,2026-08-14 22:00:00+00:00,4,58.6,78.77,547.91,4.88,93.11,1.25,2.04,0.0,26.3,91,0.59,22,4,14,8,4.0,4.0,4.0,4.0,4.0,4.0,4.0
Peshawar,2026-08-14 23:00:00+00:00,4,59.4,79.76,563.34,4.85,91.12,1.15,1.96,0.0,26.3,92,0.05,23,4,14,8,4.0,4.0,4.0,4.0,4.0,4.0,4.0
Peshawar,2026-08-15 00:00:00+00:00,4,59.91,80.98,578.57,4.88,89.31,1.07,1.97,0.0,26.8,94,0.73,0,5,15,8,4.0,4.0,4.0,4.0,4.0,4.0,4.0
Peshawar,2026-08-15 01:00:00+00:00,4,59.56,81.48,589.5,4.77,87.73,1.02,2.02,0.0,25.8,98,2.39,1,5,15,8,4.0,4.0,4.0,4.0,4.0,4.0,4.0
Peshawar,2026-08-15 02:00:00+00:00,4,58.9,81.84,600.26,4.88,85.74,1.03,2.22,0.03,26.0,95,2.02,2,5,15,8,4.0,4.0,4.0,4.0,4.0,4.0,4.0
Peshawar,2026-08-15 03:00:00+00:00,4,58.41,82.73,609.21,4.78,86.42,1.1,2.5,0.25,27.1,84,1.76,3,5,15,8,4.0,4.0,4.0,4.0,4.0,4.0,4.0
Peshawar,2026-08-15 04:00:00+00:00,4,53.37,85.49,518.96,2.63,105.6,1.81,1.53,0.23,28.1,77,1.51,4,5,15,8,4.0,4.0,4.0,4.0,4.0,4.0,4.0
Peshawar,2026-08-15 05:00:00+00:00,4,52.59,88.01,474.63,1.74,115.24,2.01,1.24,0.19,29.6,72,0.63,5,5,15,8,4.0,4.0,4.0,4.0,4.0,4.0,4.0
Peshawar,2026-08-15 06:00:00+00:00,4,55.09,91.14,462.29,1.34,122.62,2.05,1.17,0.15,31.7,64,0.82,6,5,15,8,4.0,4.0,4.0,4.0,4.0,4.0,4.0
Peshawar,2026-08-15 07:00:00+00:00,4,54.94,92.75,418.29,1.04,125.72,2.19,0.86,0.12,32.3,63,1.4,7,5,15,8,4.0,4.0,4.0,4.0,4.0,4.0,4.0
Peshawar,2026-08-15 08:00:00+00:00,4,53.99,92.27,374.86,0.93,123.8,2.24,0.66,0.1,32.8,63,1.25,8,5,15,8,4.0,4.0,4.0,4.0,4.0,4.0,4.0
Peshawar,2026-08-15 09:00:00+00:00,4,54.73,92.51,358.0,0.94,122.71,2.23,0.6,0.1,33.4,62,1.51,9,5,15,8,4.0,4.0,4.0,4.0,4.0,4.0,4.0
Peshawar,2026-08-15 10:00:00+00:00,4,56.62,94.11,356.0,1.21,122.57,2.27,0.87,0.12,34.1,62,1.2,10,5,15,8,4.0,4.0,4.0,4.0,4.0,4.0,4.0
Peshawar,2026-08-15 11:00:00+00:00,4,58.8,96.53,359.28,1.69,122.61,2.34,1.45,0.16,33.8,63,2.11,11,5,15,8,4.0,4.0,4.0,4.0,4.0,4.0,4.0
Peshawar,2026-08-15 12:00:00+00:00,4,60.29,99.08,361.69,2.36,122.74,2.4,2.06,0.16,33.5,63,2.39,12,5,15,8,4.0,4.0,4.0,4.0,4.0,4.0,4.0
Peshawar,2026-08-15 13:00:00+00:00,4,61.96,102.86,374.83,3.89,118.77,2.43,3.02,0.11,32.1,71,2.32,13,5,15,8,4.0,4.0,4.0,4.0,4.0,4.0,4.0
Peshawar,2026-08-15 14:00:00+00:00,4,63.72,106.84,396.18,5.63,109.34,2.38,3.98,0.02,30.8,78,1.24,14,5,15,8,4.0,4.0,4.0,4.0,4.0,4.0,4.0
Peshawar,2026-08-15 15:00:00+00:00,4,65.22,110.46,413.85,6.53,100.33,2.27,4.51,0.0,30.2,78,1.27,15,5,15,8,4.0,4.0,4.0,4.0,4.0,4.0,4.0
Peshawar,2026-08-15 16:00:00+00:00,4,66.0,112.6,425.75,7.11,92.42,2.06,4.69,0.0,29.4,82,1.22,16,5,15,8,4.0,4.0,4.0,4.0,4.0,4.0,4.0
Peshawar,2026-08-15 17:00:00+00:00,4,66.89,114.75,438.27,7.57,86.22,1.88,4.87,0.0,28.8,83,1.7,17,5,15,8,4.0,4.0,4.0,4.0,4.0,4.0,4.0
Peshawar,2026-08-15 18:00:00+00:00,4,67.56,116.58,447.34,7.96,80.58,1.72,4.94,0.0,29.2,84,0.96,18,5,15,8,4.0,4.0,4.0,4.0,4.0,4.0,4.0
Peshawar,2026-08-15 19:00:00+00:00,4,67.45,117.15,447.84,8.29,74.8,1.57,4.87,0.0,28.7,83,2.07,19,5,15,8,4.0,4.0,4.0,4.0,4.0,4.0,4.0
Peshawar,2026-08-15 20:00:00+00:00,4,67.35,117.98,446.85,8.56,69.8,1.47,4.87,0.0,27.9,83,2.01,20,5,15,8,4.0,4.0,4.0,4.0,4.0,4.0,4.0
Peshawar,2026-08-15 21:00:00+00:00,4,67.0,119.11,442.03,8.64,66.36,1.44,4.87,0.0,27.9,84,1.0,21,5,15,8,4.0,4.0,4.0,4.0,4.0,4.0,4.0
Peshawar,2026-08-15 22:00:00+00:00,4,66.49,120.18,434.44,8.66,63.34,1.43,4.88,0.0,27.9,84,0.57,22,5,15,8,4.0,4.0,4.0,4.0,4.0,4.0,4.0
Peshawar,2026-08-15 23:00:00+00:00,4,67.05,121.29,443.46,9.21,58.2,1.36,5.09,0.0,27.9,84,0.6,23,5,15,8,4.0,4.0,4.0,4.0,4.0,4.0,4.0
Peshawar,2026-08-16 00:00:00+00:00,4,67.76,121.92,456.89,9.87,53.52,1.3,5.35,0.0,26.4,95,1.82,0,6,16,8,4.0,4.0,4.0,4.0,4.0,4.0,4.0
Peshawar,2026-08-16 01:00:00+00:00,4,67.87,121.1,469.47,10.38,48.88,1.25,5.51,0.0,26.2,95,3.29,1,6,16,8,4.0,4.0,4.0,4.0,4.0,4.0,4.0
Peshawar,2026-08-16 02:00:00+00:00,4,67.99,121.15,488.91,10.71,44.89,1.21,5.42,0.17,26.8,92,2.29,2,6,16,8,4.0,4.0,4.0,4.0,4.0,4.0,4.0
Peshawar,2026-08-16 03:00:00+00:00,4,68.46,122.75,507.3,9.6,46.47,1.26,5.32,1.19,27.9,85,1.0,3,6,16,8,4.0,4.0,4.0,4.0,4.0,4.0,4.0
Peshawar,2026-08-16 04:00:00+00:00,4,58.71,130.42,331.79,3.2,84.47,3.25,1.71,0.46,29.6,77,0.69,4,6,16,8,4.0,4.0,4.0,4.0,4.0,4.0,4.0
Peshawar,2026-08-16 05:00:00+00:00,4,56.9,127.51,291.55,1.81,97.22,3.38,1.08,0.26,31.3,70,0.45,5,6,16,8,4.0,4.0,4.0,4.0,4.0,4.0,4.0
Peshawar,2026-08-16 06:00:00+00:00,4,58.78,127.05,281.92,1.31,104.87,3.28,0.97,0.18,32.5,65,0.5,6,6,16,8,4.0,4.0,4.0,4.0,4.0,4.0,4.0
Peshawar,2026-08-16 07:00:00+00:00,4,57.11,122.75,260.38,0.98,109.83,3.16,0.72,0.13,33.6,61,1.15,7,6,16,8,4.0,4.0,4.0,4.0,4.0,4.0,4.0
Peshawar,2026-08-16 08:00:00+00:00,4,53.21,114.06,236.42,0.81,111.44,2.85,0.54,0.1,34.2,60,1.75,8,6,16,8,4.0,4.0,4.0,4.0,4.0,4.0,4.0
Peshawar,2026-08-16 09:00:00+00:00,4,51.64,109.63,224.89,0.77,111.85,2.69,0.49,0.09,34.7,58,1.92,9,6,16,8,4.0,4.0,4.0,4.0,4.0,4.0,4.0
Peshawar,2026-08-16 10:00:00+00:00,4,51.94,109.56,222.15,0.88,112.29,2.66,0.59,0.1,34.8,57,2.2,10,6,16,8,4.0,4.0,4.0,4.0,4.0,4.0,4.0
Peshawar,2026-08-16 11:00:00+00:00,4,53.74,113.0,226.06,1.17,110.96,2.74,0.86,0.13,34.5,57,2.79,11,6,16,8,4.0,4.0,4.0,4.0,4.0,4.0,4.0
Peshawar,2026-08-16 12:00:00+00:00,4,54.36,115.38,229.26,1.6,108.88,2.79,1.12,0.13,34.2,60,3.65,12,6,16,8,4.0,4.0,4.0,4.0,4.0,4.0,4.0
Peshawar,2026-08-16 13:00:00+00:00,4,54.95,117.05,244.75,3.01,102.54,2.71,1.93,0.11,33.0,67,2.73,13,6,16,8,4.0,4.0,4.0,4.0,4.0,4.0,4.0
Peshawar,2026-08-16 14:00:00+00:00,4,55.84,118.13,270.87,5.01,93.33,2.55,3.06,0.02,31.5,71,2.47,14,6,16,8,4.0,4.0,4.0,4.0,4.0,4.0,4.0
Peshawar,2026-08-16 15:00:00+00:00,4,56.68,119.29,294.47,6.35,86.41,2.41,3.98,0.0,30.8,71,1.9,15,6,16,8,4.0,4.0,4.0,4.0,4.0,4.0,4.0
Peshawar,2026-08-16 16:00:00+00:00,4,56.68,118.77,312.18,7.29,80.52,2.24,4.7,0.0,30.1,74,1.2,16,6,16,8,4.0,4.0,4.0,4.0,4.0,4.0,4.0
Peshawar,2026-08-16 17:00:00+00:00,4,57.08,119.31,329.64,8.05,75.81,2.08,5.17,0.0,29.6,76,1.45,17,6,16,8,4.0,4.0,4.0,4.0,4.0,4.0,4.0
Peshawar,2026-08-16 18:00:00+00:00,4,57.51,120.18,343.78,8.73,71.36,1.93,5.43,0.0,30.0,77,1.07,18,6,16,8,4.0,4.0,4.0,4.0,4.0,4.0,4.0
Peshawar,2026-08-16 19:00:00+00:00,4,57.42,120.04,351.79,9.29,66.36,1.75,5.53,0.0,29.2,81,1.8,19,6,16,8,4.0,4.0,4.0,4.0,4.0,4.0,4.0
Peshawar,2026-08-16 20:00:00+00:00,4,57.35,120.03,357.75,9.74,61.68,1.61,5.63,0.0,28.3,83,2.85,20,6,16,8,4.0,4.0,4.0,4.0,4.0,4.0,4.0
Peshawar,2026-08-16 21:00:00+00:00,4,56.99,120.35,357.38,9.78,58.58,1.54,5.51,0.0,26.0,92,3.33,21,6,16,8,4.0,4.0,4.0,4.0,4.0,4.0,4.0
Peshawar,2026-08-16 22:00:00+00:00,4,56.38,120.91,349.52,9.35,57.58,1.54,5.12,0.0,26.0,93,1.57,22,6,16,8,4.0,4.0,4.0,4.0,4.0,4.0,4.0
Peshawar,2026-08-16 23:00:00+00:00,4,56.49,121.52,352.01,9.34,55.71,1.52,4.99,0.0,25.8,96,1.05,23,6,16,8,4.0,4.0,4.0,4.0,4.0,4.0,4.0
Peshawar,2026-08-17 00:00:00+00:00,4,56.61,122.39,355.38,9.16,54.99,1.58,4.97,0.0,25.9,97,1.38,0,0,17,8,4.0,4.0,4.0,4.0,4.0,4.0,4.0
Peshawar,2026-08-17 01:00:00+00:00,4,55.91,120.53,356.31,8.76,54.71,1.69,5.03,0.0,25.7,99,1.03,1,0,17,8,4.0,4.0,4.0,4.0,4.0,4.0,4.0
Peshawar,2026-08-17 02:00:00+00:00,4,55.48,118.0,368.52,8.77,53.23,1.73,4.69,0.11,26.5,97,0.05,2,0,17,8,4.0,4.0,4.0,4.0,4.0,4.0,4.0
Peshawar,2026-08-17 03:00:00+00:00,4,55.28,116.76,382.19,8.21,53.92,1.8,4.26,0.76,28.0,87,0.67,3,0,17,8,4.0,4.0,4.0,4.0,4.0,4.0,4.0
Peshawar,2026-08-17 04:00:00+00:00,4,54.11,118.34,352.8,5.92,62.97,2.27,3.52,0.76,29.8,77,0.25,4,0,17,8,4.0,4.0,4.0,4.0,4.0,4.0,4.0
Peshawar,2026-08-17 05:00:00+00:00,4,56.73,121.48,344.14,4.37,74.99,2.45,3.33,0.69,31.1,73,1.15,5,0,17,8,4.0,4.0,4.0,4.0,4.0,4.0,4.0
Peshawar,2026-08-17 06:00:00+00:00,4,64.94,129.86,334.87,2.9,92.84,2.55,3.1,0.43,32.0,70,1.2,6,0,17,8,4.0,4.0,4.0,4.0,4.0,4.0,4.0
Peshawar,2026-08-17 07:00:00+00:00,4,62.28,129.09,268.72,1.4,103.53,2.94,1.54,0.19,32.6,66,1.65,7,0,17,8,4.0,4.0,4.0,4.0,4.0,4.0,4.0
Peshawar,2026-08-17 08:00:00+00:00,4,58.26,120.99,238.99,1.0,106.28,2.71,0.99,0.14,33.4,63,1.36,8,0,17,8,4.0,4.0,4.0,4.0,4.0,4.0,4.0
Peshawar,2026-08-17 09:00:00+00:00,4,57.06,117.2,230.65,0.94,108.34,2.56,0.88,0.13,34.1,61,1.65,9,0,17,8,4.0,4.0,4.0,4.0,4.0,4.0,4.0
Peshawar,2026-08-17 10:00:00+00:00,4,57.1,116.72,230.14,1.04,110.73,2.53,0.95,0.13,34.4,60,1.65,10,0,17,8,4.0,4.0,4.0,4.0,4.0,4.0,4.0
Peshawar,2026-08-17 11:00:00+00:00,4,57.16,115.61,233.73,1.37,111.36,2.57,1.2,0.13,34.6,59,1.55,11,0,17,8,4.0,4.0,4.0,4.0,4.0,4.0,4.0
Peshawar,2026-08-17 12:00:00+00:00,4,56.33,113.1,238.22,1.92,110.23,2.61,1.46,0.12,33.8,64,3.47,12,0,17,8,4.0,4.0,4.0,4.0,4.0,4.0,4.0
Peshawar,2026-08-17 13:00:00+00:00,4,56.44,112.83,250.08,3.0,106.74,2.59,1.92,0.07,32.4,73,3.1,13,0,17,8,4.0,4.0,4.0,4.0,4.0,4.0,4.0
Peshawar,2026-08-17 14:00:00+00:00,4,57.88,114.72,268.58,4.28,101.7,2.54,2.58,0.01,31.1,77,2.91,14,0,17,8,4.0,4.0,4.0,4.0,4.0,4.0,4.0
Peshawar,2026-08-17 15:00:00+00:00,4,58.73,116.02,284.09,5.01,97.09,2.46,3.14,0.0,30.5,77,2.68,15,0,17,8,4.0,4.0,4.0,4.0,4.0,4.0,4.0
Peshawar,2026-08-17 16:00:00+00:00,4,58.41,115.04,294.27,5.44,92.46,2.31,3.55,0.0,29.8,79,2.22,16,0,17,8,4.0,4.0,4.0,4.0,4.0,4.0,4.0
Peshawar,2026-08-17 17:00:00+00:00,4,57.77,113.91,303.89,5.76,88.73,2.18,3.86,0.0,28.6,85,2.33,17,0,17,8,4.0,4.0,4.0,4.0,4.0,4.0,4.0
Peshawar,2026-08-17 18:00:00+00:00,4,56.64,112.56,309.62,6.0,85.41,2.08,4.02,0.0,27.6,92,2.48,18,0,17,8,4.0,4.0,4.0,4.0,4.0,4.0,4.0
Peshawar,2026-08-17 19:00:00+00:00,4,54.99,110.34,309.4,6.15,81.63,2.03,4.02,0.0,27.2,93,2.14,19,0,17,8,4.0,4.0,4.0,4.0,4.0,4.0,4.0
Peshawar,2026-08-17 20:00:00+00:00,4,53.83,108.66,311.35,6.27,77.97,2.01,3.97,0.0,26.8,92,2.86,20,0,17,8,4.0,4.0,4.0,4.0,4.0,4.0,4.0
Peshawar,2026-08-17 21:00:00+00:00,4,52.92,107.78,313.86,6.32,74.91,2.04,3.9,0.0,25.8,95,2.65,21,0,17,8,4.0,4.0,4.0,4.0,4.0,4.0,4.0
Peshawar,2026-08-17 22:00:00+00:00,4,51.98,106.47,315.93,6.25,72.43,2.17,3.74,0.0,24.8,98,2.22,22,0,17,8,4.0,4.0,4.0,4.0,4.0,4.0,4.0
Peshawar,2026-08-17 23:00:00+00:00,4,51.02,102.76,319.89,6.16,71.08,2.26,3.32,0.0,24.8,98,0.85,23,0,17,8,4.0,4.0,4.0,4.0,4.0,4.0,4.0
Quetta,2026-07-25 00:00:00+00:00,4,31.69,127.18,99.44,0.88,71.24,0.14,4.8,0.0,20.7,86,1.42,0,5,25,7,4.0,4.0,4.0,4.0,4.0,4.0,4.25
Quetta,2026-07-25 01:00:00+00:00,4,31.86,130.54,99.39,0.91,69.1,0.14,4.78,0.0,20.2,89,1.3,1,5,25,7,4.0,4.0,4.0,5.0,4.0,4.0,4.25
Quetta,2026-07-25 02:00:00+00:00,4,32.43,139.33,99.25,1.0,69.79,0.14,4.59,0.01,21.8,80,1.26,2,5,25,7,4.0,4.0,4.0,5.0,4.0,4.0,4.208333333333333
Quetta,2026-07-25 03:00:00+00:00,4,33.97,160.44,97.91,0.89,75.71,0.16,3.85,0.1,24.8,59,0.54,3,5,25,7,4.0,4.0,4.0,5.0,4.0,4.0,4.166666666666667
Quetta,2026-07-25 04:00:00+00:00,4,34.95,198.36,84.93,0.23,103.8,0.21,0.9,0.03,27.7,36,0.32,4,5,25,7,4.0,4.0,4.0,5.0,4.0,4.0,4.125
Quetta,2026-07-25 05:00:00+00:00,4,31.83,178.76,82.76,0.15,105.73,0.21,0.68,0.03,30.0,22,0.54,5,5,25,7,4.0,4.0,4.0,5.0,4.0,4.0,4.083333333333333
Quetta,2026-07-25 06:00:00+00:00,4,30.18,166.03,82.24,0.13,104.77,0.21,0.62,0.02,31.4,17,1.46,6,5,25,7,4.0,4.0,4.0,5.0,4.0,4.0,4.041666666666667
Quetta,2026-07-25 07:00:00+00:00,4,28.57,152.41,83.08,0.12,104.87,0.23,0.44,0.02,32.7,14,2.7,7,5,25,7,4.0,4.0,4.0,4.0,4.0,4.0,4.0
Quetta,2026-07-25 08:00:00+00:00,4,26.87,137.62,83.06,0.13,103.85,0.26,0.34,0.02,33.2,15,3.08,8,5,25,7,4.0,4.0,4.0,4.0,4.0,4.0,4.0
Quetta,2026-07-25 09:00:00+00:00,4,25.85,128.84,84.07,0.15,102.51,0.29,0.32,0.02,33.8,14,2.83,9,5,25,7,4.0,4.0,4.0,4.0,4.0,4.0,4.0
Quetta,2026-07-25 10:00:00+00:00,4,25.15,123.31,84.91,0.16,103.12,0.31,0.31,0.02,34.3,14,2.45,10,5,25,7,4.0,4.0,4.0,4.0,4.0,4.0,4.0
Quetta,2026-07-25 11:00:00+00:00,4,24.23,117.13,84.84,0.17,103.92,0.32,0.3,0.02,34.5,14,3.36,11,5,25,7,4.0,4.0,4.0,4.0,4.0,4.0,4.0
Quetta,2026-07-25 12:00:00+00:00,4,23.31,110.79,85.39,0.19,105.07,0.33,0.31,0.02,34.2,13,3.85,12,5,25,7,4.0,4.0,4.0,4.0,4.0,4.0,4.0
Quetta,2026-07-25 13:00:00+00:00,4,22.73,106.15,86.18,0.24,106.37,0.35,0.36,0.02,33.1,14,2.69,13,5,25,7,4.0,4.0,4.0,4.0,4.0,4.0,4.0
Quetta,2026-07-25 14:00:00+00:00,4,22.71,104.85,85.91,0.32,106.49,0.34,0.44,0.01,31.2,20,1.88,14,5,25,7,4.0,4.0,4.0,4.0,4.0,4.0,4.0
Quetta,2026-07-25 15:00:00+00:00,4,22.82,104.98,84.15,0.36,106.26,0.33,0.51,0.0,26.8,55,4.2,15,5,25,7,4.0,4.0,4.0,4.0,4.0,4.0,4.0
Quetta,2026-07-25 16:00:00+00:00,3,22.71,99.36,89.04,0.48,101.61,0.34,1.45,0.0,25.1,64,3.55,16,5,25,7,4.0,4.0,4.0,4.0,4.0,4.0,4.0
Quetta,2026-07-25 17:00:00+00:00,3,22.88,93.39,97.24,0.67,95.71,0.33,2.71,0.0,24.5,67,3.61,17,5,25,7,3.0,4.0,4.0,4.0,3.6666666666666665,3.8333333333333335,3.9583333333333335
Quetta,2026-07-25 18:00:00+00:00,3,23.16,90.71,102.55,0.82,90.92,0.3,3.61,0.0,24.2,68,3.16,18,5,25,7,3.0,4.0,4.0,4.0,3.333333333333333,3.6666666666666665,3.9166666666666665
Quetta,2026-07-25 19:00:00+00:00,3,23.32,88.68,105.95,0.88,86.28,0.28,4.15,0.0,23.5,70,3.29,19,5,25,7,3.0,3.0,4.0,4.0,3.0,3.5,3.875
Quetta,2026-07-25 20:00:00+00:00,3,23.83,88.47,109.93,0.85,84.08,0.26,4.22,0.0,22.9,74,2.97,20,5,25,7,3.0,3.0,4.0,4.0,3.0,3.333333333333333,3.8333333333333335
Quetta,2026-07-25 21:00:00+00:00,3,24.33,88.84,113.93,0.76,83.93,0.25,3.99,0.0,22.3,77,2.58,21,5,25,7,3.0,3.0,4.0,4.0,3.0,3.1666666666666665,3.7916666666666665
Quetta,2026-07-25 22:00:00+00:00,3,24.74,89.96,116.16,0.62,87.0,0.28,3.24,0.0,21.7,80,2.42,22,5,25,7,3.0,3.0,3.0,4.0,3.0,3.0,3.75
Quetta,2026-07-25 23:00:00+00:00,3,25.15,89.45,116.73,0.6,85.94,0.24,3.2,0.0,21.3,82,2.25,23,5,25,7,3.0,3.0,3.0,4.0,3.0,3.0,3.7083333333333335
Quetta,2026-07-26 00:00:00+00:00,3,25.51,89.71,117.02,0.6,83.74,0.21,3.29,0.0,21.2,86,1.32,0,6,26,7,3.0,3.0,3.0,4.0,3.0,3.0,3.6666666666666665
Quetta,2026-07-26 01:00:00+00:00,3,25.76,91.16,117.09,0.63,81.66,0.19,3.34,0.0,20.6,90,1.44,1,6,26,7,3.0,3.0,3.0,4.0,3.0,3.0,3.625
Quetta,2026-07-26 02:00:00+00:00,3,26.28,96.23,116.76,0.7,81.16,0.19,3.22,0.01,21.8,83,1.71,2,6,26,7,3.0,3.0,3.0,4.0,3.0,3.0,3.583333333333333
Quetta,2026-07-26 03:00:00+00:00,4,27.1,105.71,115.66,0.64,83.49,0.21,2.69,0.08,24.4,66,0.92,3,6,26,7,3.0,3.0,3.0,4.0,3.0,3.0,3.5416666666666665
Quetta,2026-07-26 04:00:00+00:00,4,27.46,123.06,96.72,0.17,97.11,0.27,0.95,0.02,26.8,50,0.27,4,6,26,7,4.0,3.0,3.0,4.0,3.333333333333333,3.1666666666666665,3.5416666666666665
Quetta,2026-07-26 05:00:00+00:00,4,26.29,118.14,95.93,0.12,97.85,0.26,0.9,0.02,29.3,33,0.82,5,6,26,7,4.0,3.0,3.0,4.0,3.6666666666666665,3.333333333333333,3.5416666666666665
Quetta,2026-07-26 06:00:00+00:00,4,25.42,112.99,97.38,0.11,97.17,0.25,0.96,0.02,30.7,25,1.35,6,6,26,7,4.0,4.0,3.0,4.0,4.0,3.5,3.5416666666666665
Quetta,2026-07-26 07:00:00+00:00,4,22.72,104.78,90.92,0.1,105.59,0.22,0.7,0.02,32.6,20,1.7,7,6,26,7,4.0,4.0,3.0,4.0,4.0,3.6666666666666665,3.5416666666666665
Quetta,2026-07-26 08:00:00+00:00,3,19.02,88.41,84.57,0.11,112.33,0.18,0.55,0.02,33.9,17,1.48,8,6,26,7,4.0,4.0,3.0,4.0,4.0,3.8333333333333335,3.5416666666666665
Quetta,2026-07-26 09:00:00+00:00,3,17.12,79.01,82.63,0.12,114.59,0.16,0.53,0.02,33.8,16,0.95,9,6,26,7,3.0,4.0,4.0,4.0,3.6666666666666665,3.8333333333333335,3.5
Quetta,2026-07-26 10:00:00+00:00,3,15.86,73.5,80.16,0.12,117.72,0.14,0.47,0.02,34.2,15,1.08,10,6,26,7,3.0,4.0,4.0,4.0,3.333333333333333,3.6666666666666665,3.458333333333333
Quetta,2026-07-26 11:00:00+00:00,3,14.87,69.13,78.69,0.13,119.22,0.13,0.45,0.02,34.6,13,1.72,11,6,26,7,3.0,3.0,4.0,4.0,3.0,3.5,3.4166666666666665
Quetta,2026-07-26 12:00:00+00:00,3,14.23,65.85,79.32,0.15,119.77,0.12,0.47,0.02,33.8,13,1.95,12,6,26,7,3.0,3.0,4.0,4.0,3.0,3.333333333333333,3.375
Quetta,2026-07-26 13:00:00+00:00,3,14.39,63.04,85.52,0.25,117.23,0.14,0.89,0.02,33.0,15,1.92,13,6,26,7,3.0,3.0,4.0,4.0,3.0,3.1666666666666665,3.333333333333333
Quetta,2026-07-26 14:00:00+00:00,3,14.82,61.37,90.84,0.41,112.33,0.15,1.46,0.01,31.6,19,2.15,14,6,26,7,3.0,3.0,3.0,4.0,3.0,3.0,3.2916666666666665
Quetta,2026-07-26 15:00:00+00:00,3,15.09,61.45,92.0,0.52,108.04,0.15,1.87,0.0,28.8,41,2.7,15,6,26,7,3.0,3.0,3.0,4.0,3.0,3.0,3.25
Quetta,2026-07-26 16:00:00+00:00,3,15.49,60.53,97.31,0.65,102.02,0.16,2.64,0.0,26.1,61,3.23,16,6,26,7,3.0,3.0,3.0,3.0,3.0,3.0,3.208333333333333
Quetta,2026-07-26 17:00:00+00:00,3,16.15,60.39,104.59,0.82,96.26,0.17,3.53,0.0,24.8,67,2.36,17,6,26,7,3.0,3.0,3.0,3.0,3.0,3.0,3.208333333333333
Quetta,2026-07-26 18:00:00+00:00,3,16.88,61.76,108.21,0.95,91.65,0.16,4.3,0.0,24.0,71,2.4,18,6,26,7,3.0,3.0,3.0,3.0,3.0,3.0,3.208333333333333
Quetta,2026-07-26 19:00:00+00:00,3,17.42,62.68,108.43,0.98,87.02,0.15,4.58,0.0,23.4,75,2.86,19,6,26,7,3.0,3.0,3.0,3.0,3.0,3.0,3.208333333333333
Quetta,2026-07-26 20:00:00+00:00,3,18.07,63.44,108.98,0.91,84.73,0.14,4.15,0.0,22.9,77,2.4,20,6,26,7,3.0,3.0,3.0,3.0,3.0,3.0,3.208333333333333
Quetta,2026-07-26 21:00:00+00:00,3,18.62,64.24,108.5,0.77,84.61,0.13,3.82,0.0,22.2,80,1.84,21,6,26,7,3.0,3.0,3.0,3.0,3.0,3.0,3.208333333333333
Quetta,2026-07-26 22:00:00+00:00,3,19.37,68.2,104.58,0.58,86.2,0.13,3.24,0.0,22.0,81,1.63,22,6,26,7,3.0,3.0,3.0,3.0,3.0,3.0,3.208333333333333
Quetta,2026-07-26 23:00:00+00:00,3,20.19,71.29,99.04,0.5,85.14,0.12,2.99,0.0,22.7,75,1.26,23,6,26,7,3.0,3.0,3.0,3.0,3.0,3.0,3.208333333333333
Quetta,2026-07-27 00:00:00+00:00,3,21.09,74.84,94.5,0.46,83.2,0.12,2.89,0.0,22.6,74,1.2,0,0,27,7,3.0,3.0,3.0,3.0,3.0,3.0,3.208333333333333
Quetta,2026-07-27 01:00:00+00:00,3,22.1,79.71,91.13,0.46,81.57,0.12,2.81,0.0,22.8,73,1.05,1,0,27,7,3.0,3.0,3.0,3.0,3.0,3.0,3.208333333333333
Quetta,2026-07-27 02:00:00+00:00,3,23.47,88.17,89.36,0.53,81.04,0.12,2.57,0.01,23.8,66,0.96,2,0,27,7,3.0,3.0,3.0,3.0,3.0,3.0,3.208333333333333
Quetta,2026-07-27 03:00:00+00:00,4,25.45,101.99,88.08,0.5,82.76,0.14,2.05,0.05,25.9,53,0.81,3,0,27,7,3.0,3.0,3.0,4.0,3.0,3.0,3.208333333333333
Quetta,2026-07-27 04:00:00+00:00,4,27.6,121.48,83.01,0.22,89.25,0.17,1.01,0.03,28.1,41,0.68,4,0,27,7,4.0,3.0,3.0,4.0,3.333333333333333,3.1666666666666665,3.208333333333333
Quetta,2026-07-27 05:00:00+00:00,4,27.84,125.67,80.74,0.15,89.89,0.17,0.82,0.03,30.5,27,1.22,5,0,27,7,4.0,3.0,3.0,4.0,3.6666666666666665,3.333333333333333,3.208333333333333
Quetta,2026-07-27 06:00:00+00:00,4,27.69,127.05,78.5,0.12,89.52,0.17,0.69,0.02,32.3,20,1.75,6,0,27,7,4.0,4.0,3.0,4.0,4.0,3.5,3.208333333333333
Quetta,2026-07-27 07:00:00+00:00,4,22.85,103.95,76.17,0.1,100.64,0.25,0.3,0.02,33.9,16,2.56,7,0,27,7,4.0,4.0,3.0,4.0,4.0,3.6666666666666665,3.208333333333333
Quetta,2026-07-27 08:00:00+00:00,3,20.57,89.17,74.9,0.11,103.2,0.29,0.18,0.02,34.9,14,2.98,8,0,27,7,4.0,4.0,3.0,3.0,4.0,3.8333333333333335,3.208333333333333
Quetta,2026-07-27 09:00:00+00:00,3,19.92,84.46,74.01,0.14,102.54,0.29,0.15,0.01,35.4,14,2.67,9,0,27,7,3.0,4.0,4.0,3.0,3.6666666666666665,3.8333333333333335,3.208333333333333
Quetta,2026-07-27 10:00:00+00:00,3,19.78,83.25,74.51,0.15,102.5,0.29,0.13,0.01,35.5,13,2.44,10,0,27,7,3.0,4.0,4.0,3.0,3.333333333333333,3.6666666666666665,3.208333333333333
Quetta,2026-07-27 11:00:00+00:00,3,19.76,82.99,74.46,0.15,101.69,0.28,0.13,0.02,35.4,13,2.21,11,0,27,7,3.0,3.0,4.0,3.0,3.0,3.5,3.208333333333333
Quetta,2026-07-27 12:00:00+00:00,3,19.78,83.2,74.42,0.16,101.35,0.28,0.13,0.02,35.0,12,2.33,12,0,27,7,3.0,3.0,4.0,3.0,3.0,3.333333333333333,3.208333333333333
Quetta,2026-07-27 13:00:00+00:00,3,19.98,83.33,75.02,0.22,100.81,0.28,0.25,0.02,34.2,13,2.47,13,0,27,7,3.0,3.0,4.0,3.0,3.0,3.1666666666666665,3.208333333333333
Quetta,2026-07-27 14:00:00+00:00,3,20.34,83.63,76.16,0.31,99.71,0.28,0.47,0.01,32.9,15,3.0,14,0,27,7,3.0,3.0,3.0,3.0,3.0,3.0,3.208333333333333
Quetta,2026-07-27 15:00:00+00:00,3,20.69,84.49,77.14,0.34,99.01,0.29,0.67,0.0,31.5,17,1.66,15,0,27,7,3.0,3.0,3.0,3.0,3.0,3.0,3.208333333333333
Quetta,2026-07-27 16:00:00+00:00,3,20.84,82.29,78.68,0.44,96.17,0.29,1.15,0.0,30.6,19,0.35,16,0,27,7,3.0,3.0,3.0,3.0,3.0,3.0,3.208333333333333
Quetta,2026-07-27 17:00:00+00:00,3,20.96,79.55,81.29,0.6,91.91,0.29,1.87,0.0,29.5,19,0.8,17,0,27,7,3.0,3.0,3.0,3.0,3.0,3.0,3.208333333333333
Quetta,2026-07-27 18:00:00+00:00,3,21.03,78.09,83.56,0.74,88.13,0.29,2.43,0.0,28.9,20,0.72,18,0,27,7,3.0,3.0,3.0,3.0,3.0,3.0,3.208333333333333
Quetta,2026-07-27 19:00:00+00:00,3,20.88,76.9,84.33,0.79,85.04,0.28,2.79,0.0,27.5,23,0.57,19,0,27,7,3.0,3.0,3.0,3.0,3.0,3.0,3.208333333333333
Quetta,2026-07-27 20:00:00+00:00,3,20.77,76.11,84.51,0.76,83.81,0.28,2.93,0.0,26.1,30,0.84,20,0,27,7,3.0,3.0,3.0,3.0,3.0,3.0,3.208333333333333
Quetta,2026-07-27 21:00:00+00:00,3,20.66,75.66,84.2,0.71,83.24,0.26,2.98,0.0,25.0,38,0.83,21,0,27,7,3.0,3.0,3.0,3.0,3.0,3.0,3.208333333333333
Quetta,2026-07-27 22:00:00+00:00,3,20.52,75.77,83.33,0.65,83.08,0.25,2.94,0.0,24.1,43,0.76,22,0,27,7,3.0,3.0,3.0,3.0,3.0,3.0,3.208333333333333
Quetta,2026-07-27 23:00:00+00:00,3,20.61,78.15,82.67,0.58,84.76,0.24,2.83,0.0,23.3,44,0.67,23,0,27,7,3.0,3.0,3.0,3.0,3.0,3.0,3.208333333333333
Quetta,2026-07-28 00:00:00+00:00,3,21.03,84.14,81.88,0.5,88.49,0.22,2.61,0.0,23.7,38,0.36,0,1,28,7,3.0,3.0,3.0,3.0,3.0,3.0,3.208333333333333
Quetta,2026-07-28 01:00:00+00:00,3,21.63,93.64,80.62,0.42,92.94,0.21,2.26,0.0,23.2,37,0.58,1,1,28,7,3.0,3.0,3.0,3.0,3.0,3.0,3.208333333333333
Quetta,2026-07-28 02:00:00+00:00,4,22.26,100.56,81.39,0.51,94.53,0.19,2.09,0.01,25.0,32,0.87,2,1,28,7,3.0,3.0,3.0,3.0,3.0,3.0,3.208333333333333
Quetta,2026-07-28 03:00:00+00:00,4,22.65,106.59,83.19,0.55,96.0,0.18,1.87,0.06,28.2,25,0.38,3,1,28,7,4.0,3.0,3.0,4.0,3.333333333333333,3.1666666666666665,3.25
Quetta,2026-07-28 04:00:00+00:00,4,23.01,116.29,81.9,0.31,100.89,0.16,1.25,0.05,30.9,17,1.46,4,1,28,7,4.0,3.0,3.0,4.0,3.6666666666666665,3.333333333333333,3.25
Quetta,2026-07-28 05:00:00+00:00,4,23.98,126.41,81.63,0.21,101.19,0.14,1.1,0.04,32.5,14,1.48,5,1,28,7,4.0,4.0,3.0,4.0,4.0,3.5,3.25
Quetta,2026-07-28 06:00:00+00:00,4,26.25,145.24,81.31,0.15,100.17,0.12,0.94,0.03,33.7,12,1.72,6,1,28,7,4.0,4.0,3.0,4.0,4.0,3.6666666666666665,3.25
Quetta,2026-07-28 07:00:00+00:00,4,27.35,158.84,79.82,0.08,103.49,0.09,0.4,0.02,35.0,11,1.69,7,1,28,7,4.0,4.0,3.0,4.0,4.0,3.8333333333333335,3.25
Quetta,2026-07-28 08:00:00+00:00,4,26.02,149.8,77.88,0.09,105.16,0.08,0.32,0.02,35.8,11,1.27,8,1,28,7,4.0,4.0,4.0,3.0,4.0,4.0,3.25
Quetta,2026-07-28 09:00:00+00:00,4,25.92,146.9,76.84,0.09,105.36,0.07,0.31,0.02,36.5,10,1.33,9,1,28,7,4.0,4.0,4.0,3.0,4.0,4.0,3.2916666666666665
Quetta,2026-07-28 10:00:00+00:00,4,26.93,150.56,76.92,0.1,106.37,0.07,0.31,0.02,36.7,10,2.09,10,1,28,7,4.0,4.0,4.0,3.0,4.0,4.0,3.333333333333333
Quetta,2026-07-28 11:00:00+00:00,4,28.28,156.23,76.66,0.11,106.94,0.06,0.31,0.02,36.2,10,3.19,11,1,28,7,4.0,4.0,4.0,3.0,4.0,4.0,3.375
Quetta,2026-07-28 12:00:00+00:00,4,29.73,162.67,76.77,0.12,107.77,0.06,0.33,0.02,35.6,10,4.02,12,1,28,7,4.0,4.0,4.0,3.0,4.0,4.0,3.4166666666666665
Quetta,2026-07-28 13:00:00+00:00,4,31.67,170.31,78.24,0.19,107.92,0.06,0.52,0.02,34.7,10,3.42,13,1,28,7,4.0,4.0,4.0,3.0,4.0,4.0,3.458333333333333
Quetta,2026-07-28 14:00:00+00:00,4,34.04,178.47,80.49,0.29,106.64,0.07,0.82,0.01,33.6,10,2.66,14,1,28,7,4.0,4.0,4.0,3.0,4.0,4.0,3.5
Quetta,2026-07-28 15:00:00+00:00,4,36.52,188.64,82.49,0.35,105.19,0.07,1.06,0.0,31.7,12,1.31,15,1,28,7,4.0,4.0,4.0,3.0,4.0,4.0,3.5416666666666665
Quetta,2026-07-28 16:00:00+00:00,4,37.99,186.49,85.89,0.48,100.18,0.08,1.86,0.0,30.1,17,1.1,16,1,28,7,4.0,4.0,4.0,3.0,4.0,4.0,3.583333333333333
Quetta,2026-07-28 17:00:00+00:00,4,39.05,182.17,90.3,0.7,93.69,0.1,2.9,0.0,28.7,31,1.38,17,1,28,7,4.0,4.0,4.0,3.0,4.0,4.0,3.625
Quetta,2026-07-28 18:00:00+00:00,4,39.98,182.94,93.27,0.89,88.48,0.11,3.76,0.0,27.6,38,1.38,18,1,28,7,4.0,4.0,4.0,3.0,4.0,4.0,3.6666666666666665
Quetta,2026-07-28 19:00:00+00:00,4,40.38,184.16,93.97,0.99,84.53,0.11,4.71,0.0,25.7,50,1.76,19,1,28,7,4.0,4.0,4.0,3.0,4.0,4.0,3.7083333333333335
Quetta,2026-07-28 20:00:00+00:00,4,40.76,187.16,94.03,0.98,82.25,0.1,5.43,0.0,24.6,57,1.94,20,1,28,7,4.0,4.0,4.0,3.0,4.0,4.0,3.75
Quetta,2026-07-28 21:00:00+00:00,4,40.9,190.24,94.05,0.95,81.0,0.1,5.98,0.0,23.4,65,1.79,21,1,28,7,4.0,4.0,4.0,3.0,4.0,4.0,3.7916666666666665
Quetta,2026-07-28 22:00:00+00:00,4,40.95,193.34,93.27,0.88,80.2,0.1,6.19,0.0,22.5,72,1.68,22,1,28,7,4.0,4.0,4.0,3.0,4.0,4.0,3.8333333333333335
Quetta,2026-07-28 23:00:00+00:00,4,41.51,197.27,92.67,0.82,79.19,0.09,5.93,0.0,21.8,79,1.75,23,1,28,7,4.0,4.0,4.0,3.0,4.0,4.0,3.875
Quetta,2026-07-29 00:00:00+00:00,5,42.13,200.59,92.11,0.78,78.55,0.09,5.49,0.0,21.9,76,1.35,0,2,29,7,4.0,4.0,4.0,3.0,4.0,4.0,3.9166666666666665
Quetta,2026-07-29 01:00:00+00:00,5,42.48,202.74,90.8,0.74,79.41,0.09,4.71,0.0,21.6,78,1.07,1,2,29,7,5.0,4.0,4.0,3.0,4.333333333333333,4.166666666666667,4.0
Quetta,2026-07-29 02:00:00+00:00,5,42.26,203.83,90.04,0.76,83.54,0.09,3.7,0.01,23.4,68,1.24,2,2,29,7,5.0,4.0,4.0,4.0,4.666666666666667,4.333333333333333,4.083333333333333
Quetta,2026-07-29 03:00:00+00:00,5,40.99,206.39,88.4,0.67,91.77,0.09,2.6,0.05,27.4,43,0.91,3,2,29,7,5.0,5.0,4.0,4.0,5.0,4.5,4.125
Quetta,2026-07-29 04:00:00+00:00,5,40.12,219.33,82.82,0.34,103.91,0.08,1.48,0.05,30.3,30,0.1,4,2,29,7,5.0,5.0,4.0,4.0,5.0,4.666666666666667,4.166666666666667
Quetta,2026-07-29 05:00:00+00:00,5,40.05,221.66,80.81,0.25,105.62,0.08,1.28,0.05,32.6,18,1.17,5,2,29,7,5.0,5.0,4.0,4.0,5.0,4.833333333333333,4.208333333333333
Quetta,2026-07-29 06:00:00+00:00,5,41.55,233.76,78.11,0.18,107.74,0.08,1.04,0.04,33.8,11,2.3,6,2,29,7,5.0,5.0,5.0,4.0,5.0,5.0,4.25
Quetta,2026-07-29 07:00:00+00:00,5,40.46,246.41,72.32,0.1,119.69,0.07,0.39,0.02,35.1,9,2.98,7,2,29,7,5.0,5.0,5.0,4.0,5.0,5.0,4.291666666666667
Quetta,2026-07-29 08:00:00+00:00,5,35.69,216.21,68.95,0.12,122.79,0.07,0.27,0.02,35.9,9,3.43,8,2,29,7,5.0,5.0,5.0,4.0,5.0,5.0,4.333333333333333
Quetta,2026-07-29 09:00:00+00:00,4,33.32,197.99,67.33,0.13,122.87,0.07,0.24,0.02,36.2,8,3.9,9,2,29,7,5.0,5.0,5.0,4.0,5.0,5.0,4.375
Quetta,2026-07-29 10:00:00+00:00,4,32.27,188.07,66.99,0.14,123.57,0.08,0.23,0.02,36.2,7,4.1,10,2,29,7,4.0,5.0,5.0,4.0,4.666666666666667,4.833333333333333,4.375
Quetta,2026-07-29 11:00:00+00:00,4,31.51,180.47,66.67,0.14,122.93,0.08,0.23,0.02,35.7,7,4.31,11,2,29,7,4.0,5.0,5.0,4.0,4.333333333333333,4.666666666666667,4.375
Quetta,2026-07-29 12:00:00+00:00,4,31.06,174.98,66.8,0.15,122.33,0.08,0.23,0.02,34.9,7,4.1,12,2,29,7,4.0,4.0,5.0,4.0,4.0,4.5,4.375
Quetta,2026-07-29 13:00:00+00:00,4,31.24,169.63,68.45,0.28,120.09,0.08,0.46,0.02,33.8,8,3.13,13,2,29,7,4.0,4.0,5.0,4.0,4.0,4.333333333333333,4.375
Quetta,2026-07-29 14:00:00+00:00,4,31.9,166.17,70.79,0.46,116.39,0.09,0.84,0.01,32.5,9,2.12,14,2,29,7,4.0,4.0,5.0,4.0,4.0,4.166666666666667,4.375
Quetta,2026-07-29 15:00:00+00:00,4,32.76,167.35,72.37,0.55,113.39,0.09,1.14,0.0,30.4,11,0.74,15,2,29,7,4.0,4.0,4.0,4.0,4.0,4.0,4.375
Quetta,2026-07-29 16:00:00+00:00,4,33.34,164.86,73.64,0.63,108.94,0.1,1.72,0.0,29.5,12,0.18,16,2,29,7,4.0,4.0,4.0,4.0,4.0,4.0,4.375
Quetta,2026-07-29 17:00:00+00:00,4,34.18,164.41,75.6,0.74,104.13,0.11,2.42,0.0,28.2,12,0.67,17,2,29,7,4.0,4.0,4.0,4.0,4.0,4.0,4.375
Quetta,2026-07-29 18:00:00+00:00,4,35.42,170.32,76.79,0.81,100.89,0.11,2.86,0.0,27.5,12,0.83,18,2,29,7,4.0,4.0,4.0,4.0,4.0,4.0,4.375
Quetta,2026-07-29 19:00:00+00:00,4,36.61,178.94,75.95,0.81,98.19,0.11,3.13,0.0,26.4,14,0.49,19,2,29,7,4.0,4.0,4.0,4.0,4.0,4.0,4.375
Quetta,2026-07-29 20:00:00+00:00,4,37.94,186.7,75.45,0.8,96.16,0.1,3.36,0.0,25.1,14,0.72,20,2,29,7,4.0,4.0,4.0,4.0,4.0,4.0,4.375
Quetta,2026-07-29 21:00:00+00:00,4,39.31,197.0,74.8,0.77,95.49,0.1,3.54,0.0,24.1,15,0.95,21,2,29,7,4.0,4.0,4.0,4.0,4.0,4.0,4.375
Quetta,2026-07-29 22:00:00+00:00,5,41.01,212.17,73.67,0.72,96.25,0.1,3.55,0.0,23.2,18,0.93,22,2,29,7,4.0,4.0,4.0,4.0,4.0,4.0,4.375
Quetta,2026-07-29 23:00:00+00:00,5,43.17,231.58,72.9,0.68,97.07,0.1,3.54,0.0,22.4,23,0.76,23,2,29,7,5.0,4.0,4.0,4.0,4.333333333333333,4.166666666666667,4.416666666666667
Quetta,2026-07-30 00:00:00+00:00,5,45.71,254.99,72.46,0.67,97.75,0.1,3.53,0.0,23.0,23,0.11,0,3,30,7,5.0,4.0,4.0,5.0,4.666666666666667,4.333333333333333,4.458333333333333
Quetta,2026-07-30 01:00:00+00:00,5,48.98,284.74,71.8,0.66,98.81,0.1,3.32,0.0,22.5,24,0.07,1,3,30,7,5.0,5.0,4.0,5.0,5.0,4.5,4.458333333333333
Quetta,2026-07-30 02:00:00+00:00,5,54.11,325.32,72.17,0.73,102.17,0.11,2.73,0.01,23.8,22,0.32,2,3,30,7,5.0,5.0,4.0,5.0,5.0,4.666666666666667,4.458333333333333
Quetta,2026-07-30 03:00:00+00:00,5,60.37,377.43,72.45,0.63,109.14,0.12,1.81,0.04,26.7,17,0.45,3,3,30,7,5.0,5.0,4.0,5.0,5.0,4.833333333333333,4.458333333333333
Quetta,2026-07-30 04:00:00+00:00,5,64.38,423.4,72.08,0.28,120.63,0.13,0.72,0.03,29.1,13,1.15,4,3,30,7,5.0,5.0,5.0,5.0,5.0,5.0,4.458333333333333
Quetta,2026-07-30 05:00:00+00:00,5,61.85,402.59,72.1,0.2,121.83,0.14,0.58,0.03,30.9,11,2.64,5,3,30,7,5.0,5.0,5.0,5.0,5.0,5.0,4.458333333333333
Quetta,2026-07-30 06:00:00+00:00,5,58.17,373.45,71.13,0.15,122.38,0.14,0.46,0.03,31.8,10,3.11,6,3,30,7,5.0,5.0,5.0,5.0,5.0,5.0,4.458333333333333
Quetta,2026-07-30 07:00:00+00:00,5,49.62,316.28,69.9,0.11,128.18,0.13,0.27,0.02,33.0,9,3.16,7,3,30,7,5.0,5.0,5.0,5.0,5.0,5.0,4.458333333333333
Quetta,2026-07-30 08:00:00+00:00,5,41.96,262.44,67.78,0.1,128.54,0.12,0.23,0.02,33.8,9,2.74,8,3,30,7,5.0,5.0,5.0,5.0,5.0,5.0,4.458333333333333
Quetta,2026-07-30 09:00:00+00:00,5,38.35,235.08,66.64,0.1,127.7,0.11,0.22,0.02,34.3,8,2.69,9,3,30,7,5.0,5.0,5.0,4.0,5.0,5.0,4.458333333333333
Quetta,2026-07-30 10:00:00+00:00,5,35.37,211.29,66.23,0.11,129.54,0.11,0.21,0.02,34.5,8,2.65,10,3,30,7,5.0,5.0,5.0,4.0,5.0,5.0,4.5
Quetta,2026-07-30 11:00:00+00:00,4,33.3,193.35,65.85,0.12,130.59,0.1,0.21,0.02,34.3,8,2.93,11,3,30,7,5.0,5.0,5.0,4.0,5.0,5.0,4.541666666666667
Quetta,2026-07-30 12:00:00+00:00,4,32.82,186.28,66.1,0.13,130.45,0.1,0.21,0.02,33.5,8,3.56,12,3,30,7,4.0,5.0,5.0,4.0,4.666666666666667,4.833333333333333,4.541666666666667
Quetta,2026-07-30 13:00:00+00:00,4,33.74,183.41,68.85,0.3,127.74,0.11,0.47,0.03,32.5,9,3.29,13,3,30,7,4.0,5.0,5.0,4.0,4.333333333333333,4.666666666666667,4.541666666666667
Quetta,2026-07-30 14:00:00+00:00,4,35.31,183.67,72.72,0.58,122.73,0.12,0.92,0.02,31.2,9,1.9,14,3,30,7,4.0,4.0,5.0,4.0,4.0,4.5,4.541666666666667
Quetta,2026-07-30 15:00:00+00:00,4,36.73,186.51,75.28,0.71,119.08,0.13,1.27,0.0,29.4,12,0.29,15,3,30,7,4.0,4.0,5.0,4.0,4.0,4.333333333333333,4.541666666666667
Quetta,2026-07-30 16:00:00+00:00,4,37.39,183.2,77.2,0.79,114.32,0.13,1.88,0.0,28.2,12,0.57,16,3,30,7,4.0,4.0,5.0,4.0,4.0,4.166666666666667,4.541666666666667
Quetta,2026-07-30 17:00:00+00:00,4,37.9,179.44,79.74,0.91,109.64,0.14,2.78,0.0,27.0,13,1.01,17,3,30,7,4.0,4.0,4.0,4.0,4.0,4.0,4.541666666666667
Quetta,2026-07-30 18:00:00+00:00,4,38.31,178.56,81.85,1.01,105.94,0.15,3.58,0.0,26.5,14,0.94,18,3,30,7,4.0,4.0,4.0,4.0,4.0,4.0,4.541666666666667
Quetta,2026-07-30 19:00:00+00:00,4,38.23,177.08,82.18,1.04,102.81,0.15,4.39,0.0,25.3,15,0.82,19,3,30,7,4.0,4.0,4.0,4.0,4.0,4.0,4.541666666666667
Quetta,2026-07-30 20:00:00+00:00,4,38.35,176.84,82.4,1.01,100.74,0.15,5.37,0.0,24.2,16,0.87,20,3,30,7,4.0,4.0,4.0,4.0,4.0,4.0,4.541666666666667
Quetta,2026-07-30 21:00:00+00:00,4,38.51,177.74,82.47,0.97,99.74,0.15,6.39,0.0,23.3,17,0.84,21,3,30,7,4.0,4.0,4.0,4.0,4.0,4.0,4.541666666666667
Quetta,2026-07-30 22:00:00+00:00,4,38.69,179.8,82.12,0.91,99.8,0.15,7.16,0.0,22.6,18,1.01,22,3,30,7,4.0,4.0,4.0,5.0,4.0,4.0,4.541666666666667
Quetta,2026-07-30 23:00:00+00:00,4,39.07,183.96,81.72,0.86,99.84,0.15,7.43,0.0,22.1,20,1.14,23,3,30,7,4.0,4.0,4.0,5.0,4.0,4.0,4.5
Quetta,2026-07-31 00:00:00+00:00,4,39.44,188.05,81.42,0.82,98.82,0.14,7.31,0.0,22.9,20,0.6,0,4,31,7,4.0,4.0,4.0,5.0,4.0,4.0,4.458333333333333
Quetta,2026-07-31 01:00:00+00:00,4,39.83,192.71,80.78,0.82,97.08,0.14,6.52,0.0,22.5,20,0.61,1,4,31,7,4.0,4.0,4.0,5.0,4.0,4.0,4.416666666666667
Quetta,2026-07-31 02:00:00+00:00,5,40.64,200.94,81.5,0.93,96.28,0.14,5.36,0.01,24.0,18,0.81,2,4,31,7,4.0,4.0,4.0,5.0,4.0,4.0,4.375
Quetta,2026-07-31 03:00:00+00:00,5,42.46,219.51,82.36,0.91,99.1,0.14,4.1,0.07,26.9,15,0.94,3,4,31,7,5.0,4.0,4.0,5.0,4.333333333333333,4.166666666666667,4.375
Quetta,2026-07-31 04:00:00+00:00,5,47.33,273.17,78.05,0.5,110.8,0.13,1.6,0.08,29.6,12,0.83,4,4,31,7,5.0,4.0,4.0,5.0,4.666666666666667,4.333333333333333,4.375
Quetta,2026-07-31 05:00:00+00:00,5,48.59,281.75,76.83,0.36,112.21,0.13,1.3,0.07,31.4,11,1.05,5,4,31,7,5.0,5.0,4.0,5.0,5.0,4.5,4.375
Quetta,2026-07-31 06:00:00+00:00,5,50.24,291.99,75.31,0.25,113.4,0.12,1.13,0.05,32.5,10,1.45,6,4,31,7,5.0,5.0,4.0,5.0,5.0,4.666666666666667,4.375
Quetta,2026-07-31 07:00:00+00:00,5,52.25,319.11,71.32,0.1,119.28,0.11,0.49,0.02,33.9,9,1.65,7,4,31,7,5.0,5.0,4.0,5.0,5.0,4.833333333333333,4.375
Quetta,2026-07-31 08:00:00+00:00,5,48.51,292.5,69.8,0.1,119.38,0.1,0.48,0.02,35.0,8,1.81,8,4,31,7,5.0,5.0,5.0,5.0,5.0,5.0,4.375
Quetta,2026-07-31 09:00:00+00:00,5,46.36,275.3,69.58,0.1,117.63,0.1,0.58,0.02,36.0,8,1.86,9,4,31,7,5.0,5.0,5.0,5.0,5.0,5.0,4.375
Quetta,2026-07-31 10:00:00+00:00,5,45.62,267.56,70.92,0.12,116.94,0.11,0.66,0.02,36.5,8,2.53,10,4,31,7,5.0,5.0,5.0,5.0,5.0,5.0,4.375
Quetta,2026-07-31 11:00:00+00:00,5,45.12,261.85,71.8,0.13,115.45,0.12,0.73,0.02,36.2,8,3.11,11,4,31,7,5.0,5.0,5.0,4.0,5.0,5.0,4.375
Quetta,2026-07-31 12:00:00+00:00,5,44.93,258.77,73.06,0.16,113.89,0.13,0.79,0.01,35.9,8,2.78,12,4,31,7,5.0,5.0,5.0,4.0,5.0,5.0,4.416666666666667
Quetta,2026-07-31 13:00:00+00:00,5,45.67,258.61,76.04,0.23,111.9,0.15,0.95,0.01,34.5,11,1.36,13,4,31,7,5.0,5.0,5.0,4.0,5.0,5.0,4.458333333333333
Quetta,2026-07-31 14:00:00+00:00,5,47.19,260.37,79.96,0.33,109.03,0.19,1.22,0.01,31.1,33,3.25,14,4,31,7,5.0,5.0,5.0,4.0,5.0,5.0,4.5
Quetta,2026-07-31 15:00:00+00:00,5,49.08,265.03,83.37,0.37,106.81,0.21,1.44,0.0,29.3,42,3.13,15,4,31,7,5.0,5.0,5.0,4.0,5.0,5.0,4.541666666666667
Quetta,2026-07-31 16:00:00+00:00,5,49.6,253.12,87.23,0.52,100.25,0.23,2.22,0.0,28.3,43,3.31,16,4,31,7,5.0,5.0,5.0,4.0,5.0,5.0,4.583333333333333
Quetta,2026-07-31 17:00:00+00:00,5,49.99,235.79,93.27,0.76,92.45,0.25,3.32,0.0,27.6,47,2.71,17,4,31,7,5.0,5.0,5.0,4.0,5.0,5.0,4.625
Quetta,2026-07-31 18:00:00+00:00,5,50.01,221.84,98.68,0.99,85.74,0.25,4.23,0.0,27.0,50,2.67,18,4,31,7,5.0,5.0,5.0,4.0,5.0,5.0,4.666666666666667
Quetta,2026-07-31 19:00:00+00:00,5,49.4,208.01,102.73,1.11,79.9,0.25,4.89,0.0,25.9,58,3.18,19,4,31,7,5.0,5.0,5.0,4.0,5.0,5.0,4.708333333333333
Quetta,2026-07-31 20:00:00+00:00,4,49.33,197.85,106.95,1.1,76.47,0.27,5.2,0.0,24.9,65,2.33,20,4,31,7,5.0,5.0,5.0,4.0,5.0,5.0,4.75
Quetta,2026-07-31 21:00:00+00:00,4,49.54,190.12,111.78,1.02,75.03,0.3,4.98,0.0,24.0,70,1.82,21,4,31,7,4.0,5.0,5.0,4.0,4.666666666666667,4.833333333333333,4.75
Quetta,2026-07-31 22:00:00+00:00,4,49.55,186.37,115.83,0.92,74.99,0.34,4.56,0.0,23.3,74,1.72,22,4,31,7,4.0,5.0,5.0,4.0,4.333333333333333,4.666666666666667,4.75
Quetta,2026-07-31 23:00:00+00:00,4,50.15,182.14,119.77,0.87,73.37,0.34,4.49,0.0,22.5,78,1.3,23,4,31,7,4.0,4.0,5.0,4.0,4.0,4.5,4.75
Quetta,2026-08-01 00:00:00+00:00,4,50.98,180.95,123.5,0.83,71.82,0.34,4.57,0.0,22.6,78,1.7,0,5,1,8,4.0,4.0,5.0,4.0,4.0,4.333333333333333,4.75
Quetta,2026-08-01 01:00:00+00:00,4,51.51,183.62,126.8,0.98,71.1,0.36,3.62,0.0,21.9,82,1.44,1,5,1,8,4.0,4.0,5.0,4.0,4.0,4.166666666666667,4.75
Quetta,2026-08-01 02:00:00+00:00,4,52.01,189.25,130.23,1.19,71.99,0.4,3.0,0.01,22.9,79,1.7,2,5,1,8,4.0,4.0,4.0,5.0,4.0,4.0,4.75
Quetta,2026-08-01 03:00:00+00:00,4,52.33,198.98,131.53,1.2,75.61,0.46,2.67,0.07,24.9,69,1.55,3,5,1,8,4.0,4.0,4.0,5.0,4.0,4.0,4.708333333333333
Quetta,2026-08-01 04:00:00+00:00,5,52.24,228.24,117.13,0.37,93.48,0.61,2.14,0.05,27.6,53,1.5,4,5,1,8,4.0,4.0,4.0,5.0,4.0,4.0,4.666666666666667
Quetta,2026-08-01 05:00:00+00:00,5,50.71,230.21,109.56,0.22,96.37,0.59,1.74,0.04,30.4,34,0.41,5,5,1,8,5.0,4.0,4.0,5.0,4.333333333333333,4.166666666666667,4.666666666666667
Quetta,2026-08-01 06:00:00+00:00,5,49.07,228.03,103.91,0.18,96.91,0.55,1.47,0.03,31.9,23,1.37,6,5,1,8,5.0,4.0,4.0,5.0,4.666666666666667,4.333333333333333,4.666666666666667
Quetta,2026-08-01 07:00:00+00:00,5,46.2,234.88,91.16,0.12,102.53,0.37,0.87,0.02,33.7,19,2.45,7,5,1,8,5.0,5.0,4.0,5.0,5.0,4.5,4.666666666666667
Quetta,2026-08-01 08:00:00+00:00,5,43.23,225.37,84.71,0.11,103.76,0.27,0.67,0.02,34.6,16,2.61,8,5,1,8,5.0,5.0,4.0,5.0,5.0,4.666666666666667,4.666666666666667
Quetta,2026-08-01 09:00:00+00:00,5,41.54,215.34,83.57,0.13,102.49,0.25,0.66,0.02,35.3,14,2.6,9,5,1,8,5.0,5.0,4.0,5.0,5.0,4.833333333333333,4.666666666666667
Quetta,2026-08-01 10:00:00+00:00,5,41.15,212.86,83.99,0.14,102.35,0.25,0.65,0.03,35.6,13,2.94,10,5,1,8,5.0,5.0,5.0,5.0,5.0,5.0,4.666666666666667
Quetta,2026-08-01 11:00:00+00:00,5,40.72,210.5,84.25,0.15,101.46,0.24,0.64,0.02,35.7,12,3.7,11,5,1,8,5.0,5.0,5.0,5.0,5.0,5.0,4.666666666666667
Quetta,2026-08-01 12:00:00+00:00,5,40.31,208.36,85.29,0.17,100.89,0.25,0.63,0.02,35.5,12,3.05,12,5,1,8,5.0,5.0,5.0,5.0,5.0,5.0,4.666666666666667
Quetta,2026-08-01 13:00:00+00:00,5,39.97,204.2,87.72,0.25,99.59,0.26,0.64,0.02,34.7,14,2.83,13,5,1,8,5.0,5.0,5.0,5.0,5.0,5.0,4.666666666666667
Quetta,2026-08-01 14:00:00+00:00,5,40.0,200.59,90.85,0.4,98.0,0.26,0.64,0.01,33.7,15,2.16,14,5,1,8,5.0,5.0,5.0,5.0,5.0,5.0,4.666666666666667
Quetta,2026-08-01 15:00:00+00:00,4,40.4,199.69,92.69,0.5,96.49,0.25,0.63,0.0,31.5,17,1.05,15,5,1,8,5.0,5.0,5.0,5.0,5.0,5.0,4.666666666666667
Quetta,2026-08-01 16:00:00+00:00,4,40.33,193.22,97.84,0.69,93.57,0.27,0.73,0.0,28.3,45,3.18,16,5,1,8,4.0,5.0,5.0,5.0,4.666666666666667,4.833333333333333,4.625
Quetta,2026-08-01 17:00:00+00:00,4,40.58,187.33,105.82,0.93,91.02,0.3,0.89,0.0,25.4,66,3.62,17,5,1,8,4.0,5.0,5.0,5.0,4.333333333333333,4.666666666666667,4.583333333333333
Quetta,2026-08-01 18:00:00+00:00,4,41.41,184.96,111.64,1.13,89.22,0.3,1.02,0.0,25.0,68,2.23,18,5,1,8,4.0,4.0,5.0,5.0,4.0,4.5,4.541666666666667
Quetta,2026-08-01 19:00:00+00:00,4,42.14,182.31,115.86,1.28,87.24,0.29,1.11,0.0,24.4,70,2.63,19,5,1,8,4.0,4.0,5.0,5.0,4.0,4.333333333333333,4.5
Quetta,2026-08-01 20:00:00+00:00,4,43.14,181.38,120.21,1.36,86.0,0.28,1.2,0.0,24.3,71,2.17,20,5,1,8,4.0,4.0,5.0,4.0,4.0,4.166666666666667,4.458333333333333
Quetta,2026-08-01 21:00:00+00:00,4,43.93,181.28,123.58,1.39,85.12,0.27,1.25,0.0,24.3,71,1.87,21,5,1,8,4.0,4.0,4.0,4.0,4.0,4.0,4.458333333333333
Quetta,2026-08-01 22:00:00+00:00,4,44.32,183.15,122.09,1.36,83.54,0.23,1.09,0.0,24.2,72,2.01,22,5,1,8,4.0,4.0,4.0,4.0,4.0,4.0,4.458333333333333
Quetta,2026-08-01 23:00:00+00:00,4,44.91,187.08,119.79,1.36,82.82,0.21,0.96,0.0,23.8,73,1.9,23,5,1,8,4.0,4.0,4.0,4.0,4.0,4.0,4.458333333333333
Quetta,2026-08-02 00:00:00+00:00,4,45.13,190.56,117.62,1.39,82.14,0.2,0.91,0.0,24.5,72,1.22,0,6,2,8,4.0,4.0,4.0,4.0,4.0,4.0,4.458333333333333
Quetta,2026-08-02 01:00:00+00:00,4,44.83,191.78,114.75,1.43,80.67,0.19,0.87,0.0,23.3,78,0.92,1,6,2,8,4.0,4.0,4.0,4.0,4.0,4.0,4.458333333333333
Quetta,2026-08-02 02:00:00+00:00,4,44.82,196.04,111.27,1.47,80.19,0.18,0.79,0.01,23.8,76,1.3,2,6,2,8,4.0,4.0,4.0,4.0,4.0,4.0,4.458333333333333
Quetta,2026-08-02 03:00:00+00:00,5,44.87,206.6,106.1,1.23,82.77,0.18,0.66,0.11,26.2,62,0.85,3,6,2,8,4.0,4.0,4.0,4.0,4.0,4.0,4.458333333333333
Quetta,2026-08-02 04:00:00+00:00,5,45.17,225.28,92.57,0.51,92.24,0.16,0.34,0.08,29.3,38,0.25,4,6,2,8,5.0,4.0,4.0,5.0,4.333333333333333,4.166666666666667,4.5
Quetta,2026-08-02 05:00:00+00:00,5,44.28,222.14,89.7,0.35,92.89,0.15,0.33,0.07,31.7,23,1.39,5,6,2,8,5.0,4.0,4.0,5.0,4.666666666666667,4.333333333333333,4.5
Quetta,2026-08-02 06:00:00+00:00,5,43.28,217.94,88.0,0.26,93.65,0.14,0.34,0.06,32.7,19,1.35,6,6,2,8,5.0,5.0,4.0,5.0,5.0,4.5,4.5
Quetta,2026-08-02 07:00:00+00:00,5,39.8,212.05,83.42,0.12,99.23,0.12,0.23,0.02,34.3,16,1.97,7,6,2,8,5.0,5.0,4.0,5.0,5.0,4.666666666666667,4.5
Quetta,2026-08-02 08:00:00+00:00,4,36.71,193.98,82.46,0.11,99.41,0.12,0.22,0.02,35.4,13,2.59,8,6,2,8,5.0,5.0,4.0,5.0,5.0,4.833333333333333,4.5
Quetta,2026-08-02 09:00:00+00:00,4,35.27,184.05,83.66,0.12,98.61,0.13,0.23,0.02,36.3,11,3.47,9,6,2,8,4.0,5.0,5.0,5.0,4.666666666666667,4.833333333333333,4.458333333333333
Quetta,2026-08-02 10:00:00+00:00,4,35.06,181.86,85.22,0.14,98.66,0.15,0.23,0.02,36.7,11,3.3,10,6,2,8,4.0,5.0,5.0,5.0,4.333333333333333,4.666666666666667,4.416666666666667
Quetta,2026-08-02 11:00:00+00:00,4,35.02,180.86,87.77,0.14,97.89,0.17,0.24,0.02,36.3,11,1.66,11,6,2,8,4.0,4.0,5.0,5.0,4.0,4.5,4.375
Quetta,2026-08-02 12:00:00+00:00,4,34.92,179.15,92.83,0.16,97.23,0.2,0.24,0.02,35.8,11,2.55,12,6,2,8,4.0,4.0,5.0,5.0,4.0,4.333333333333333,4.333333333333333
Quetta,2026-08-02 13:00:00+00:00,4,34.41,175.05,99.83,0.22,96.5,0.23,0.25,0.01,34.2,12,1.38,13,6,2,8,4.0,4.0,5.0,5.0,4.0,4.166666666666667,4.291666666666667
Quetta,2026-08-02 14:00:00+00:00,4,34.29,173.05,106.31,0.32,95.98,0.25,0.27,0.0,31.7,23,1.66,14,6,2,8,4.0,4.0,4.0,5.0,4.0,4.0,4.25
Quetta,2026-08-02 15:00:00+00:00,4,34.45,173.27,109.84,0.39,95.65,0.24,0.27,0.0,28.1,51,3.97,15,6,2,8,4.0,4.0,4.0,4.0,4.0,4.0,4.208333333333333
Quetta,2026-08-02 16:00:00+00:00,4,34.63,167.83,119.21,0.57,93.15,0.26,0.37,0.0,25.9,62,3.86,16,6,2,8,4.0,4.0,4.0,4.0,4.0,4.0,4.208333333333333
Quetta,2026-08-02 17:00:00+00:00,4,35.32,163.66,129.73,0.82,90.76,0.28,0.49,0.0,25.4,64,3.56,17,6,2,8,4.0,4.0,4.0,4.0,4.0,4.0,4.208333333333333
Quetta,2026-08-02 18:00:00+00:00,4,36.07,162.05,132.84,1.01,88.99,0.25,0.57,0.0,25.0,65,2.91,18,6,2,8,4.0,4.0,4.0,4.0,4.0,4.0,4.208333333333333
Quetta,2026-08-02 19:00:00+00:00,4,36.48,159.22,131.76,1.13,87.27,0.22,0.65,0.0,24.4,68,2.44,19,6,2,8,4.0,4.0,4.0,4.0,4.0,4.0,4.208333333333333
Quetta,2026-08-02 20:00:00+00:00,4,36.89,156.64,131.07,1.2,85.88,0.2,0.67,0.0,24.5,69,2.0,20,6,2,8,4.0,4.0,4.0,4.0,4.0,4.0,4.208333333333333
Quetta,2026-08-02 21:00:00+00:00,4,37.09,155.0,128.6,1.22,84.56,0.17,0.66,0.0,24.3,70,2.01,21,6,2,8,4.0,4.0,4.0,4.0,4.0,4.0,4.208333333333333
Quetta,2026-08-02 22:00:00+00:00,4,37.27,155.79,122.09,1.21,83.41,0.14,0.61,0.0,23.7,74,1.85,22,6,2,8,4.0,4.0,4.0,4.0,4.0,4.0,4.208333333333333
Quetta,2026-08-02 23:00:00+00:00,4,37.58,159.02,115.51,1.22,83.03,0.13,0.59,0.0,24.0,73,1.76,23,6,2,8,4.0,4.0,4.0,4.0,4.0,4.0,4.208333333333333
Quetta,2026-08-03 00:00:00+00:00,4,37.82,163.09,111.12,1.26,83.38,0.12,0.59,0.0,23.4,76,0.86,0,0,3,8,4.0,4.0,4.0,4.0,4.0,4.0,4.208333333333333
Quetta,2026-08-03 01:00:00+00:00,4,37.81,168.79,107.12,1.3,84.0,0.12,0.58,0.0,22.6,80,1.12,1,0,3,8,4.0,4.0,4.0,4.0,4.0,4.0,4.208333333333333
Quetta,2026-08-03 02:00:00+00:00,4,38.32,179.67,102.98,1.34,86.27,0.13,0.54,0.01,23.8,74,1.68,2,0,3,8,4.0,4.0,4.0,4.0,4.0,4.0,4.208333333333333
Quetta,2026-08-03 03:00:00+00:00,4,39.34,198.08,96.89,1.1,91.81,0.13,0.42,0.09,25.2,67,1.86,3,0,3,8,4.0,4.0,4.0,5.0,4.0,4.0,4.208333333333333
Quetta,2026-08-03 04:00:00+00:00,5,40.55,225.74,84.26,0.34,101.92,0.12,0.16,0.04,27.9,52,1.71,4,0,3,8,4.0,4.0,4.0,5.0,4.0,4.0,4.166666666666667
Quetta,2026-08-03 05:00:00+00:00,5,40.72,229.49,82.04,0.22,101.64,0.12,0.15,0.04,31.3,31,0.76,5,0,3,8,5.0,4.0,4.0,5.0,4.333333333333333,4.166666666666667,4.166666666666667
Quetta,2026-08-03 06:00:00+00:00,5,40.8,231.26,79.95,0.17,100.76,0.11,0.14,0.03,32.8,21,1.15,6,0,3,8,5.0,4.0,4.0,5.0,4.666666666666667,4.333333333333333,4.166666666666667
Quetta,2026-08-03 07:00:00+00:00,5,40.36,233.99,76.72,0.11,103.03,0.1,0.11,0.02,34.3,16,1.75,7,0,3,8,5.0,5.0,4.0,5.0,5.0,4.5,4.166666666666667
Quetta,2026-08-03 08:00:00+00:00,5,37.72,215.52,75.35,0.11,102.88,0.09,0.11,0.02,35.1,13,2.01,8,0,3,8,5.0,5.0,4.0,4.0,5.0,4.666666666666667,4.166666666666667
Quetta,2026-08-03 09:00:00+00:00,5,35.9,202.63,75.31,0.11,101.69,0.08,0.12,0.02,35.8,11,3.42,9,0,3,8,5.0,5.0,4.0,4.0,5.0,4.833333333333333,4.208333333333333
Quetta,2026-08-03 10:00:00+00:00,4,34.84,195.04,75.84,0.12,101.68,0.08,0.12,0.02,36.1,10,4.27,10,0,3,8,5.0,5.0,5.0,4.0,5.0,5.0,4.25
Quetta,2026-08-03 11:00:00+00:00,4,33.38,185.55,76.27,0.13,101.3,0.08,0.12,0.02,35.9,11,4.15,11,0,3,8,4.0,5.0,5.0,4.0,4.666666666666667,4.833333333333333,4.25
Quetta,2026-08-03 12:00:00+00:00,4,31.8,174.36,77.04,0.16,101.0,0.09,0.11,0.02,35.2,12,4.4,12,0,3,8,4.0,5.0,5.0,4.0,4.333333333333333,4.666666666666667,4.25
Quetta,2026-08-03 13:00:00+00:00,4,30.66,163.42,79.34,0.25,100.74,0.11,0.12,0.02,34.2,12,3.51,13,0,3,8,4.0,4.0,5.0,4.0,4.0,4.5,4.25
Quetta,2026-08-03 14:00:00+00:00,4,30.17,155.18,81.22,0.4,100.03,0.13,0.15,0.01,32.9,12,1.92,14,0,3,8,4.0,4.0,5.0,4.0,4.0,4.333333333333333,4.25
Quetta,2026-08-03 15:00:00+00:00,4,30.18,152.08,81.63,0.48,100.14,0.13,0.18,0.0,30.8,16,0.18,15,0,3,8,4.0,4.0,5.0,4.0,4.0,4.166666666666667,4.25
Quetta,2026-08-03 16:00:00+00:00,4,30.48,147.5,83.31,0.65,97.41,0.14,0.27,0.0,28.9,32,1.68,16,0,3,8,4.0,4.0,4.0,4.0,4.0,4.0,4.25
Quetta,2026-08-03 17:00:00+00:00,4,31.45,146.15,86.43,0.89,94.25,0.15,0.37,0.0,26.7,54,2.17,17,0,3,8,4.0,4.0,4.0,4.0,4.0,4.0,4.25
Quetta,2026-08-03 18:00:00+00:00,4,33.16,151.7,88.22,1.08,91.47,0.16,0.44,0.0,25.4,67,2.58,18,0,3,8,4.0,4.0,4.0,4.0,4.0,4.0,4.25
Quetta,2026-08-03 19:00:00+00:00,4,35.21,160.57,87.97,1.17,88.64,0.16,0.48,0.0,24.3,74,2.25,19,0,3,8,4.0,4.0,4.0,4.0,4.0,4.0,4.25
Quetta,2026-08-03 20:00:00+00:00,4,37.48,171.45,87.38,1.16,87.56,0.15,0.48,0.0,23.7,77,1.69,20,0,3,8,4.0,4.0,4.0,4.0,4.0,4.0,4.25
Quetta,2026-08-03 21:00:00+00:00,4,40.47,189.74,85.57,1.05,88.65,0.14,0.46,0.0,23.1,79,1.63,21,0,3,8,4.0,4.0,4.0,4.0,4.0,4.0,4.25
Quetta,2026-08-03 22:00:00+00:00,5,44.86,219.57,82.58,0.87,91.15,0.13,0.42,0.0,22.6,82,2.21,22,0,3,8,4.0,4.0,4.0,4.0,4.0,4.0,4.25
Quetta,2026-08-03 23:00:00+00:00,5,48.69,242.1,81.64,0.85,92.33,0.12,0.42,0.0,21.7,86,1.61,23,0,3,8,5.0,4.0,4.0,4.0,4.333333333333333,4.166666666666667,4.291666666666667
Quetta,2026-08-04 00:00:00+00:00,5,51.39,257.12,81.24,0.87,93.03,0.12,0.43,0.0,22.2,81,0.96,0,1,4,8,5.0,4.0,4.0,4.0,4.666666666666667,4.333333333333333,4.333333333333333
Quetta,2026-08-04 01:00:00+00:00,5,52.82,266.52,80.71,0.9,92.54,0.12,0.43,0.0,21.6,82,0.81,1,1,4,8,5.0,5.0,4.0,4.0,5.0,4.5,4.375
Quetta,2026-08-04 02:00:00+00:00,5,54.34,278.39,81.51,1.0,93.6,0.13,0.4,0.01,23.1,71,1.12,2,1,4,8,5.0,5.0,4.0,4.0,5.0,4.666666666666667,4.416666666666667
Quetta,2026-08-04 03:00:00+00:00,5,55.51,297.41,81.52,0.83,98.25,0.13,0.32,0.05,26.1,56,0.72,3,1,4,8,5.0,5.0,4.0,4.0,5.0,4.833333333333333,4.458333333333333
Quetta,2026-08-04 04:00:00+00:00,5,48.1,271.32,77.58,0.29,108.57,0.13,0.17,0.04,29.3,28,1.47,4,1,4,8,5.0,5.0,5.0,5.0,5.0,5.0,4.5
Quetta,2026-08-04 05:00:00+00:00,5,41.8,229.34,75.73,0.21,109.7,0.13,0.14,0.04,31.3,15,2.98,5,1,4,8,5.0,5.0,5.0,5.0,5.0,5.0,4.5
Quetta,2026-08-04 06:00:00+00:00,5,39.24,213.11,74.34,0.16,109.99,0.13,0.12,0.03,32.3,13,3.72,6,1,4,8,5.0,5.0,5.0,5.0,5.0,5.0,4.5
Quetta,2026-08-04 07:00:00+00:00,4,35.12,193.29,73.42,0.13,114.12,0.13,0.11,0.03,33.4,12,3.88,7,1,4,8,5.0,5.0,5.0,5.0,5.0,5.0,4.5
Quetta,2026-08-04 08:00:00+00:00,4,32.81,178.54,72.16,0.13,113.49,0.13,0.09,0.03,34.2,11,3.7,8,1,4,8,4.0,5.0,5.0,5.0,4.666666666666667,4.833333333333333,4.458333333333333
Quetta,2026-08-04 09:00:00+00:00,4,32.37,174.72,71.5,0.14,111.95,0.13,0.09,0.03,34.6,10,3.67,9,1,4,8,4.0,5.0,5.0,5.0,4.333333333333333,4.666666666666667,4.416666666666667
Quetta,2026-08-04 10:00:00+00:00,4,32.94,176.63,71.85,0.15,111.22,0.12,0.08,0.03,34.6,10,3.71,10,1,4,8,4.0,4.0,5.0,4.0,4.0,4.5,4.375
Quetta,2026-08-04 11:00:00+00:00,4,33.45,178.14,72.08,0.15,110.21,0.12,0.08,0.03,34.2,11,3.64,11,1,4,8,4.0,4.0,5.0,4.0,4.0,4.333333333333333,4.375
Quetta,2026-08-04 12:00:00+00:00,4,33.84,178.82,72.41,0.17,109.88,0.12,0.08,0.02,33.4,11,3.05,12,1,4,8,4.0,4.0,5.0,4.0,4.0,4.166666666666667,4.375
Quetta,2026-08-04 13:00:00+00:00,4,34.59,180.09,73.74,0.3,109.46,0.13,0.12,0.03,32.3,12,2.41,13,1,4,8,4.0,4.0,4.0,4.0,4.0,4.0,4.375
Quetta,2026-08-04 14:00:00+00:00,4,35.74,183.23,75.15,0.48,108.25,0.14,0.16,0.01,31.0,14,0.76,14,1,4,8,4.0,4.0,4.0,4.0,4.0,4.0,4.375
Quetta,2026-08-04 15:00:00+00:00,4,37.53,192.38,75.62,0.56,107.38,0.16,0.2,0.0,29.2,16,0.95,15,1,4,8,4.0,4.0,4.0,4.0,4.0,4.0,4.375
Quetta,2026-08-04 16:00:00+00:00,5,39.61,200.71,75.76,0.62,105.81,0.18,0.23,0.0,28.2,18,0.65,16,1,4,8,4.0,4.0,4.0,4.0,4.0,4.0,4.375
Quetta,2026-08-04 17:00:00+00:00,5,42.25,210.7,76.28,0.65,104.56,0.2,0.25,0.0,27.3,19,1.31,17,1,4,8,5.0,4.0,4.0,4.0,4.333333333333333,4.166666666666667,4.416666666666667
Quetta,2026-08-04 18:00:00+00:00,5,45.24,226.28,76.57,0.65,103.82,0.21,0.25,0.0,26.3,25,1.24,18,1,4,8,5.0,4.0,4.0,4.0,4.666666666666667,4.333333333333333,4.458333333333333
Quetta,2026-08-04 19:00:00+00:00,5,47.81,238.0,76.69,0.7,101.66,0.21,0.27,0.0,24.5,44,1.68,19,1,4,8,5.0,5.0,4.0,4.0,5.0,4.5,4.5
Quetta,2026-08-04 20:00:00+00:00,5,50.13,246.3,78.17,0.8,99.19,0.22,0.34,0.0,23.0,64,2.15,20,1,4,8,5.0,5.0,4.0,4.0,5.0,4.666666666666667,4.541666666666667
Quetta,2026-08-04 21:00:00+00:00,5,52.38,256.53,79.4,0.85,97.32,0.22,0.4,0.0,22.1,76,1.88,21,1,4,8,5.0,5.0,4.0,4.0,5.0,4.833333333333333,4.583333333333333
Quetta,2026-08-04 22:00:00+00:00,5,54.64,269.96,79.97,0.86,95.13,0.22,0.43,0.0,21.4,81,1.77,22,1,4,8,5.0,5.0,5.0,5.0,5.0,5.0,4.625
Quetta,2026-08-04 23:00:00+00:00,5,58.32,294.83,80.66,0.83,93.78,0.21,0.44,0.0,20.7,86,1.43,23,1,4,8,5.0,5.0,5.0,5.0,5.0,5.0,4.625
Quetta,2026-08-05 00:00:00+00:00,5,64.4,337.63,81.59,0.79,92.7,0.19,0.43,0.0,20.6,87,0.99,0,2,5,8,5.0,5.0,5.0,5.0,5.0,5.0,4.625
Quetta,2026-08-05 01:00:00+00:00,5,73.46,403.38,82.53,0.76,91.28,0.17,0.42,0.0,20.1,89,0.97,1,2,5,8,5.0,5.0,5.0,5.0,5.0,5.0,4.625
Quetta,2026-08-05 02:00:00+00:00,5,87.3,501.75,84.78,0.8,89.83,0.16,0.39,0.0,21.8,79,1.39,2,2,5,8,5.0,5.0,5.0,5.0,5.0,5.0,4.625
Quetta,2026-08-05 03:00:00+00:00,5,109.09,657.22,86.64,0.72,88.62,0.14,0.32,0.04,25.3,56,0.8,3,2,5,8,5.0,5.0,5.0,5.0,5.0,5.0,4.625
Quetta,2026-08-05 04:00:00+00:00,5,138.87,856.63,85.88,0.29,88.51,0.11,0.2,0.03,28.9,31,1.19,4,2,5,8,5.0,5.0,5.0,5.0,5.0,5.0,4.625
Quetta,2026-08-05 05:00:00+00:00,5,140.92,845.41,86.18,0.2,88.19,0.1,0.18,0.03,30.9,19,2.91,5,2,5,8,5.0,5.0,5.0,5.0,5.0,5.0,4.625
Quetta,2026-08-05 06:00:00+00:00,5,138.92,813.6,86.19,0.15,88.03,0.09,0.17,0.03,32.0,16,2.63,6,2,5,8,5.0,5.0,5.0,5.0,5.0,5.0,4.625
Quetta,2026-08-05 07:00:00+00:00,5,109.62,628.45,85.34,0.11,92.41,0.08,0.15,0.02,33.0,15,2.37,7,2,5,8,5.0,5.0,5.0,4.0,5.0,5.0,4.625
Quetta,2026-08-05 08:00:00+00:00,5,86.37,482.72,82.82,0.11,96.24,0.08,0.14,0.02,33.8,13,2.34,8,2,5,8,5.0,5.0,5.0,4.0,5.0,5.0,4.666666666666667
Quetta,2026-08-05 09:00:00+00:00,5,78.24,428.2,81.35,0.12,97.23,0.07,0.13,0.02,34.3,13,2.54,9,2,5,8,5.0,5.0,5.0,4.0,5.0,5.0,4.708333333333333
Quetta,2026-08-05 10:00:00+00:00,5,74.85,401.63,81.47,0.13,97.96,0.07,0.13,0.02,34.2,13,3.11,10,2,5,8,5.0,5.0,5.0,4.0,5.0,5.0,4.75
Quetta,2026-08-05 11:00:00+00:00,5,71.61,378.5,81.18,0.13,97.8,0.07,0.13,0.02,33.9,13,3.72,11,2,5,8,5.0,5.0,5.0,4.0,5.0,5.0,4.791666666666667
Quetta,2026-08-05 12:00:00+00:00,5,68.04,355.31,81.02,0.15,97.97,0.07,0.13,0.02,32.9,13,3.61,12,2,5,8,5.0,5.0,5.0,4.0,5.0,5.0,4.833333333333333
Quetta,2026-08-05 13:00:00+00:00,5,64.91,335.63,82.08,0.23,97.9,0.08,0.15,0.02,32.1,14,3.03,13,2,5,8,5.0,5.0,5.0,4.0,5.0,5.0,4.875
Quetta,2026-08-05 14:00:00+00:00,5,62.58,319.92,83.52,0.35,96.64,0.08,0.18,0.01,30.9,14,2.04,14,2,5,8,5.0,5.0,5.0,4.0,5.0,5.0,4.916666666666667
Quetta,2026-08-05 15:00:00+00:00,5,60.42,308.39,84.66,0.38,95.06,0.08,0.2,0.0,29.4,16,0.8,15,2,5,8,5.0,5.0,5.0,4.0,5.0,5.0,4.958333333333333
Quetta,2026-08-05 16:00:00+00:00,5,58.73,292.59,85.4,0.44,92.2,0.09,0.24,0.0,28.4,18,0.29,16,2,5,8,5.0,5.0,5.0,5.0,5.0,5.0,5.0
Quetta,2026-08-05 17:00:00+00:00,5,58.01,279.79,87.09,0.57,88.69,0.09,0.3,0.0,27.5,18,1.03,17,2,5,8,5.0,5.0,5.0,5.0,5.0,5.0,5.0
Quetta,2026-08-05 18:00:00+00:00,5,57.47,273.57,88.38,0.68,85.63,0.09,0.34,0.0,27.1,20,1.12,18,2,5,8,5.0,5.0,5.0,5.0,5.0,5.0,5.0
Quetta,2026-08-05 19:00:00+00:00,5,56.93,268.56,89.14,0.81,81.97,0.1,0.4,0.0,26.1,21,0.98,19,2,5,8,5.0,5.0,5.0,5.0,5.0,5.0,5.0
Quetta,2026-08-05 20:00:00+00:00,5,57.01,267.83,90.03,0.93,79.46,0.1,0.46,0.0,25.2,22,1.09,20,2,5,8,5.0,5.0,5.0,5.0,5.0,5.0,5.0
Quetta,2026-08-05 21:00:00+00:00,5,57.43,273.23,90.27,0.98,78.36,0.1,0.51,0.0,24.3,24,1.07,21,2,5,8,5.0,5.0,5.0,5.0,5.0,5.0,5.0
Quetta,2026-08-05 22:00:00+00:00,5,57.9,282.34,89.37,0.96,78.43,0.1,0.53,0.0,23.6,25,0.72,22,2,5,8,5.0,5.0,5.0,5.0,5.0,5.0,5.0
Quetta,2026-08-05 23:00:00+00:00,5,58.87,293.99,88.11,0.9,79.93,0.09,0.51,0.0,23.2,26,0.6,23,2,5,8,5.0,5.0,5.0,5.0,5.0,5.0,5.0
Quetta,2026-08-06 00:00:00+00:00,5,60.35,310.56,86.52,0.83,82.79,0.08,0.47,0.0,23.6,28,0.22,0,3,6,8,5.0,5.0,5.0,5.0,5.0,5.0,5.0
Quetta,2026-08-06 01:00:00+00:00,5,62.35,333.04,84.7,0.75,86.81,0.08,0.42,0.0,22.9,29,0.21,1,3,6,8,5.0,5.0,5.0,5.0,5.0,5.0,5.0
Quetta,2026-08-06 02:00:00+00:00,5,65.03,357.91,84.59,0.8,91.21,0.07,0.37,0.0,24.2,28,0.11,2,3,6,8,5.0,5.0,5.0,5.0,5.0,5.0,5.0
Quetta,2026-08-06 03:00:00+00:00,5,66.53,376.9,84.4,0.73,97.16,0.07,0.28,0.04,26.8,21,0.71,3,3,6,8,5.0,5.0,5.0,5.0,5.0,5.0,5.0
Quetta,2026-08-06 04:00:00+00:00,5,64.21,372.37,81.07,0.35,103.72,0.05,0.17,0.04,28.9,16,1.3,4,3,6,8,5.0,5.0,5.0,5.0,5.0,5.0,5.0
Quetta,2026-08-06 05:00:00+00:00,5,61.72,354.41,80.0,0.26,104.49,0.05,0.16,0.05,30.9,12,1.6,5,3,6,8,5.0,5.0,5.0,5.0,5.0,5.0,5.0
Quetta,2026-08-06 06:00:00+00:00,5,58.59,333.81,78.61,0.21,104.88,0.04,0.16,0.04,32.3,9,2.17,6,3,6,8,5.0,5.0,5.0,5.0,5.0,5.0,5.0
Quetta,2026-08-06 07:00:00+00:00,5,43.86,252.61,76.69,0.13,108.75,0.04,0.12,0.03,33.6,8,2.77,7,3,6,8,5.0,5.0,5.0,5.0,5.0,5.0,5.0
Quetta,2026-08-06 08:00:00+00:00,5,40.65,232.38,75.89,0.12,106.83,0.04,0.12,0.02,34.4,7,3.02,8,3,6,8,5.0,5.0,5.0,5.0,5.0,5.0,5.0
Quetta,2026-08-06 09:00:00+00:00,5,41.49,235.81,75.06,0.12,105.36,0.04,0.12,0.02,34.9,7,3.27,9,3,6,8,5.0,5.0,5.0,5.0,5.0,5.0,5.0
Quetta,2026-08-06 10:00:00+00:00,5,43.91,248.63,75.3,0.13,105.31,0.04,0.12,0.02,34.8,8,3.31,10,3,6,8,5.0,5.0,5.0,5.0,5.0,5.0,5.0
Quetta,2026-08-06 11:00:00+00:00,5,46.09,259.84,75.36,0.15,104.56,0.04,0.12,0.02,34.3,8,3.6,11,3,6,8,5.0,5.0,5.0,5.0,5.0,5.0,5.0
Quetta,2026-08-06 12:00:00+00:00,5,48.33,271.4,75.75,0.17,103.64,0.04,0.13,0.02,33.3,9,3.74,12,3,6,8,5.0,5.0,5.0,5.0,5.0,5.0,5.0
Quetta,2026-08-06 13:00:00+00:00,5,51.35,284.29,77.56,0.26,102.57,0.06,0.16,0.02,32.0,10,3.4,13,3,6,8,5.0,5.0,5.0,5.0,5.0,5.0,5.0
Quetta,2026-08-06 14:00:00+00:00,5,54.72,295.57,79.98,0.41,100.66,0.09,0.2,0.01,30.6,11,2.04,14,3,6,8,5.0,5.0,5.0,5.0,5.0,5.0,5.0
Quetta,2026-08-06 15:00:00+00:00,5,57.32,304.27,82.04,0.5,99.06,0.11,0.23,0.0,29.1,15,0.22,15,3,6,8,5.0,5.0,5.0,5.0,5.0,5.0,5.0
Quetta,2026-08-06 16:00:00+00:00,5,57.78,291.82,85.69,0.78,93.76,0.16,0.35,0.0,27.9,14,0.43,16,3,6,8,5.0,5.0,5.0,5.0,5.0,5.0,5.0
Quetta,2026-08-06 17:00:00+00:00,5,57.97,276.6,91.61,1.23,86.98,0.18,0.52,0.0,27.1,15,0.25,17,3,6,8,5.0,5.0,5.0,5.0,5.0,5.0,5.0
Quetta,2026-08-06 18:00:00+00:00,5,58.53,269.7,95.82,1.64,81.63,0.18,0.69,0.0,26.9,15,0.38,18,3,6,8,5.0,5.0,5.0,5.0,5.0,5.0,5.0
Quetta,2026-08-06 19:00:00+00:00,5,58.76,266.01,97.22,1.89,77.49,0.17,0.82,0.0,25.8,16,0.71,19,3,6,8,5.0,5.0,5.0,5.0,5.0,5.0,5.0
Quetta,2026-08-06 20:00:00+00:00,5,59.27,267.32,97.8,1.99,74.86,0.16,0.86,0.0,24.5,19,1.42,20,3,6,8,5.0,5.0,5.0,5.0,5.0,5.0,5.0
Quetta,2026-08-06 21:00:00+00:00,5,59.48,269.43,97.47,1.99,74.06,0.14,0.84,0.0,23.0,36,1.71,21,3,6,8,5.0,5.0,5.0,5.0,5.0,5.0,5.0
Quetta,2026-08-06 22:00:00+00:00,5,59.4,272.88,95.61,1.9,74.68,0.13,0.8,0.0,21.5,57,1.36,22,3,6,8,5.0,5.0,5.0,5.0,5.0,5.0,5.0
Quetta,2026-08-06 23:00:00+00:00,5,59.7,275.83,94.54,1.87,74.21,0.12,0.8,0.0,20.7,69,0.89,23,3,6,8,5.0,5.0,5.0,5.0,5.0,5.0,5.0
Quetta,2026-08-07 00:00:00+00:00,5,59.97,279.93,94.22,1.87,73.36,0.11,0.82,0.0,21.1,65,0.42,0,4,7,8,5.0,5.0,5.0,5.0,5.0,5.0,5.0
Quetta,2026-08-07 01:00:00+00:00,5,59.94,284.21,93.88,1.88,72.59,0.11,0.81,0.0,20.5,67,0.54,1,4,7,8,5.0,5.0,5.0,5.0,5.0,5.0,5.0
Quetta,2026-08-07 02:00:00+00:00,5,60.14,291.7,93.99,1.94,72.98,0.11,0.73,0.01,21.9,62,0.96,2,4,7,8,5.0,5.0,5.0,5.0,5.0,5.0,5.0
Quetta,2026-08-07 03:00:00+00:00,5,60.53,306.03,93.24,1.72,76.5,0.11,0.6,0.13,25.1,45,0.75,3,4,7,8,5.0,5.0,5.0,5.0,5.0,5.0,5.0
Quetta,2026-08-07 04:00:00+00:00,5,59.83,349.79,80.63,0.51,95.29,0.06,0.22,0.07,27.9,31,0.97,4,4,7,8,5.0,5.0,5.0,5.0,5.0,5.0,5.0
Quetta,2026-08-07 05:00:00+00:00,5,58.58,348.42,78.93,0.31,97.17,0.06,0.19,0.06,30.1,18,1.96,5,4,7,8,5.0,5.0,5.0,5.0,5.0,5.0,5.0
Quetta,2026-08-07 06:00:00+00:00,5,57.82,346.44,78.39,0.23,97.59,0.06,0.19,0.05,31.1,12,1.89,6,4,7,8,5.0,5.0,5.0,5.0,5.0,5.0,5.0
Quetta,2026-08-07 07:00:00+00:00,5,54.87,329.96,76.06,0.13,100.52,0.06,0.14,0.03,32.4,11,2.22,7,4,7,8,5.0,5.0,5.0,5.0,5.0,5.0,5.0
Quetta,2026-08-07 08:00:00+00:00,5,52.11,306.33,74.88,0.12,100.35,0.06,0.13,0.02,33.1,10,2.65,8,4,7,8,5.0,5.0,5.0,5.0,5.0,5.0,5.0
Quetta,2026-08-07 09:00:00+00:00,5,50.81,292.74,75.24,0.13,99.23,0.07,0.14,0.02,33.6,10,3.16,9,4,7,8,5.0,5.0,5.0,5.0,5.0,5.0,5.0
Quetta,2026-08-07 10:00:00+00:00,5,50.65,289.33,76.04,0.14,99.57,0.08,0.14,0.02,33.7,10,3.39,10,4,7,8,5.0,5.0,5.0,5.0,5.0,5.0,5.0
Quetta,2026-08-07 11:00:00+00:00,5,50.08,285.27,75.66,0.15,99.88,0.08,0.13,0.02,33.4,10,3.22,11,4,7,8,5.0,5.0,5.0,5.0,5.0,5.0,5.0
Quetta,2026-08-07 12:00:00+00:00,5,49.21,279.23,75.33,0.17,100.58,0.08,0.13,0.02,32.7,11,3.85,12,4,7,8,5.0,5.0,5.0,5.0,5.0,5.0,5.0
Quetta,2026-08-07 13:00:00+00:00,5,48.29,270.54,75.69,0.26,101.24,0.08,0.13,0.02,31.4,11,3.71,13,4,7,8,5.0,5.0,5.0,5.0,5.0,5.0,5.0
Quetta,2026-08-07 14:00:00+00:00,5,47.35,260.88,76.61,0.41,101.26,0.08,0.16,0.01,30.1,11,2.79,14,4,7,8,5.0,5.0,5.0,5.0,5.0,5.0,5.0
Quetta,2026-08-07 15:00:00+00:00,5,45.76,249.88,76.9,0.49,101.47,0.08,0.17,0.0,28.6,12,1.17,15,4,7,8,5.0,5.0,5.0,5.0,5.0,5.0,5.0
Quetta,2026-08-07 16:00:00+00:00,5,43.5,227.66,79.49,0.76,97.38,0.1,0.29,0.0,27.9,14,0.3,16,4,7,8,5.0,5.0,5.0,5.0,5.0,5.0,5.0
Quetta,2026-08-07 17:00:00+00:00,5,42.2,208.91,84.27,1.18,92.42,0.11,0.48,0.0,26.3,21,1.3,17,4,7,8,5.0,5.0,5.0,5.0,5.0,5.0,5.0
Quetta,2026-08-07 18:00:00+00:00,4,41.01,194.78,87.61,1.52,88.87,0.11,0.63,0.0,25.6,25,1.33,18,4,7,8,5.0,5.0,5.0,5.0,5.0,5.0,5.0
Quetta,2026-08-07 19:00:00+00:00,4,39.25,180.33,88.44,1.68,86.04,0.1,0.75,0.0,23.8,41,1.39,19,4,7,8,4.0,5.0,5.0,5.0,4.666666666666667,4.833333333333333,4.958333333333333
Quetta,2026-08-07 20:00:00+00:00,4,37.63,169.23,87.98,1.65,83.97,0.1,0.75,0.0,22.3,55,1.45,20,4,7,8,4.0,5.0,5.0,5.0,4.333333333333333,4.666666666666667,4.916666666666667
Quetta,2026-08-07 21:00:00+00:00,4,35.74,157.48,86.45,1.53,83.24,0.09,0.67,0.0,21.1,64,1.54,21,4,7,8,4.0,4.0,5.0,5.0,4.0,4.5,4.875
Quetta,2026-08-07 22:00:00+00:00,4,33.33,144.21,84.39,1.42,82.52,0.09,0.58,0.0,20.4,70,1.63,22,4,7,8,4.0,4.0,5.0,5.0,4.0,4.333333333333333,4.833333333333333
Quetta,2026-08-07 23:00:00+00:00,4,31.6,134.81,84.1,1.44,80.71,0.08,0.57,0.0,19.8,76,1.52,23,4,7,8,4.0,4.0,5.0,5.0,4.0,4.166666666666667,4.791666666666667
Quetta,2026-08-08 00:00:00+00:00,4,30.44,130.01,84.6,1.5,78.89,0.08,0.6,0.0,19.4,76,1.12,0,5,8,8,4.0,4.0,4.0,5.0,4.0,4.0,4.75
Quetta,2026-08-08 01:00:00+00:00,4,29.53,127.73,84.98,1.54,77.52,0.08,0.62,0.0,18.9,79,1.16,1,5,8,8,4.0,4.0,4.0,5.0,4.0,4.0,4.708333333333333
Quetta,2026-08-08 02:00:00+00:00,4,28.85,130.14,85.0,1.55,78.51,0.08,0.57,0.01,20.3,73,1.46,2,5,8,8,4.0,4.0,4.0,5.0,4.0,4.0,4.666666666666667
Quetta,2026-08-08 03:00:00+00:00,4,29.0,143.74,83.7,1.23,83.81,0.08,0.46,0.1,24.5,49,0.76,3,5,8,8,4.0,4.0,4.0,5.0,4.0,4.0,4.625
Quetta,2026-08-08 04:00:00+00:00,4,29.65,174.67,74.64,0.26,104.08,0.06,0.13,0.04,27.4,34,0.07,4,5,8,8,4.0,4.0,4.0,5.0,4.0,4.0,4.583333333333333
Quetta,2026-08-08 05:00:00+00:00,4,27.91,163.12,72.32,0.16,107.38,0.07,0.11,0.03,29.2,28,0.5,5,5,8,8,4.0,4.0,4.0,5.0,4.0,4.0,4.541666666666667
Quetta,2026-08-08 06:00:00+00:00,4,27.12,158.31,70.97,0.13,109.33,0.07,0.1,0.03,30.5,20,0.38,6,5,8,8,4.0,4.0,4.0,5.0,4.0,4.0,4.5
Quetta,2026-08-08 07:00:00+00:00,4,25.82,150.31,70.35,0.12,114.03,0.07,0.1,0.03,32.5,15,0.97,7,5,8,8,4.0,4.0,4.0,5.0,4.0,4.0,4.458333333333333
Quetta,2026-08-08 08:00:00+00:00,4,24.61,141.17,69.44,0.13,115.26,0.08,0.1,0.03,33.5,11,1.75,8,5,8,8,4.0,4.0,4.0,5.0,4.0,4.0,4.416666666666667
Quetta,2026-08-08 09:00:00+00:00,4,24.31,137.62,69.49,0.14,114.4,0.08,0.11,0.03,34.2,8,2.38,9,5,8,8,4.0,4.0,4.0,5.0,4.0,4.0,4.375
Quetta,2026-08-08 10:00:00+00:00,4,24.7,138.64,70.96,0.14,113.98,0.08,0.11,0.03,34.3,8,3.07,10,5,8,8,4.0,4.0,4.0,5.0,4.0,4.0,4.333333333333333
Quetta,2026-08-08 11:00:00+00:00,4,25.14,140.49,72.45,0.15,112.5,0.08,0.12,0.03,33.9,8,3.0,11,5,8,8,4.0,4.0,4.0,5.0,4.0,4.0,4.291666666666667
Quetta,2026-08-08 12:00:00+00:00,4,25.7,142.57,74.34,0.17,110.66,0.08,0.12,0.02,33.3,8,3.37,12,5,8,8,4.0,4.0,4.0,5.0,4.0,4.0,4.25
Quetta,2026-08-08 13:00:00+00:00,4,26.58,142.55,78.15,0.29,107.16,0.09,0.17,0.02,32.0,9,4.06,13,5,8,8,4.0,4.0,4.0,5.0,4.0,4.0,4.208333333333333
Quetta,2026-08-08 14:00:00+00:00,4,27.44,141.51,82.66,0.53,102.49,0.11,0.24,0.01,30.6,10,2.89,14,5,8,8,4.0,4.0,4.0,5.0,4.0,4.0,4.166666666666667
Quetta,2026-08-08 15:00:00+00:00,4,27.92,141.26,85.71,0.7,98.87,0.12,0.3,0.0,28.6,14,0.35,15,5,8,8,4.0,4.0,4.0,5.0,4.0,4.0,4.125
Quetta,2026-08-08 16:00:00+00:00,4,28.11,137.27,88.8,0.93,93.56,0.14,0.42,0.0,27.2,19,1.14,16,5,8,8,4.0,4.0,4.0,5.0,4.0,4.0,4.083333333333333
Quetta,2026-08-08 17:00:00+00:00,4,28.5,133.23,93.36,1.27,88.76,0.14,0.61,0.0,25.9,38,2.33,17,5,8,8,4.0,4.0,4.0,5.0,4.0,4.0,4.041666666666667
Quetta,2026-08-08 18:00:00+00:00,4,28.73,129.94,97.22,1.62,85.35,0.14,0.8,0.0,24.9,45,1.55,18,5,8,8,4.0,4.0,4.0,4.0,4.0,4.0,4.0
Quetta,2026-08-08 19:00:00+00:00,4,28.57,126.83,98.64,1.83,82.16,0.13,0.94,0.0,23.7,50,1.59,19,5,8,8,4.0,4.0,4.0,4.0,4.0,4.0,4.0
Quetta,2026-08-08 20:00:00+00:00,4,28.7,126.85,99.51,1.85,80.47,0.13,1.0,0.0,23.0,53,1.76,20,5,8,8,4.0,4.0,4.0,4.0,4.0,4.0,4.0
Quetta,2026-08-08 21:00:00+00:00,4,28.86,128.37,99.7,1.77,79.73,0.12,0.95,0.0,22.3,58,1.73,21,5,8,8,4.0,4.0,4.0,4.0,4.0,4.0,4.0
Quetta,2026-08-08 22:00:00+00:00,4,28.9,130.43,98.81,1.63,79.54,0.11,0.81,0.0,21.6,65,1.52,22,5,8,8,4.0,4.0,4.0,4.0,4.0,4.0,4.0
Quetta,2026-08-08 23:00:00+00:00,4,29.02,131.9,98.72,1.58,78.85,0.1,0.75,0.0,20.9,71,1.41,23,5,8,8,4.0,4.0,4.0,4.0,4.0,4.0,4.0
Quetta,2026-08-09 00:00:00+00:00,4,29.12,133.17,99.06,1.61,77.56,0.1,0.74,0.0,20.4,76,1.19,0,6,9,8,4.0,4.0,4.0,4.0,4.0,4.0,4.0
Quetta,2026-08-09 01:00:00+00:00,4,29.16,134.25,99.44,1.66,76.05,0.1,0.74,0.0,19.5,82,1.1,1,6,9,8,4.0,4.0,4.0,4.0,4.0,4.0,4.0
Quetta,2026-08-09 02:00:00+00:00,4,29.27,137.13,99.64,1.71,75.99,0.1,0.7,0.01,20.7,76,1.32,2,6,9,8,4.0,4.0,4.0,4.0,4.0,4.0,4.0
Quetta,2026-08-09 03:00:00+00:00,4,29.52,145.43,97.72,1.39,80.36,0.1,0.58,0.13,24.5,51,0.83,3,6,9,8,4.0,4.0,4.0,4.0,4.0,4.0,4.0
Quetta,2026-08-09 04:00:00+00:00,4,30.28,168.34,86.53,0.42,93.88,0.08,0.26,0.06,27.1,35,0.45,4,6,9,8,4.0,4.0,4.0,4.0,4.0,4.0,4.0
Quetta,2026-08-09 05:00:00+00:00,4,30.15,168.92,84.81,0.27,94.38,0.07,0.23,0.05,29.3,23,0.45,5,6,9,8,4.0,4.0,4.0,4.0,4.0,4.0,4.0
Quetta,2026-08-09 06:00:00+00:00,4,30.39,171.74,83.3,0.19,94.52,0.07,0.21,0.04,30.6,18,0.82,6,6,9,8,4.0,4.0,4.0,4.0,4.0,4.0,4.0
Quetta,2026-08-09 07:00:00+00:00,4,30.92,181.52,80.69,0.11,98.56,0.07,0.15,0.02,32.2,15,1.78,7,6,9,8,4.0,4.0,4.0,4.0,4.0,4.0,4.0
Quetta,2026-08-09 08:00:00+00:00,4,29.81,173.49,78.1,0.1,99.56,0.06,0.12,0.02,33.1,14,2.65,8,6,9,8,4.0,4.0,4.0,4.0,4.0,4.0,4.0
Quetta,2026-08-09 09:00:00+00:00,4,29.16,167.71,76.71,0.1,99.32,0.06,0.12,0.02,33.6,12,3.6,9,6,9,8,4.0,4.0,4.0,4.0,4.0,4.0,4.0
Quetta,2026-08-09 10:00:00+00:00,4,29.2,166.41,76.57,0.11,99.7,0.06,0.12,0.02,33.6,10,3.91,10,6,9,8,4.0,4.0,4.0,4.0,4.0,4.0,4.0
Quetta,2026-08-09 11:00:00+00:00,4,29.22,165.52,76.03,0.12,99.66,0.06,0.12,0.02,33.1,11,4.56,11,6,9,8,4.0,4.0,4.0,4.0,4.0,4.0,4.0
Quetta,2026-08-09 12:00:00+00:00,4,29.28,165.02,75.72,0.14,99.81,0.06,0.11,0.02,32.6,12,5.02,12,6,9,8,4.0,4.0,4.0,4.0,4.0,4.0,4.0
Quetta,2026-08-09 13:00:00+00:00,4,29.54,165.06,76.05,0.19,100.14,0.07,0.12,0.02,31.2,13,4.84,13,6,9,8,4.0,4.0,4.0,4.0,4.0,4.0,4.0
Quetta,2026-08-09 14:00:00+00:00,4,30.06,165.85,77.01,0.28,100.36,0.08,0.13,0.01,29.6,14,3.59,14,6,9,8,4.0,4.0,4.0,4.0,4.0,4.0,4.0
Quetta,2026-08-09 15:00:00+00:00,4,30.5,167.59,77.8,0.33,100.69,0.08,0.15,0.0,28.2,16,1.14,15,6,9,8,4.0,4.0,4.0,4.0,4.0,4.0,4.0
Quetta,2026-08-09 16:00:00+00:00,4,30.41,159.55,80.4,0.63,96.04,0.1,0.31,0.0,27.6,18,0.11,16,6,9,8,4.0,4.0,4.0,4.0,4.0,4.0,4.0
Quetta,2026-08-09 17:00:00+00:00,4,30.48,151.09,85.35,1.11,90.96,0.12,0.57,0.0,26.4,18,1.08,17,6,9,8,4.0,4.0,4.0,4.0,4.0,4.0,4.0
Quetta,2026-08-09 18:00:00+00:00,4,30.53,145.59,89.81,1.53,87.87,0.14,0.84,0.0,25.7,22,1.03,18,6,9,8,4.0,4.0,4.0,4.0,4.0,4.0,4.0
Quetta,2026-08-09 19:00:00+00:00,4,30.38,141.84,92.32,1.82,86.29,0.15,1.09,0.0,24.3,28,0.97,19,6,9,8,4.0,4.0,4.0,4.0,4.0,4.0,4.0
Quetta,2026-08-09 20:00:00+00:00,4,30.44,141.43,94.37,1.96,85.97,0.16,1.27,0.0,23.1,36,1.08,20,6,9,8,4.0,4.0,4.0,4.0,4.0,4.0,4.0
Quetta,2026-08-09 21:00:00+00:00,4,30.56,141.72,95.86,2.01,85.51,0.16,1.4,0.0,22.0,44,1.52,21,6,9,8,4.0,4.0,4.0,4.0,4.0,4.0,4.0
Quetta,2026-08-09 22:00:00+00:00,4,30.48,140.66,96.1,1.97,82.45,0.15,1.36,0.0,21.2,48,1.38,22,6,9,8,4.0,4.0,4.0,4.0,4.0,4.0,4.0
Quetta,2026-08-09 23:00:00+00:00,4,30.5,139.46,96.54,1.95,79.19,0.13,1.25,0.0,20.7,51,1.19,23,6,9,8,4.0,4.0,4.0,4.0,4.0,4.0,4.0
Quetta,2026-08-10 00:00:00+00:00,4,30.5,138.35,96.78,1.93,76.82,0.12,1.11,0.0,21.0,48,0.58,0,0,10,8,4.0,4.0,4.0,4.0,4.0,4.0,4.0
Quetta,2026-08-10 01:00:00+00:00,4,30.3,137.47,95.99,1.87,75.55,0.11,0.91,0.0,20.7,46,0.64,1,0,10,8,4.0,4.0,4.0,4.0,4.0,4.0,4.0
Quetta,2026-08-10 02:00:00+00:00,4,30.09,136.9,95.47,1.83,76.44,0.11,0.74,0.02,22.4,40,0.57,2,0,10,8,4.0,4.0,4.0,4.0,4.0,4.0,4.0
Quetta,2026-08-10 03:00:00+00:00,4,29.42,136.0,93.43,1.44,80.83,0.11,0.57,0.16,25.1,31,0.4,3,0,10,8,4.0,4.0,4.0,4.0,4.0,4.0,4.0
Quetta,2026-08-10 04:00:00+00:00,4,23.61,117.18,82.75,0.54,96.22,0.11,0.29,0.11,27.6,24,1.22,4,0,10,8,4.0,4.0,4.0,4.0,4.0,4.0,4.0
Quetta,2026-08-10 05:00:00+00:00,4,20.38,100.96,79.16,0.33,99.8,0.11,0.25,0.08,29.5,16,2.19,5,0,10,8,4.0,4.0,4.0,4.0,4.0,4.0,4.0
Quetta,2026-08-10 06:00:00+00:00,3,18.14,91.06,76.45,0.22,101.82,0.1,0.22,0.05,30.6,13,2.26,6,0,10,8,4.0,4.0,4.0,4.0,4.0,4.0,4.0
Quetta,2026-08-10 07:00:00+00:00,3,14.72,77.96,73.01,0.11,106.32,0.09,0.13,0.03,31.7,12,2.3,7,0,10,8,3.0,4.0,4.0,4.0,3.6666666666666665,3.8333333333333335,3.9583333333333335
Quetta,2026-08-10 08:00:00+00:00,3,13.31,70.63,72.14,0.11,106.85,0.08,0.12,0.03,32.4,11,2.18,8,0,10,8,3.0,4.0,4.0,4.0,3.333333333333333,3.6666666666666665,3.9166666666666665
Quetta,2026-08-10 09:00:00+00:00,3,12.92,68.23,72.43,0.11,105.86,0.07,0.11,0.03,33.0,10,2.1,9,0,10,8,3.0,3.0,4.0,4.0,3.0,3.5,3.875
Quetta,2026-08-10 10:00:00+00:00,3,13.01,68.52,73.73,0.12,105.13,0.07,0.11,0.03,33.2,10,2.42,10,0,10,8,3.0,3.0,4.0,4.0,3.0,3.333333333333333,3.8333333333333335
Quetta,2026-08-10 11:00:00+00:00,3,13.23,69.43,74.84,0.12,103.56,0.06,0.11,0.03,32.8,10,3.24,11,0,10,8,3.0,3.0,4.0,4.0,3.0,3.1666666666666665,3.7916666666666665
Quetta,2026-08-10 12:00:00+00:00,3,13.5,70.54,75.86,0.14,102.34,0.06,0.11,0.02,32.3,10,3.72,12,0,10,8,3.0,3.0,3.0,4.0,3.0,3.0,3.75
Quetta,2026-08-10 13:00:00+00:00,3,13.96,71.31,78.8,0.31,100.31,0.06,0.15,0.04,31.3,11,3.0,13,0,10,8,3.0,3.0,3.0,4.0,3.0,3.0,3.7083333333333335
Quetta,2026-08-10 14:00:00+00:00,3,14.52,72.06,82.78,0.6,96.87,0.07,0.22,0.02,29.8,12,1.72,14,0,10,8,3.0,3.0,3.0,4.0,3.0,3.0,3.6666666666666665
Quetta,2026-08-10 15:00:00+00:00,3,14.99,72.98,85.54,0.77,94.01,0.08,0.28,0.0,27.8,15,0.5,15,0,10,8,3.0,3.0,3.0,4.0,3.0,3.0,3.625
Quetta,2026-08-10 16:00:00+00:00,3,15.14,70.41,87.75,0.95,89.92,0.09,0.37,0.0,26.8,15,0.64,16,0,10,8,3.0,3.0,3.0,4.0,3.0,3.0,3.583333333333333
Quetta,2026-08-10 17:00:00+00:00,3,15.26,67.72,91.05,1.23,85.3,0.1,0.47,0.0,25.8,16,0.89,17,0,10,8,3.0,3.0,3.0,4.0,3.0,3.0,3.5416666666666665
Quetta,2026-08-10 18:00:00+00:00,3,15.34,66.68,93.75,1.46,81.58,0.11,0.55,0.0,26.0,19,0.61,18,0,10,8,3.0,3.0,3.0,4.0,3.0,3.0,3.5
Quetta,2026-08-10 19:00:00+00:00,3,15.33,66.13,94.95,1.59,78.51,0.11,0.61,0.0,24.9,19,0.45,19,0,10,8,3.0,3.0,3.0,4.0,3.0,3.0,3.458333333333333
Quetta,2026-08-10 20:00:00+00:00,3,15.38,65.83,95.99,1.69,76.24,0.11,0.67,0.0,23.8,21,0.59,20,0,10,8,3.0,3.0,3.0,4.0,3.0,3.0,3.4166666666666665
Quetta,2026-08-10 21:00:00+00:00,3,15.41,65.76,97.06,1.77,74.88,0.11,0.74,0.0,23.2,22,0.56,21,0,10,8,3.0,3.0,3.0,4.0,3.0,3.0,3.375
Quetta,2026-08-10 22:00:00+00:00,3,15.37,65.45,97.59,1.83,73.95,0.11,0.82,0.0,22.8,23,0.68,22,0,10,8,3.0,3.0,3.0,4.0,3.0,3.0,3.333333333333333
Quetta,2026-08-10 23:00:00+00:00,3,15.37,65.37,98.44,1.88,73.44,0.12,0.9,0.0,22.4,23,0.6,23,0,10,8,3.0,3.0,3.0,4.0,3.0,3.0,3.2916666666666665
Quetta,2026-08-11 00:00:00+00:00,3,15.41,65.47,99.34,1.94,73.42,0.12,0.97,0.0,22.4,23,0.36,0,1,11,8,3.0,3.0,3.0,4.0,3.0,3.0,3.25
Quetta,2026-08-11 01:00:00+00:00,3,15.29,65.38,99.59,1.96,73.76,0.12,0.98,0.0,22.0,24,0.25,1,1,11,8,3.0,3.0,3.0,4.0,3.0,3.0,3.208333333333333
Quetta,2026-08-11 02:00:00+00:00,3,15.16,65.04,99.78,2.03,75.69,0.12,0.87,0.02,23.0,23,0.53,2,1,11,8,3.0,3.0,3.0,4.0,3.0,3.0,3.1666666666666665
Quetta,2026-08-11 03:00:00+00:00,3,14.91,64.56,99.51,1.79,80.97,0.12,0.74,0.19,25.6,18,0.76,3,1,11,8,3.0,3.0,3.0,4.0,3.0,3.0,3.125
Quetta,2026-08-11 04:00:00+00:00,3,13.63,63.46,87.76,0.87,97.09,0.09,0.43,0.17,28.4,14,0.63,4,1,11,8,3.0,3.0,3.0,4.0,3.0,3.0,3.083333333333333
Quetta,2026-08-11 05:00:00+00:00,3,13.48,62.16,86.3,0.67,98.08,0.09,0.41,0.17,30.4,11,1.2,5,1,11,8,3.0,3.0,3.0,4.0,3.0,3.0,3.0416666666666665
Quetta,2026-08-11 06:00:00+00:00,3,13.8,62.34,85.86,0.52,98.78,0.09,0.4,0.13,31.5,11,1.72,6,1,11,8,3.0,3.0,3.0,3.0,3.0,3.0,3.0
Quetta,2026-08-11 07:00:00+00:00,3,12.58,62.39,73.64,0.14,105.75,0.06,0.14,0.03,32.7,10,1.9,7,1,11,8,3.0,3.0,3.0,3.0,3.0,3.0,3.0
Quetta,2026-08-11 08:00:00+00:00,3,11.99,59.19,71.44,0.12,105.26,0.06,0.12,0.03,33.5,9,2.03,8,1,11,8,3.0,3.0,3.0,3.0,3.0,3.0,3.0
Quetta,2026-08-11 09:00:00+00:00,3,11.88,57.96,70.73,0.12,104.45,0.06,0.13,0.03,34.2,9,2.1,9,1,11,8,3.0,3.0,3.0,3.0,3.0,3.0,3.0
Quetta,2026-08-11 10:00:00+00:00,3,11.99,57.96,70.95,0.13,104.7,0.06,0.13,0.03,34.4,9,2.42,10,1,11,8,3.0,3.0,3.0,3.0,3.0,3.0,3.0
Quetta,2026-08-11 11:00:00+00:00,3,11.96,57.55,70.57,0.14,104.47,0.06,0.13,0.03,34.2,9,2.62,11,1,11,8,3.0,3.0,3.0,3.0,3.0,3.0,3.0
Quetta,2026-08-11 12:00:00+00:00,3,11.99,57.35,70.29,0.15,104.4,0.05,0.13,0.03,33.5,9,2.91,12,1,11,8,3.0,3.0,3.0,3.0,3.0,3.0,3.0
Quetta,2026-08-11 13:00:00+00:00,3,12.24,57.57,71.05,0.24,103.86,0.06,0.15,0.03,32.5,9,3.11,13,1,11,8,3.0,3.0,3.0,3.0,3.0,3.0,3.0
Quetta,2026-08-11 14:00:00+00:00,3,12.6,57.72,72.42,0.42,102.26,0.07,0.18,0.01,31.1,10,2.88,14,1,11,8,3.0,3.0,3.0,3.0,3.0,3.0,3.0
Quetta,2026-08-11 15:00:00+00:00,3,12.8,57.94,73.45,0.54,101.0,0.08,0.21,0.0,29.1,11,1.3,15,1,11,8,3.0,3.0,3.0,3.0,3.0,3.0,3.0
Quetta,2026-08-11 16:00:00+00:00,3,12.89,56.04,75.82,0.84,96.2,0.09,0.35,0.0,28.0,12,0.64,16,1,11,8,3.0,3.0,3.0,3.0,3.0,3.0,3.0
Quetta,2026-08-11 17:00:00+00:00,3,13.02,54.22,81.03,1.32,90.64,0.11,0.57,0.0,26.9,14,0.82,17,1,11,8,3.0,3.0,3.0,3.0,3.0,3.0,3.0
Quetta,2026-08-11 18:00:00+00:00,3,13.04,53.1,85.37,1.75,86.82,0.13,0.79,0.0,26.2,18,0.93,18,1,11,8,3.0,3.0,3.0,3.0,3.0,3.0,3.0
Quetta,2026-08-11 19:00:00+00:00,3,12.96,52.5,87.65,2.02,83.82,0.13,0.96,0.0,24.6,30,1.49,19,1,11,8,3.0,3.0,3.0,3.0,3.0,3.0,3.0
Quetta,2026-08-11 20:00:00+00:00,3,12.97,52.79,89.76,2.19,81.61,0.14,1.12,0.0,22.9,45,1.68,20,1,11,8,3.0,3.0,3.0,3.0,3.0,3.0,3.0
Quetta,2026-08-11 21:00:00+00:00,3,13.02,53.07,91.98,2.34,79.61,0.14,1.29,0.0,21.5,57,1.76,21,1,11,8,3.0,3.0,3.0,3.0,3.0,3.0,3.0
Quetta,2026-08-11 22:00:00+00:00,3,13.0,53.24,93.51,2.46,77.97,0.15,1.46,0.0,20.7,62,1.83,22,1,11,8,3.0,3.0,3.0,3.0,3.0,3.0,3.0
Quetta,2026-08-11 23:00:00+00:00,3,13.03,53.77,94.94,2.52,77.27,0.15,1.6,0.0,20.3,65,1.87,23,1,11,8,3.0,3.0,3.0,3.0,3.0,3.0,3.0
Quetta,2026-08-12 00:00:00+00:00,3,13.07,54.45,96.14,2.54,76.96,0.15,1.68,0.0,19.9,65,1.41,0,2,12,8,3.0,3.0,3.0,3.0,3.0,3.0,3.0
Quetta,2026-08-12 01:00:00+00:00,3,13.04,54.82,95.92,2.53,75.86,0.15,1.53,0.0,19.4,69,1.35,1,2,12,8,3.0,3.0,3.0,3.0,3.0,3.0,3.0
Quetta,2026-08-12 02:00:00+00:00,3,13.03,55.34,96.39,2.63,75.86,0.14,1.25,0.02,20.8,65,1.16,2,2,12,8,3.0,3.0,3.0,3.0,3.0,3.0,3.0
Quetta,2026-08-12 03:00:00+00:00,3,13.05,56.16,96.69,2.32,78.75,0.13,1.01,0.25,24.1,56,0.81,3,2,12,8,3.0,3.0,3.0,3.0,3.0,3.0,3.0
Quetta,2026-08-12 04:00:00+00:00,3,12.38,58.44,81.95,1.0,98.96,0.07,0.48,0.2,27.4,37,0.81,4,2,12,8,3.0,3.0,3.0,3.0,3.0,3.0,3.0
Quetta,2026-08-12 05:00:00+00:00,3,12.49,57.55,81.48,0.74,101.85,0.07,0.44,0.18,30.3,18,1.25,5,2,12,8,3.0,3.0,3.0,3.0,3.0,3.0,3.0
Quetta,2026-08-12 06:00:00+00:00,3,13.09,58.25,82.15,0.57,104.95,0.07,0.43,0.14,31.9,12,1.89,6,2,12,8,3.0,3.0,3.0,3.0,3.0,3.0,3.0
Quetta,2026-08-12 07:00:00+00:00,3,12.52,59.29,70.66,0.16,114.04,0.04,0.14,0.03,33.3,10,1.89,7,2,12,8,3.0,3.0,3.0,3.0,3.0,3.0,3.0
Quetta,2026-08-12 08:00:00+00:00,3,12.34,56.7,69.91,0.14,113.3,0.04,0.13,0.03,34.2,9,2.1,8,2,12,8,3.0,3.0,3.0,3.0,3.0,3.0,3.0
Quetta,2026-08-12 09:00:00+00:00,3,12.49,56.14,70.0,0.14,111.65,0.04,0.14,0.03,34.9,9,2.45,9,2,12,8,3.0,3.0,3.0,3.0,3.0,3.0,3.0
Quetta,2026-08-12 10:00:00+00:00,3,12.72,56.55,70.64,0.15,111.35,0.05,0.14,0.03,35.2,9,3.02,10,2,12,8,3.0,3.0,3.0,3.0,3.0,3.0,3.0
Quetta,2026-08-12 11:00:00+00:00,3,12.64,56.15,70.72,0.16,110.89,0.04,0.14,0.03,35.1,9,3.7,11,2,12,8,3.0,3.0,3.0,3.0,3.0,3.0,3.0
Quetta,2026-08-12 12:00:00+00:00,3,12.56,55.96,70.96,0.19,110.47,0.04,0.13,0.03,34.9,9,3.58,12,2,12,8,3.0,3.0,3.0,3.0,3.0,3.0,3.0
Quetta,2026-08-12 13:00:00+00:00,3,12.7,56.05,72.35,0.3,109.3,0.05,0.15,0.02,33.9,10,1.7,13,2,12,8,3.0,3.0,3.0,3.0,3.0,3.0,3.0
Quetta,2026-08-12 14:00:00+00:00,3,13.17,56.82,74.94,0.48,107.17,0.06,0.19,0.01,31.5,18,1.46,14,2,12,8,3.0,3.0,3.0,3.0,3.0,3.0,3.0
Quetta,2026-08-12 15:00:00+00:00,3,13.66,58.44,76.85,0.59,105.61,0.06,0.22,0.0,28.9,39,2.9,15,2,12,8,3.0,3.0,3.0,3.0,3.0,3.0,3.0
Quetta,2026-08-12 16:00:00+00:00,3,14.01,58.0,79.8,0.85,100.22,0.08,0.34,0.0,27.3,46,3.34,16,2,12,8,3.0,3.0,3.0,3.0,3.0,3.0,3.0
Quetta,2026-08-12 17:00:00+00:00,3,14.51,56.96,85.66,1.28,93.82,0.09,0.52,0.0,26.4,50,2.77,17,2,12,8,3.0,3.0,3.0,3.0,3.0,3.0,3.0
Quetta,2026-08-12 18:00:00+00:00,3,14.9,55.95,91.13,1.72,87.98,0.1,0.7,0.0,25.8,53,2.38,18,2,12,8,3.0,3.0,3.0,3.0,3.0,3.0,3.0
Quetta,2026-08-12 19:00:00+00:00,3,15.17,54.52,94.66,2.04,82.7,0.11,0.86,0.0,24.9,59,2.82,19,2,12,8,3.0,3.0,3.0,3.0,3.0,3.0,3.0
Quetta,2026-08-12 20:00:00+00:00,3,15.54,54.0,97.67,2.18,78.68,0.13,0.95,0.0,23.7,65,1.41,20,2,12,8,3.0,3.0,3.0,3.0,3.0,3.0,3.0
Quetta,2026-08-12 21:00:00+00:00,3,15.9,54.06,99.74,2.2,75.58,0.16,0.97,0.0,22.6,70,1.63,21,2,12,8,3.0,3.0,3.0,3.0,3.0,3.0,3.0
Quetta,2026-08-12 22:00:00+00:00,3,16.09,54.94,99.67,2.11,73.18,0.21,0.92,0.0,21.8,73,1.87,22,2,12,8,3.0,3.0,3.0,3.0,3.0,3.0,3.0
Quetta,2026-08-12 23:00:00+00:00,3,16.33,56.93,99.63,2.02,71.35,0.25,0.85,0.0,21.1,76,1.38,23,2,12,8,3.0,3.0,3.0,3.0,3.0,3.0,3.0
Quetta,2026-08-13 00:00:00+00:00,3,16.62,59.51,99.35,1.96,70.05,0.27,0.79,0.0,20.8,82,0.68,0,3,13,8,3.0,3.0,3.0,3.0,3.0,3.0,3.0
Quetta,2026-08-13 01:00:00+00:00,3,16.94,62.87,98.45,1.89,69.92,0.28,0.72,0.0,20.5,84,0.72,1,3,13,8,3.0,3.0,3.0,3.0,3.0,3.0,3.0
Quetta,2026-08-13 02:00:00+00:00,3,17.4,67.85,97.96,1.88,71.76,0.31,0.64,0.02,21.9,75,1.19,2,3,13,8,3.0,3.0,3.0,3.0,3.0,3.0,3.0
Quetta,2026-08-13 03:00:00+00:00,3,17.95,75.28,96.93,1.61,76.58,0.34,0.54,0.17,25.3,50,0.81,3,3,13,8,3.0,3.0,3.0,3.0,3.0,3.0,3.0
Quetta,2026-08-13 04:00:00+00:00,3,18.56,88.58,83.78,0.64,93.15,0.36,0.22,0.1,28.0,39,0.6,4,3,13,8,3.0,3.0,3.0,3.0,3.0,3.0,3.0
Quetta,2026-08-13 05:00:00+00:00,3,18.83,90.27,81.73,0.43,95.47,0.32,0.21,0.09,30.5,26,0.96,5,3,13,8,3.0,3.0,3.0,3.0,3.0,3.0,3.0
Quetta,2026-08-13 06:00:00+00:00,3,19.15,91.59,79.54,0.3,97.4,0.26,0.2,0.07,31.9,19,1.26,6,3,13,8,3.0,3.0,3.0,3.0,3.0,3.0,3.0
Quetta,2026-08-13 07:00:00+00:00,3,17.35,85.8,72.33,0.13,106.27,0.11,0.09,0.03,33.3,14,2.13,7,3,13,8,3.0,3.0,3.0,3.0,3.0,3.0,3.0
Quetta,2026-08-13 08:00:00+00:00,3,15.87,77.24,70.01,0.11,107.41,0.07,0.08,0.02,34.4,12,2.39,8,3,13,8,3.0,3.0,3.0,3.0,3.0,3.0,3.0
Quetta,2026-08-13 09:00:00+00:00,3,15.6,75.01,69.47,0.12,106.12,0.06,0.09,0.03,35.1,10,2.34,9,3,13,8,3.0,3.0,3.0,3.0,3.0,3.0,3.0
Quetta,2026-08-13 10:00:00+00:00,3,15.97,76.16,70.15,0.14,105.52,0.05,0.1,0.03,35.5,11,2.44,10,3,13,8,3.0,3.0,3.0,3.0,3.0,3.0,3.0
Quetta,2026-08-13 11:00:00+00:00,3,16.47,77.82,70.71,0.18,103.73,0.05,0.11,0.03,35.4,11,2.72,11,3,13,8,3.0,3.0,3.0,3.0,3.0,3.0,3.0
Quetta,2026-08-13 12:00:00+00:00,3,17.12,79.49,72.02,0.24,102.08,0.06,0.12,0.02,35.5,11,2.34,12,3,13,8,3.0,3.0,3.0,3.0,3.0,3.0,3.0
Quetta,2026-08-13 13:00:00+00:00,3,18.09,80.8,75.7,0.48,99.62,0.09,0.17,0.02,34.2,12,0.81,13,3,13,8,3.0,3.0,3.0,3.0,3.0,3.0,3.0
Quetta,2026-08-13 14:00:00+00:00,3,19.32,83.11,80.93,0.84,96.98,0.12,0.25,0.01,31.6,21,1.73,14,3,13,8,3.0,3.0,3.0,3.0,3.0,3.0,3.0
Quetta,2026-08-13 15:00:00+00:00,3,20.41,86.1,84.02,1.05,94.84,0.13,0.32,0.0,28.5,46,3.17,15,3,13,8,3.0,3.0,3.0,3.0,3.0,3.0,3.0
Quetta,2026-08-13 16:00:00+00:00,3,21.06,87.33,85.32,1.19,91.15,0.12,0.4,0.0,26.9,52,3.08,16,3,13,8,3.0,3.0,3.0,3.0,3.0,3.0,3.0
Quetta,2026-08-13 17:00:00+00:00,3,21.89,89.14,88.38,1.39,88.07,0.12,0.49,0.0,26.0,55,1.88,17,3,13,8,3.0,3.0,3.0,3.0,3.0,3.0,3.0
Quetta,2026-08-13 18:00:00+00:00,3,22.7,91.94,91.22,1.57,86.05,0.12,0.54,0.0,25.8,56,1.81,18,3,13,8,3.0,3.0,3.0,3.0,3.0,3.0,3.0
Quetta,2026-08-13 19:00:00+00:00,3,23.15,92.53,92.21,1.67,83.97,0.11,0.56,0.0,25.0,60,1.65,19,3,13,8,3.0,3.0,3.0,3.0,3.0,3.0,3.0
Quetta,2026-08-13 20:00:00+00:00,3,23.53,92.66,92.96,1.69,81.94,0.1,0.57,0.0,23.8,65,1.54,20,3,13,8,3.0,3.0,3.0,3.0,3.0,3.0,3.0
Quetta,2026-08-13 21:00:00+00:00,3,23.82,93.7,93.2,1.68,80.17,0.1,0.59,0.0,22.8,70,1.69,21,3,13,8,3.0,3.0,3.0,3.0,3.0,3.0,3.0
Quetta,2026-08-13 22:00:00+00:00,3,24.1,95.83,92.56,1.63,78.85,0.1,0.6,0.0,22.0,75,1.57,22,3,13,8,3.0,3.0,3.0,3.0,3.0,3.0,3.0
Quetta,2026-08-13 23:00:00+00:00,3,24.44,99.23,91.91,1.59,78.58,0.1,0.6,0.0,21.3,78,0.97,23,3,13,8,3.0,3.0,3.0,3.0,3.0,3.0,3.0
Quetta,2026-08-14 00:00:00+00:00,4,24.73,102.91,91.58,1.58,78.94,0.1,0.61,0.0,21.3,76,0.61,0,4,14,8,3.0,3.0,3.0,3.0,3.0,3.0,3.0
Quetta,2026-08-14 01:00:00+00:00,4,25.01,106.88,91.27,1.58,80.29,0.11,0.61,0.0,21.1,72,0.63,1,4,14,8,4.0,3.0,3.0,3.0,3.333333333333333,3.1666666666666665,3.0416666666666665
Quetta,2026-08-14 02:00:00+00:00,4,25.24,111.37,91.58,1.62,83.43,0.12,0.57,0.01,22.8,61,0.69,2,4,14,8,4.0,3.0,3.0,3.0,3.6666666666666665,3.333333333333333,3.083333333333333
Quetta,2026-08-14 03:00:00+00:00,4,25.41,117.29,90.71,1.39,90.59,0.13,0.48,0.13,26.1,42,0.82,3,4,14,8,4.0,4.0,3.0,3.0,4.0,3.5,3.125
Quetta,2026-08-14 04:00:00+00:00,4,25.46,124.75,85.26,0.81,101.64,0.13,0.31,0.15,28.9,32,0.96,4,4,14,8,4.0,4.0,3.0,3.0,4.0,3.6666666666666665,3.1666666666666665
Quetta,2026-08-14 05:00:00+00:00,4,25.51,124.41,84.04,0.59,103.49,0.13,0.3,0.13,31.5,18,1.48,5,4,14,8,4.0,4.0,3.0,3.0,4.0,3.8333333333333335,3.208333333333333
Quetta,2026-08-14 06:00:00+00:00,4,25.65,124.44,81.81,0.42,104.96,0.13,0.27,0.1,33.2,13,2.2,6,4,14,8,4.0,4.0,4.0,3.0,4.0,4.0,3.25
Quetta,2026-08-14 07:00:00+00:00,4,22.85,116.17,71.68,0.13,110.53,0.09,0.08,0.03,34.5,10,2.46,7,4,14,8,4.0,4.0,4.0,3.0,4.0,4.0,3.2916666666666665
Quetta,2026-08-14 08:00:00+00:00,4,20.8,103.83,69.37,0.11,110.01,0.07,0.07,0.02,35.2,9,2.4,8,4,14,8,4.0,4.0,4.0,3.0,4.0,4.0,3.333333333333333
Quetta,2026-08-14 09:00:00+00:00,3,20.13,98.87,68.98,0.12,108.7,0.07,0.07,0.03,35.7,8,2.35,9,4,14,8,4.0,4.0,4.0,3.0,4.0,4.0,3.375
Quetta,2026-08-14 10:00:00+00:00,3,20.12,97.83,69.63,0.13,108.49,0.07,0.07,0.03,36.0,8,2.5,10,4,14,8,3.0,4.0,4.0,3.0,3.6666666666666665,3.8333333333333335,3.375
Quetta,2026-08-14 11:00:00+00:00,3,20.22,97.44,70.11,0.14,107.51,0.07,0.07,0.02,36.0,7,3.34,11,4,14,8,3.0,4.0,4.0,3.0,3.333333333333333,3.6666666666666665,3.375
Quetta,2026-08-14 12:00:00+00:00,3,20.5,97.85,70.75,0.17,106.68,0.08,0.07,0.02,35.4,7,3.63,12,4,14,8,3.0,3.0,4.0,3.0,3.0,3.5,3.375
Quetta,2026-08-14 13:00:00+00:00,3,20.9,95.95,73.18,0.35,104.17,0.1,0.12,0.03,34.6,7,3.47,13,4,14,8,3.0,3.0,4.0,3.0,3.0,3.333333333333333,3.375
Quetta,2026-08-14 14:00:00+00:00,3,21.36,94.12,76.94,0.69,101.28,0.13,0.24,0.01,32.7,8,1.53,14,4,14,8,3.0,3.0,4.0,3.0,3.0,3.1666666666666665,3.375
Quetta,2026-08-14 15:00:00+00:00,3,21.73,93.02,80.09,0.94,99.72,0.16,0.36,0.0,30.0,20,1.91,15,4,14,8,3.0,3.0,3.0,3.0,3.0,3.0,3.375
Quetta,2026-08-14 16:00:00+00:00,3,22.02,90.35,84.01,1.28,96.12,0.2,0.55,0.0,26.7,54,3.17,16,4,14,8,3.0,3.0,3.0,3.0,3.0,3.0,3.375
Quetta,2026-08-14 17:00:00+00:00,3,22.55,88.47,89.81,1.72,92.6,0.24,0.82,0.0,25.6,58,2.42,17,4,14,8,3.0,3.0,3.0,3.0,3.0,3.0,3.375
Quetta,2026-08-14 18:00:00+00:00,3,22.91,86.93,95.06,2.14,89.94,0.27,1.11,0.0,25.3,58,2.09,18,4,14,8,3.0,3.0,3.0,3.0,3.0,3.0,3.375
Quetta,2026-08-14 19:00:00+00:00,3,22.98,85.27,98.1,2.43,86.36,0.28,1.35,0.0,24.6,60,1.98,19,4,14,8,3.0,3.0,3.0,3.0,3.0,3.0,3.375
Quetta,2026-08-14 20:00:00+00:00,3,23.28,85.27,100.62,2.54,83.27,0.28,1.52,0.0,23.7,64,1.9,20,4,14,8,3.0,3.0,3.0,3.0,3.0,3.0,3.375
Quetta,2026-08-14 21:00:00+00:00,3,23.6,85.79,102.65,2.55,79.96,0.28,1.57,0.0,22.6,70,1.6,21,4,14,8,3.0,3.0,3.0,3.0,3.0,3.0,3.375
Quetta,2026-08-14 22:00:00+00:00,3,23.7,86.85,102.41,2.44,76.84,0.24,1.43,0.0,21.5,78,2.07,22,4,14,8,3.0,3.0,3.0,3.0,3.0,3.0,3.375
Quetta,2026-08-14 23:00:00+00:00,3,23.88,89.07,102.11,2.34,75.71,0.22,1.36,0.0,20.7,84,2.01,23,4,14,8,3.0,3.0,3.0,3.0,3.0,3.0,3.375
Quetta,2026-08-15 00:00:00+00:00,3,24.07,91.61,101.7,2.28,75.15,0.22,1.34,0.0,20.4,87,0.98,0,5,15,8,3.0,3.0,3.0,4.0,3.0,3.0,3.375
Quetta,2026-08-15 01:00:00+00:00,3,24.27,94.76,101.06,2.19,75.23,0.21,1.29,0.0,20.1,86,0.83,1,5,15,8,3.0,3.0,3.0,4.0,3.0,3.0,3.333333333333333
Quetta,2026-08-15 02:00:00+00:00,3,24.47,99.18,100.01,2.16,76.57,0.19,1.1,0.02,21.8,72,1.04,2,5,15,8,3.0,3.0,3.0,4.0,3.0,3.0,3.2916666666666665
Quetta,2026-08-15 03:00:00+00:00,4,24.74,105.97,98.49,1.82,82.2,0.18,0.89,0.19,25.8,44,0.96,3,5,15,8,3.0,3.0,3.0,4.0,3.0,3.0,3.25
Quetta,2026-08-15 04:00:00+00:00,4,23.56,113.78,82.3,0.71,105.56,0.12,0.39,0.13,28.4,35,0.68,4,5,15,8,4.0,3.0,3.0,4.0,3.333333333333333,3.1666666666666665,3.25
Quetta,2026-08-15 05:00:00+00:00,4,22.71,108.08,80.63,0.49,107.93,0.11,0.34,0.11,31.0,22,1.15,5,5,15,8,4.0,3.0,3.0,4.0,3.6666666666666665,3.333333333333333,3.25
Quetta,2026-08-15 06:00:00+00:00,4,22.87,105.73,80.42,0.37,108.27,0.11,0.32,0.09,32.5,15,1.5,6,5,15,8,4.0,4.0,3.0,4.0,4.0,3.5,3.25
Quetta,2026-08-15 07:00:00+00:00,4,21.98,105.66,71.87,0.12,111.6,0.09,0.09,0.03,34.0,12,2.21,7,5,15,8,4.0,4.0,3.0,4.0,4.0,3.6666666666666665,3.25
Quetta,2026-08-15 08:00:00+00:00,4,21.45,101.26,70.55,0.11,110.14,0.09,0.06,0.02,34.8,10,2.67,8,5,15,8,4.0,4.0,3.0,4.0,4.0,3.8333333333333335,3.25
Quetta,2026-08-15 09:00:00+00:00,3,21.3,98.48,70.33,0.12,107.94,0.11,0.05,0.03,35.5,9,3.15,9,5,15,8,4.0,4.0,4.0,3.0,4.0,4.0,3.25
Quetta,2026-08-15 10:00:00+00:00,3,21.49,98.25,70.66,0.13,107.18,0.13,0.05,0.03,35.9,9,3.42,10,5,15,8,3.0,4.0,4.0,3.0,3.6666666666666665,3.8333333333333335,3.25
Quetta,2026-08-15 11:00:00+00:00,3,21.57,98.25,70.61,0.13,106.35,0.16,0.04,0.02,35.8,8,3.26,11,5,15,8,3.0,4.0,4.0,3.0,3.333333333333333,3.6666666666666665,3.25
Quetta,2026-08-15 12:00:00+00:00,3,21.74,98.88,70.63,0.15,105.96,0.19,0.03,0.02,35.3,8,3.1,12,5,15,8,3.0,3.0,4.0,3.0,3.0,3.5,3.25
Quetta,2026-08-15 13:00:00+00:00,3,22.06,98.13,72.16,0.27,104.4,0.23,0.05,0.02,34.4,8,2.06,13,5,15,8,3.0,3.0,4.0,3.0,3.0,3.333333333333333,3.25
Quetta,2026-08-15 14:00:00+00:00,3,22.57,97.54,74.92,0.52,102.21,0.25,0.11,0.01,31.9,10,0.97,14,5,15,8,3.0,3.0,4.0,3.0,3.0,3.1666666666666665,3.25
Quetta,2026-08-15 15:00:00+00:00,3,23.1,98.4,77.35,0.69,100.61,0.25,0.18,0.0,29.1,31,2.02,15,5,15,8,3.0,3.0,3.0,3.0,3.0,3.0,3.25
Quetta,2026-08-15 16:00:00+00:00,3,23.59,97.57,80.07,0.93,96.36,0.27,0.28,0.0,26.3,61,2.63,16,5,15,8,3.0,3.0,3.0,3.0,3.0,3.0,3.25
Quetta,2026-08-15 17:00:00+00:00,3,24.29,97.1,83.67,1.19,92.27,0.28,0.39,0.0,24.9,69,2.22,17,5,15,8,3.0,3.0,3.0,3.0,3.0,3.0,3.25
Quetta,2026-08-15 18:00:00+00:00,3,24.73,96.28,86.14,1.36,89.6,0.27,0.47,0.0,24.5,71,1.74,18,5,15,8,3.0,3.0,3.0,3.0,3.0,3.0,3.25
Quetta,2026-08-15 19:00:00+00:00,3,24.65,93.97,86.62,1.4,86.54,0.26,0.54,0.0,23.6,74,1.88,19,5,15,8,3.0,3.0,3.0,3.0,3.0,3.0,3.25
Quetta,2026-08-15 20:00:00+00:00,3,24.8,92.98,87.25,1.38,83.65,0.25,0.53,0.0,22.9,76,2.07,20,5,15,8,3.0,3.0,3.0,3.0,3.0,3.0,3.25
Quetta,2026-08-15 21:00:00+00:00,3,25.26,95.31,87.23,1.29,81.71,0.24,0.48,0.0,22.0,82,1.98,21,5,15,8,3.0,3.0,3.0,3.0,3.0,3.0,3.25
Quetta,2026-08-15 22:00:00+00:00,4,26.24,103.92,85.16,1.06,81.81,0.22,0.37,0.0,21.1,87,1.66,22,5,15,8,3.0,3.0,3.0,3.0,3.0,3.0,3.25
Quetta,2026-08-15 23:00:00+00:00,4,28.21,117.9,84.31,0.96,81.38,0.21,0.34,0.0,20.6,90,1.39,23,5,15,8,4.0,3.0,3.0,3.0,3.333333333333333,3.1666666666666665,3.2916666666666665
Quetta,2026-08-16 00:00:00+00:00,4,31.07,137.2,84.1,0.89,81.61,0.19,0.34,0.0,20.6,86,1.31,0,6,16,8,4.0,3.0,3.0,3.0,3.6666666666666665,3.333333333333333,3.333333333333333
Quetta,2026-08-16 01:00:00+00:00,4,34.01,157.24,83.58,0.81,82.87,0.17,0.34,0.0,20.5,82,0.83,1,6,16,8,4.0,4.0,3.0,3.0,4.0,3.5,3.375
Quetta,2026-08-16 02:00:00+00:00,4,36.22,173.46,83.33,0.81,84.91,0.15,0.31,0.01,21.9,71,0.68,2,6,16,8,4.0,4.0,3.0,3.0,4.0,3.6666666666666665,3.4166666666666665
Quetta,2026-08-16 03:00:00+00:00,4,37.24,183.77,82.09,0.67,88.88,0.15,0.25,0.06,25.6,53,0.67,3,6,16,8,4.0,4.0,3.0,4.0,4.0,3.8333333333333335,3.458333333333333
Quetta,2026-08-16 04:00:00+00:00,4,36.16,182.7,78.8,0.34,95.09,0.15,0.16,0.05,28.7,39,0.62,4,6,16,8,4.0,4.0,4.0,4.0,4.0,4.0,3.458333333333333
Quetta,2026-08-16 05:00:00+00:00,4,34.78,175.25,77.13,0.22,96.1,0.14,0.14,0.04,31.5,21,1.57,5,6,16,8,4.0,4.0,4.0,4.0,4.0,4.0,3.458333333333333
Quetta,2026-08-16 06:00:00+00:00,4,33.56,168.31,75.48,0.16,95.65,0.14,0.13,0.04,33.7,14,2.66,6,6,16,8,4.0,4.0,4.0,4.0,4.0,4.0,3.458333333333333
Quetta,2026-08-16 07:00:00+00:00,4,27.0,133.99,72.52,0.1,108.1,0.13,0.06,0.02,34.9,11,2.93,7,6,16,8,4.0,4.0,4.0,4.0,4.0,4.0,3.458333333333333
Quetta,2026-08-16 08:00:00+00:00,4,23.32,113.42,70.16,0.1,112.54,0.12,0.04,0.02,35.5,10,2.44,8,6,16,8,4.0,4.0,4.0,4.0,4.0,4.0,3.458333333333333
Quetta,2026-08-16 09:00:00+00:00,4,22.17,107.07,69.03,0.12,112.5,0.12,0.04,0.02,35.9,9,2.12,9,6,16,8,4.0,4.0,4.0,3.0,4.0,4.0,3.458333333333333
Quetta,2026-08-16 10:00:00+00:00,4,21.97,106.0,69.16,0.13,112.7,0.12,0.04,0.02,35.9,9,2.4,10,6,16,8,4.0,4.0,4.0,3.0,4.0,4.0,3.5
Quetta,2026-08-16 11:00:00+00:00,4,21.95,106.12,69.2,0.14,111.82,0.11,0.04,0.02,35.6,9,2.29,11,6,16,8,4.0,4.0,4.0,3.0,4.0,4.0,3.5416666666666665
Quetta,2026-08-16 12:00:00+00:00,4,22.21,107.03,69.63,0.16,110.7,0.12,0.04,0.02,34.9,9,3.12,12,6,16,8,4.0,4.0,4.0,3.0,4.0,4.0,3.583333333333333
Quetta,2026-08-16 13:00:00+00:00,4,22.73,108.2,70.95,0.23,109.26,0.13,0.06,0.02,33.7,9,3.06,13,6,16,8,4.0,4.0,4.0,3.0,4.0,4.0,3.625
Quetta,2026-08-16 14:00:00+00:00,4,23.27,108.89,72.77,0.35,107.57,0.15,0.09,0.01,32.0,10,1.29,14,6,16,8,4.0,4.0,4.0,3.0,4.0,4.0,3.6666666666666665
Quetta,2026-08-16 15:00:00+00:00,4,23.83,110.54,73.9,0.42,106.73,0.16,0.12,0.0,30.6,12,0.69,15,6,16,8,4.0,4.0,4.0,3.0,4.0,4.0,3.7083333333333335
Quetta,2026-08-16 16:00:00+00:00,4,24.62,109.77,76.39,0.66,101.96,0.17,0.25,0.0,29.6,12,1.25,16,6,16,8,4.0,4.0,4.0,3.0,4.0,4.0,3.75
Quetta,2026-08-16 17:00:00+00:00,4,25.85,110.84,80.79,1.02,96.76,0.18,0.43,0.0,28.0,25,1.95,17,6,16,8,4.0,4.0,4.0,3.0,4.0,4.0,3.7916666666666665
Quetta,2026-08-16 18:00:00+00:00,4,27.26,115.44,84.27,1.31,93.06,0.17,0.6,0.0,26.1,44,2.68,18,6,16,8,4.0,4.0,4.0,3.0,4.0,4.0,3.8333333333333335
Quetta,2026-08-16 19:00:00+00:00,4,28.92,122.71,85.77,1.45,90.26,0.16,0.72,0.0,23.9,62,2.19,19,6,16,8,4.0,4.0,4.0,3.0,4.0,4.0,3.875
Quetta,2026-08-16 20:00:00+00:00,4,31.14,134.18,86.19,1.41,89.47,0.16,0.73,0.0,22.7,73,2.18,20,6,16,8,4.0,4.0,4.0,3.0,4.0,4.0,3.9166666666666665
Quetta,2026-08-16 21:00:00+00:00,4,33.88,150.87,85.29,1.24,90.76,0.16,0.64,0.0,22.1,81,2.02,21,6,16,8,4.0,4.0,4.0,3.0,4.0,4.0,3.9583333333333335
Quetta,2026-08-16 22:00:00+00:00,4,37.63,175.16,82.79,0.93,94.25,0.15,0.47,0.0,21.5,88,1.96,22,6,16,8,4.0,4.0,4.0,4.0,4.0,4.0,4.0
Quetta,2026-08-16 23:00:00+00:00,4,40.85,192.17,81.99,0.79,96.38,0.15,0.4,0.0,20.9,91,1.83,23,6,16,8,4.0,4.0,4.0,4.0,4.0,4.0,4.0
Quetta,2026-08-17 00:00:00+00:00,5,42.97,203.43,82.04,0.74,97.96,0.15,0.38,0.0,20.5,90,1.39,0,0,17,8,4.0,4.0,4.0,4.0,4.0,4.0,4.0
Quetta,2026-08-17 01:00:00+00:00,5,43.67,209.61,82.08,0.72,98.76,0.16,0.37,0.0,20.2,84,1.13,1,0,17,8,5.0,4.0,4.0,4.0,4.333333333333333,4.166666666666667,4.041666666666667
Quetta,2026-08-17 02:00:00+00:00,5,43.9,215.52,82.75,0.79,99.4,0.17,0.34,0.0,21.8,69,1.42,2,0,17,8,5.0,4.0,4.0,4.0,4.666666666666667,4.333333333333333,4.083333333333333
Quetta,2026-08-17 03:00:00+00:00,5,43.8,221.75,83.0,0.75,100.44,0.17,0.29,0.05,25.7,48,0.82,3,0,17,8,5.0,5.0,4.0,4.0,5.0,4.5,4.125
Quetta,2026-08-17 04:00:00+00:00,5,43.3,226.59,80.4,0.45,101.84,0.17,0.21,0.06,28.7,36,0.68,4,0,17,8,5.0,5.0,4.0,4.0,5.0,4.666666666666667,4.166666666666667
Quetta,2026-08-17 05:00:00+00:00,5,42.34,222.37,78.71,0.31,100.53,0.16,0.2,0.06,31.7,18,1.52,5,0,17,8,5.0,5.0,4.0,4.0,5.0,4.833333333333333,4.208333333333333
Quetta,2026-08-17 06:00:00+00:00,5,41.07,216.24,76.46,0.23,98.48,0.15,0.18,0.05,33.4,12,1.7,6,0,17,8,5.0,5.0,5.0,4.0,5.0,5.0,4.25
Quetta,2026-08-17 07:00:00+00:00,5,37.25,203.12,71.38,0.11,106.56,0.12,0.08,0.02,34.9,10,2.55,7,0,17,8,5.0,5.0,5.0,4.0,5.0,5.0,4.291666666666667
Quetta,2026-08-17 08:00:00+00:00,4,34.24,184.4,68.91,0.11,108.98,0.11,0.06,0.02,35.6,9,2.84,8,0,17,8,5.0,5.0,5.0,4.0,5.0,5.0,4.333333333333333
Quetta,2026-08-17 09:00:00+00:00,4,33.33,178.7,67.79,0.13,108.39,0.1,0.06,0.02,36.0,8,2.52,9,0,17,8,4.0,5.0,5.0,4.0,4.666666666666667,4.833333333333333,4.333333333333333
Quetta,2026-08-17 10:00:00+00:00,4,33.44,179.06,68.11,0.15,108.19,0.1,0.07,0.01,36.3,8,2.66,10,0,17,8,4.0,5.0,5.0,4.0,4.333333333333333,4.666666666666667,4.333333333333333
Quetta,2026-08-17 11:00:00+00:00,4,33.4,179.19,68.21,0.17,107.54,0.1,0.08,0.01,36.0,8,3.23,11,0,17,8,4.0,4.0,5.0,4.0,4.0,4.5,4.333333333333333
Quetta,2026-08-17 12:00:00+00:00,4,33.6,180.32,68.42,0.19,107.23,0.11,0.08,0.01,35.0,9,4.39,12,0,17,8,4.0,4.0,5.0,4.0,4.0,4.333333333333333,4.333333333333333
Quetta,2026-08-17 13:00:00+00:00,4,33.97,175.88,70.04,0.33,104.33,0.12,0.13,0.01,33.7,9,4.76,13,0,17,8,4.0,4.0,5.0,4.0,4.0,4.166666666666667,4.333333333333333
Quetta,2026-08-17 14:00:00+00:00,4,34.61,170.66,73.11,0.59,99.69,0.14,0.21,0.0,32.5,10,3.3,14,0,17,8,4.0,4.0,4.0,4.0,4.0,4.0,4.333333333333333
Quetta,2026-08-17 15:00:00+00:00,4,35.32,169.29,75.73,0.77,96.1,0.16,0.27,0.0,30.9,11,1.26,15,0,17,8,4.0,4.0,4.0,4.0,4.0,4.0,4.333333333333333
Quetta,2026-08-17 16:00:00+00:00,4,35.81,167.06,78.27,0.99,92.29,0.16,0.36,0.0,29.3,14,0.52,16,0,17,8,4.0,4.0,4.0,4.0,4.0,4.0,4.333333333333333
Quetta,2026-08-17 17:00:00+00:00,4,36.55,166.37,81.05,1.19,90.38,0.17,0.43,0.0,27.6,26,1.54,17,0,17,8,4.0,4.0,4.0,4.0,4.0,4.0,4.333333333333333
Quetta,2026-08-17 18:00:00+00:00,4,37.42,168.8,82.38,1.27,91.18,0.16,0.46,0.0,26.6,33,1.48,18,0,17,8,4.0,4.0,4.0,4.0,4.0,4.0,4.333333333333333
Quetta,2026-08-17 19:00:00+00:00,4,37.84,171.49,81.66,1.21,93.04,0.15,0.45,0.0,24.7,46,1.54,19,0,17,8,4.0,4.0,4.0,4.0,4.0,4.0,4.333333333333333
Quetta,2026-08-17 20:00:00+00:00,4,38.34,172.29,80.31,1.07,95.38,0.14,0.41,0.0,23.6,51,1.34,20,0,17,8,4.0,4.0,4.0,4.0,4.0,4.0,4.333333333333333
Quetta,2026-08-17 21:00:00+00:00,4,38.46,173.23,77.98,0.84,99.28,0.13,0.33,0.0,23.0,52,0.93,21,0,17,8,4.0,4.0,4.0,4.0,4.0,4.0,4.333333333333333
Quetta,2026-08-17 22:00:00+00:00,4,37.95,171.93,75.52,0.63,102.62,0.13,0.27,0.0,22.6,50,0.83,22,0,17,8,4.0,4.0,4.0,4.0,4.0,4.0,4.333333333333333
Quetta,2026-08-17 23:00:00+00:00,4,37.59,167.5,75.71,0.62,102.52,0.13,0.28,0.0,22.3,49,0.72,23,0,17,8,4.0,4.0,4.0,4.0,4.0,4.0,4.333333333333333
